number,incident_state,active,reassignment_count,reopen_count,sys_mod_count,made_sla,caller_id,opened_by,opened_at,sys_created_by,sys_created_at,sys_updated_by,sys_updated_at,contact_type,location,category,subcategory,u_symptom,cmdb_ci,impact,urgency,priority,assignment_group,assigned_to,knowledge,u_priority_confirmation,notify,problem_id,rfc,vendor,caused_by,closed_code,resolved_by,resolved_at,closed_at,valid_number,valid_opened_at,valid_resolved_at,valid_priority,valid_category,valid_timestamp_order,task_duration_hours,valid_duration,is_valid
INC0000093,Closed,False,0,0,1,True,Caller 3545,Opened by  131,2016-02-29 08:56:00,?,,Updated by 908,2016-03-05 10:00:00,Phone,Location 93,Category 61,Subcategory 164,Symptom 580,?,2 - Medium,2 - Medium,3 - Moderate,Group 70,?,True,False,Do Not Notify,?,?,?,?,code 7,Resolved by 66,,2016-03-05 10:00:00,True,True,False,True,True,False,,False,False
INC0000160,Closed,False,0,0,1,True,Caller 4758,Opened by  40,2016-02-29 10:18:00,?,,Updated by 908,2016-03-05 11:00:00,Phone,Location 143,Category 53,Subcategory 271,Symptom 470,?,2 - Medium,2 - Medium,3 - Moderate,Group 70,Resolver 175,True,False,Do Not Notify,?,?,?,?,code 7,Resolved by 21,,2016-03-05 11:00:00,True,True,False,True,True,False,,False,False
INC0000199,Closed,False,0,0,1,True,Caller 4145,Opened by  301,2016-02-29 11:06:00,?,,Updated by 908,2016-03-05 12:00:00,Phone,Location 204,Category 42,Subcategory 106,Symptom 242,?,3 - Low,3 - Low,4 - Low,Group 70,Resolver 149,True,False,Do Not Notify,?,?,?,?,code 11,Resolved by 133,,2016-03-05 12:00:00,True,True,False,True,True,False,,False,False
INC0000269,Closed,False,0,0,1,True,Caller 5374,Opened by  301,2016-02-29 13:30:00,?,,Updated by 908,2016-03-05 14:00:00,Phone,Location 108,Category 26,Subcategory 175,Symptom 6,?,2 - Medium,2 - Medium,3 - Moderate,Group 70,?,True,False,Do Not Notify,?,?,?,?,code 9,Resolved by 133,,2016-03-05 14:00:00,True,True,False,True,True,False,,False,False
INC0000290,Closed,False,0,0,1,True,Caller 760,Opened by  301,2016-02-29 13:59:00,?,,Updated by 908,2016-03-05 15:00:00,Phone,Location 204,Category 45,Subcategory 223,Symptom 470,?,2 - Medium,2 - Medium,3 - Moderate,Group 70,Resolver 149,True,False,Do Not Notify,?,?,?,?,code 10,Resolved by 133,,2016-03-05 15:00:00,True,True,False,True,True,False,,False,False
INC0000323,Closed,False,0,0,1,True,Caller 3786,Opened by  55,2016-02-29 14:45:00,?,,Updated by 908,2016-03-05 15:00:00,Phone,Location 93,Category 20,Subcategory 103,Symptom 6,?,2 - Medium,2 - Medium,3 - Moderate,Group 70,?,True,False,Do Not Notify,?,?,?,?,code 4,Resolved by 27,,2016-03-05 15:00:00,True,True,False,True,True,False,,False,False
INC0000352,Closed,False,0,0,1,True,Caller 4539,Opened by  55,2016-02-29 15:27:00,?,,Updated by 908,2016-03-05 17:00:00,Phone,Location 36,Category 32,Subcategory 9,Symptom 6,?,2 - Medium,2 - Medium,3 - Moderate,Group 70,Resolver 28,True,False,Do Not Notify,?,?,?,?,code 7,Resolved by 27,,2016-03-05 17:00:00,True,True,False,True,True,False,,False,False
INC0000353,Closed,False,0,0,1,True,Caller 3056,Opened by  386,2016-02-29 15:27:00,?,,Updated by 908,2016-03-05 16:00:00,Phone,Location 51,Category 9,Subcategory 164,?,?,2 - Medium,2 - Medium,3 - Moderate,Group 70,?,True,False,Do Not Notify,?,?,?,?,code 2,Resolved by 169,,2016-03-05 16:00:00,True,True,False,True,True,False,,False,False
INC0000399,Closed,False,0,0,1,True,Caller 1297,Opened by  386,2016-02-29 17:27:00,?,,Updated by 908,2016-03-05 18:00:00,Phone,Location 161,Category 9,Subcategory 164,?,?,2 - Medium,2 - Medium,3 - Moderate,Group 70,?,True,False,Do Not Notify,?,?,?,?,code 7,Resolved by 169,,2016-03-05 18:00:00,True,True,False,True,True,False,,False,False
INC0000587,Closed,False,0,0,1,True,Caller 2488,Opened by  301,2016-03-01 10:10:00,?,,Updated by 908,2016-03-06 11:00:00,Phone,Location 108,Category 32,Subcategory 9,?,?,2 - Medium,2 - Medium,3 - Moderate,Group 70,Resolver 149,True,False,Do Not Notify,?,?,?,?,code 6,Resolved by 133,,2016-03-06 11:00:00,True,True,False,True,True,False,,False,False
INC0000604,Closed,False,0,0,1,True,Caller 4432,Opened by  301,2016-03-01 10:36:00,?,,Updated by 908,2016-03-06 11:00:00,Phone,Location 204,Category 32,Subcategory 9,?,?,2 - Medium,2 - Medium,3 - Moderate,Group 70,Resolver 149,True,False,Do Not Notify,?,?,?,?,code 9,Resolved by 133,,2016-03-06 11:00:00,True,True,False,True,True,False,,False,False
INC0000660,Closed,False,0,0,1,True,Caller 4025,Opened by  301,2016-03-01 11:49:00,?,,Updated by 908,2016-03-06 12:00:00,Phone,Location 204,Category 32,Subcategory 9,?,?,2 - Medium,2 - Medium,3 - Moderate,Group 70,Resolver 149,True,False,Do Not Notify,?,?,?,?,code 9,Resolved by 133,,2016-03-06 12:00:00,True,True,False,True,True,False,,False,False
INC0000682,Closed,False,0,0,1,True,Caller 2868,Opened by  55,2016-03-01 12:19:00,?,,Updated by 908,2016-03-06 13:00:00,Phone,Location 204,Category 32,Subcategory 9,?,?,2 - Medium,2 - Medium,3 - Moderate,Group 70,Resolver 28,True,False,Do Not Notify,?,?,?,?,code 9,Resolved by 27,,2016-03-06 13:00:00,True,True,False,True,True,False,,False,False
INC0000686,Closed,False,0,0,1,True,Caller 72,Opened by  301,2016-03-01 12:27:00,?,,Updated by 908,2016-03-06 13:00:00,Phone,Location 93,Category 32,Subcategory 9,?,?,2 - Medium,2 - Medium,3 - Moderate,Group 70,Resolver 149,True,False,Do Not Notify,?,?,?,?,code 9,Resolved by 133,,2016-03-06 13:00:00,True,True,False,True,True,False,,False,False
INC0000730,Closed,False,0,0,1,True,Caller 3747,Opened by  55,2016-03-01 13:25:00,?,,Updated by 908,2016-03-06 14:00:00,Phone,Location 204,Category 45,Subcategory 223,Symptom 470,?,2 - Medium,2 - Medium,3 - Moderate,Group 70,Resolver 28,True,False,Do Not Notify,?,?,?,?,code 1,Resolved by 27,,2016-03-06 14:00:00,True,True,False,True,True,False,,False,False
INC0000753,Closed,False,0,0,1,True,Caller 4022,Opened by  221,2016-03-01 14:20:00,?,,Updated by 908,2016-03-06 15:00:00,Phone,Location 39,Category 32,Subcategory 9,Symptom 4,?,2 - Medium,2 - Medium,3 - Moderate,Group 70,?,True,False,Do Not Notify,?,?,?,?,code 7,Resolved by 103,,2016-03-06 15:00:00,True,True,False,True,True,False,,False,False
INC0000941,Closed,False,0,0,1,True,Caller 4549,Opened by  305,2016-03-01 23:06:00,?,,Updated by 908,2016-03-07 00:00:00,Phone,Location 143,Category 32,Subcategory 9,?,?,2 - Medium,2 - Medium,3 - Moderate,Group 70,?,True,False,Do Not Notify,?,?,?,?,code 7,Resolved by 134,,2016-03-07 00:00:00,True,True,False,True,True,False,,False,False
INC0001097,Closed,False,0,0,1,True,Caller 92,Opened by  301,2016-03-02 10:07:00,?,,Updated by 908,2016-03-07 11:00:00,Phone,Location 204,Category 20,Subcategory 125,?,?,2 - Medium,2 - Medium,3 - Moderate,Group 70,Resolver 149,True,False,Do Not Notify,?,?,?,?,code 9,Resolved by 133,,2016-03-07 11:00:00,True,True,False,True,True,False,,False,False
INC0001114,Closed,False,0,0,1,True,Caller 567,Opened by  301,2016-03-02 10:26:00,?,,Updated by 908,2016-03-07 11:00:00,Phone,Location 143,Category 53,Subcategory 303,?,?,2 - Medium,2 - Medium,3 - Moderate,Group 70,Resolver 149,True,False,Do Not Notify,?,?,?,?,code 1,Resolved by 133,,2016-03-07 11:00:00,True,True,False,True,True,False,,False,False
INC0001119,Closed,False,0,0,1,True,Caller 2444,Opened by  40,2016-03-02 10:35:00,?,,Updated by 908,2016-03-07 11:00:00,Phone,Location 161,Category 37,Subcategory 135,Symptom 87,?,2 - Medium,2 - Medium,3 - Moderate,Group 70,?,True,False,Do Not Notify,?,?,?,?,code 7,Resolved by 21,,2016-03-07 11:00:00,True,True,False,True,True,False,,False,False
INC0001137,Closed,False,0,0,4,True,Caller 742,Opened by  40,2016-03-02 10:48:00,?,,Updated by 908,2016-03-07 13:00:00,Phone,Location 51,Category 53,Subcategory 271,?,?,2 - Medium,2 - Medium,3 - Moderate,Group 70,?,True,False,Do Not Notify,?,?,?,?,code 7,Resolved by 21,,2016-03-07 13:00:00,True,True,False,True,True,False,,False,False
INC0001151,Closed,False,0,0,1,True,Caller 4021,Opened by  301,2016-03-02 11:04:00,?,,Updated by 908,2016-03-07 12:00:00,Phone,Location 204,Category 32,Subcategory 9,?,?,2 - Medium,2 - Medium,3 - Moderate,Group 70,Resolver 149,True,False,Do Not Notify,?,?,?,?,code 9,Resolved by 133,,2016-03-07 12:00:00,True,True,False,True,True,False,,False,False
INC0001176,Closed,False,0,0,1,True,Caller 5104,Opened by  301,2016-03-02 11:20:00,?,,Updated by 908,2016-03-07 12:00:00,Phone,Location 51,Category 32,Subcategory 9,?,?,2 - Medium,2 - Medium,3 - Moderate,Group 70,Resolver 149,True,False,Do Not Notify,?,?,?,?,code 9,Resolved by 133,,2016-03-07 12:00:00,True,True,False,True,True,False,,False,False
INC0001275,Closed,False,0,0,1,True,Caller 4350,Opened by  55,2016-03-02 12:37:00,?,,Updated by 908,2016-03-07 14:00:00,Phone,Location 93,Category 23,Subcategory 3,Symptom 4,?,2 - Medium,2 - Medium,3 - Moderate,Group 70,Resolver 28,True,False,Do Not Notify,?,?,?,?,code 8,Resolved by 27,,2016-03-07 14:00:00,True,True,False,True,True,False,,False,False
INC0001294,Closed,False,0,0,1,True,Caller 2906,Opened by  301,2016-03-02 13:05:00,?,,Updated by 908,2016-03-07 14:00:00,Phone,Location 161,Category 20,Subcategory 125,?,?,2 - Medium,2 - Medium,3 - Moderate,Group 70,Resolver 149,True,False,Do Not Notify,?,?,?,?,code 9,Resolved by 133,,2016-03-07 14:00:00,True,True,False,True,True,False,,False,False
INC0001298,Closed,False,0,0,1,True,Caller 1205,Opened by  55,2016-03-02 13:12:00,?,,Updated by 908,2016-03-07 14:00:00,Phone,Location 143,Category 26,Subcategory 175,Symptom 4,?,2 - Medium,2 - Medium,3 - Moderate,Group 70,Resolver 28,True,False,Do Not Notify,?,?,?,?,code 16,Resolved by 27,,2016-03-07 14:00:00,True,True,False,True,True,False,,False,False
INC0001308,Closed,False,0,0,1,True,Caller 410,Opened by  301,2016-03-02 13:38:00,?,,Updated by 908,2016-03-07 14:00:00,Phone,Location 51,Category 32,Subcategory 9,Symptom 4,?,2 - Medium,2 - Medium,3 - Moderate,Group 70,Resolver 149,True,False,Do Not Notify,?,?,?,?,code 9,Resolved by 133,,2016-03-07 14:00:00,True,True,False,True,True,False,,False,False
INC0001335,Closed,False,0,0,1,True,Caller 2011,Opened by  301,2016-03-02 14:01:00,?,,Updated by 908,2016-03-07 15:00:00,Phone,Location 161,Category 20,Subcategory 125,Symptom 6,?,2 - Medium,2 - Medium,3 - Moderate,Group 70,Resolver 149,True,False,Do Not Notify,?,?,?,?,code 11,Resolved by 133,,2016-03-07 15:00:00,True,True,False,True,True,False,,False,False
INC0001344,Closed,False,0,0,1,True,Caller 1324,Opened by  301,2016-03-02 14:07:00,?,,Updated by 908,2016-03-07 15:00:00,Phone,Location 229,Category 32,Subcategory 9,Symptom 6,?,2 - Medium,2 - Medium,3 - Moderate,Group 70,?,True,False,Do Not Notify,?,?,?,?,code 9,Resolved by 133,,2016-03-07 15:00:00,True,True,False,True,True,False,,False,False
INC0001564,Closed,False,0,0,1,True,Caller 3934,Opened by  305,2016-03-02 18:09:00,?,,Updated by 908,2016-03-07 19:00:00,Phone,Location 108,Category 32,Subcategory 9,Symptom 4,?,2 - Medium,2 - Medium,3 - Moderate,Group 70,?,True,False,Do Not Notify,?,?,?,?,code 7,Resolved by 134,,2016-03-07 19:00:00,True,True,False,True,True,False,,False,False
INC0001569,Closed,False,0,0,1,True,Caller 409,Opened by  305,2016-03-02 18:26:00,?,,Updated by 908,2016-03-07 19:00:00,Phone,Location 204,Category 20,Subcategory 103,?,?,2 - Medium,2 - Medium,3 - Moderate,Group 70,?,True,False,Do Not Notify,?,?,?,?,code 7,Resolved by 134,,2016-03-07 19:00:00,True,True,False,True,True,False,,False,False
INC0001648,Closed,False,0,0,1,True,Caller 586,Opened by  180,2016-03-03 08:43:00,?,,Updated by 908,2016-03-08 09:00:00,Phone,Location 108,Category 45,Subcategory 223,?,?,2 - Medium,2 - Medium,3 - Moderate,Group 70,?,True,False,Do Not Notify,?,?,?,?,code 6,Resolved by 85,,2016-03-08 09:00:00,True,True,False,True,True,False,,False,False
INC0001755,Closed,False,0,0,1,True,Caller 4817,Opened by  301,2016-03-03 10:31:00,?,,Updated by 908,2016-03-08 11:00:00,Phone,Location 161,Category 32,Subcategory 9,Symptom 559,?,2 - Medium,2 - Medium,3 - Moderate,Group 70,Resolver 149,True,False,Do Not Notify,?,?,?,?,code 9,Resolved by 133,,2016-03-08 11:00:00,True,True,False,True,True,False,,False,False
INC0001919,Closed,False,0,0,1,True,Caller 2044,Opened by  55,2016-03-03 13:31:00,?,,Updated by 908,2016-03-08 14:00:00,Phone,Location 247,Category 32,Subcategory 9,?,?,2 - Medium,2 - Medium,3 - Moderate,Group 70,Resolver 28,True,False,Do Not Notify,?,?,?,?,code 16,Resolved by 27,,2016-03-08 14:00:00,True,True,False,True,True,False,,False,False
INC0001927,Closed,False,0,0,1,True,Caller 4415,Opened by  55,2016-03-03 13:42:00,?,,Updated by 908,2016-03-08 14:00:00,Phone,Location 93,Category 32,Subcategory 9,?,?,2 - Medium,2 - Medium,3 - Moderate,Group 70,Resolver 28,True,False,Do Not Notify,?,?,?,?,code 16,Resolved by 27,,2016-03-08 14:00:00,True,True,False,True,True,False,,False,False
INC0002159,Closed,False,0,0,1,True,Caller 2135,Opened by  402,2016-03-03 17:59:00,?,,Updated by 908,2016-03-08 19:00:00,Phone,Location 143,Category 23,Subcategory 75,Symptom 4,?,2 - Medium,2 - Medium,3 - Moderate,Group 70,?,True,False,Do Not Notify,?,?,?,?,code 7,Resolved by 175,,2016-03-08 19:00:00,True,True,False,True,True,False,,False,False
INC0002171,Closed,False,0,0,1,True,Caller 1438,Opened by  47,2016-03-03 18:44:00,?,,Updated by 908,2016-03-08 20:00:00,Phone,Location 143,Category 26,Subcategory 175,?,?,2 - Medium,2 - Medium,3 - Moderate,Group 70,?,True,False,Do Not Notify,?,?,?,?,code 6,Resolved by 24,,2016-03-08 20:00:00,True,True,False,True,True,False,,False,False
INC0002372,Closed,False,0,0,1,True,Caller 4195,Opened by  402,2016-03-04 10:26:00,?,,Updated by 908,2016-03-09 11:00:00,Phone,Location 28,Category 32,Subcategory 9,?,?,2 - Medium,2 - Medium,3 - Moderate,Group 70,?,True,False,Do Not Notify,?,?,?,?,code 7,Resolved by 175,,2016-03-09 11:00:00,True,True,False,True,True,False,,False,False
INC0002382,Closed,False,0,0,1,True,Caller 2460,Opened by  402,2016-03-04 10:34:00,?,,Updated by 908,2016-03-09 11:00:00,Phone,Location 204,Category 43,Subcategory 107,?,?,2 - Medium,2 - Medium,3 - Moderate,Group 70,?,True,False,Do Not Notify,?,?,?,?,code 7,Resolved by 175,,2016-03-09 11:00:00,True,True,False,True,True,False,,False,False
INC0002403,Closed,False,0,0,1,True,Caller 3984,Opened by  301,2016-03-04 10:56:00,?,,Updated by 908,2016-03-09 12:00:00,Phone,Location 143,Category 32,Subcategory 9,?,?,2 - Medium,2 - Medium,3 - Moderate,Group 70,Resolver 149,True,False,Do Not Notify,?,?,?,?,code 9,Resolved by 133,,2016-03-09 12:00:00,True,True,False,True,True,False,,False,False
INC0002443,Closed,False,0,0,1,True,Caller 3985,Opened by  301,2016-03-04 11:36:00,?,,Updated by 908,2016-03-09 13:00:00,Phone,Location 111,Category 32,Subcategory 9,?,?,2 - Medium,2 - Medium,3 - Moderate,Group 70,Resolver 149,True,False,Do Not Notify,?,?,?,?,code 9,Resolved by 133,,2016-03-09 13:00:00,True,True,False,True,True,False,,False,False
INC0002477,Closed,False,0,0,1,True,Caller 2719,Opened by  55,2016-03-04 12:14:00,?,,Updated by 908,2016-03-09 13:00:00,Phone,Location 55,Category 23,Subcategory 3,Symptom 308,?,2 - Medium,2 - Medium,3 - Moderate,Group 70,Resolver 28,True,False,Do Not Notify,?,?,?,?,code 6,Resolved by 27,,2016-03-09 13:00:00,True,True,False,True,True,False,,False,False
INC0002484,Closed,False,0,0,1,True,Caller 4021,Opened by  402,2016-03-04 12:35:00,?,,Updated by 908,2016-03-09 13:00:00,Phone,Location 204,Category 45,Subcategory 200,Symptom 208,?,2 - Medium,2 - Medium,3 - Moderate,Group 70,?,True,False,Do Not Notify,?,?,?,?,code 6,Resolved by 175,,2016-03-09 13:00:00,True,True,False,True,True,False,,False,False
INC0002562,Closed,False,0,0,1,True,Caller 1286,Opened by  443,2016-03-04 14:36:00,?,,Updated by 908,2016-03-09 15:00:00,Phone,Location 143,Category 45,Subcategory 200,Symptom 470,?,2 - Medium,2 - Medium,3 - Moderate,Group 70,Resolver 13,True,False,Do Not Notify,?,?,?,?,code 6,Resolved by 189,,2016-03-09 15:00:00,True,True,False,True,True,False,,False,False
INC0002582,Closed,False,0,0,1,True,Caller 2869,Opened by  402,2016-03-04 14:52:00,?,,Updated by 908,2016-03-09 15:00:00,Phone,Location 136,Category 22,Subcategory 277,?,?,2 - Medium,2 - Medium,3 - Moderate,Group 70,?,True,False,Do Not Notify,?,?,?,?,code 6,Resolved by 175,,2016-03-09 15:00:00,True,True,False,True,True,False,,False,False
INC0002596,Closed,False,0,0,1,True,Caller 618,?,2016-03-04 15:10:00,?,,Updated by 908,2016-03-09 16:00:00,Phone,Location 108,Category 45,Subcategory 200,?,?,2 - Medium,2 - Medium,3 - Moderate,Group 70,?,True,False,Do Not Notify,?,?,?,?,code 11,?,,2016-03-09 16:00:00,True,True,False,True,True,False,,False,False
INC0002662,Closed,False,0,0,1,True,Caller 5638,Opened by  55,2016-03-04 16:30:00,?,,Updated by 908,2016-03-09 17:00:00,Phone,Location 108,Category 20,Subcategory 103,?,?,2 - Medium,2 - Medium,3 - Moderate,Group 70,Resolver 28,True,False,Do Not Notify,?,?,?,?,code 6,Resolved by 27,,2016-03-09 17:00:00,True,True,False,True,True,False,,False,False
INC0002666,Closed,False,0,0,1,True,Caller 3144,Opened by  402,2016-03-04 16:37:00,?,,Updated by 908,2016-03-09 17:00:00,Phone,Location 54,Category 44,Subcategory 54,?,?,2 - Medium,2 - Medium,3 - Moderate,Group 70,?,True,False,Do Not Notify,?,?,?,?,code 6,Resolved by 175,,2016-03-09 17:00:00,True,True,False,True,True,False,,False,False
INC0002727,Closed,False,0,0,1,True,Caller 2090,Opened by  55,2016-03-04 17:35:00,?,,Updated by 908,2016-03-09 18:00:00,Phone,Location 143,Category 23,Subcategory 75,Symptom 6,?,2 - Medium,2 - Medium,3 - Moderate,Group 70,Resolver 28,True,False,Do Not Notify,?,?,?,?,code 7,Resolved by 27,,2016-03-09 18:00:00,True,True,False,True,True,False,,False,False
INC0002768,Closed,False,0,0,1,True,Caller 4217,Opened by  47,2016-03-04 21:59:00,?,,Updated by 908,2016-03-09 23:00:00,Phone,Location 179,Category 32,Subcategory 9,?,?,2 - Medium,2 - Medium,3 - Moderate,Group 70,Resolver 26,True,False,Do Not Notify,?,?,?,?,code 6,Resolved by 24,,2016-03-09 23:00:00,True,True,False,True,True,False,,False,False
INC0002773,Closed,False,0,0,1,True,Caller 4501,Opened by  305,2016-03-04 22:29:00,?,,Updated by 908,2016-03-09 23:00:00,Phone,Location 179,Category 32,Subcategory 9,?,?,2 - Medium,2 - Medium,3 - Moderate,Group 70,?,True,False,Do Not Notify,?,?,?,?,code 7,Resolved by 134,,2016-03-09 23:00:00,True,True,False,True,True,False,,False,False
INC0002774,Closed,False,0,0,1,True,Caller 4501,Opened by  305,2016-03-04 22:43:00,?,,Updated by 908,2016-03-09 23:00:00,Phone,Location 179,Category 32,Subcategory 9,?,?,2 - Medium,2 - Medium,3 - Moderate,Group 70,?,True,False,Do Not Notify,?,?,?,?,code 7,Resolved by 134,,2016-03-09 23:00:00,True,True,False,True,True,False,,False,False
INC0002777,Closed,False,0,0,1,True,Caller 5541,Opened by  305,2016-03-04 23:07:00,?,,Updated by 908,2016-03-10 00:00:00,Phone,Location 108,Category 32,Subcategory 9,Symptom 4,?,2 - Medium,2 - Medium,3 - Moderate,Group 70,?,True,False,Do Not Notify,?,?,?,?,code 7,Resolved by 134,,2016-03-10 00:00:00,True,True,False,True,True,False,,False,False
INC0002822,Closed,False,0,0,1,True,Caller 1401,Opened by  47,2016-03-05 10:42:00,?,,Updated by 908,2016-03-10 12:00:00,Phone,Location 161,Category 20,Subcategory 103,Symptom 571,?,2 - Medium,2 - Medium,3 - Moderate,Group 70,Resolver 26,True,False,Do Not Notify,?,?,?,?,code 6,Resolved by 24,,2016-03-10 12:00:00,True,True,False,True,True,False,,False,False
INC0002823,Closed,False,0,0,1,True,Caller 3452,Opened by  131,2016-03-05 11:08:00,?,,Updated by 908,2016-03-10 12:00:00,Phone,Location 55,Category 32,Subcategory 9,Symptom 4,?,3 - Low,3 - Low,4 - Low,Group 70,?,True,False,Do Not Notify,?,?,?,?,code 7,Resolved by 66,,2016-03-10 12:00:00,True,True,False,True,True,False,,False,False
INC0002830,Closed,False,0,0,1,True,Caller 3999,Opened by  131,2016-03-05 12:01:00,?,,Updated by 908,2016-03-10 13:00:00,Phone,Location 143,Category 43,Subcategory 105,Symptom 4,?,3 - Low,3 - Low,4 - Low,Group 70,?,True,False,Do Not Notify,?,?,?,?,code 7,Resolved by 66,,2016-03-10 13:00:00,True,True,False,True,True,False,,False,False
INC0002883,Closed,False,0,0,1,False,Caller 5101,Opened by  397,2016-03-06 00:05:00,?,,Updated by 908,2016-03-24 18:40:00,Phone,Location 161,Category 32,Subcategory 9,?,?,2 - Medium,2 - Medium,3 - Moderate,Group 70,?,True,False,Do Not Notify,?,?,?,?,code 6,Resolved by 174,,2016-03-24 18:40:00,True,True,False,True,True,False,,False,False
INC0002991,Closed,False,0,0,1,False,Caller 1790,Opened by  305,2016-03-06 18:59:00,?,,Updated by 908,2016-03-24 18:40:00,Phone,Location 204,Category 53,Subcategory 117,?,?,2 - Medium,2 - Medium,3 - Moderate,Group 70,?,True,False,Do Not Notify,?,?,?,?,code 7,Resolved by 134,,2016-03-24 18:40:00,True,True,False,True,True,False,,False,False
INC0002992,Closed,False,0,0,1,False,Caller 2698,Opened by  305,2016-03-06 19:06:00,?,,Updated by 908,2016-03-24 18:40:00,Phone,Location 108,Category 26,Subcategory 175,?,?,2 - Medium,2 - Medium,3 - Moderate,Group 70,?,True,False,Do Not Notify,?,?,?,?,code 7,Resolved by 134,,2016-03-24 18:40:00,True,True,False,True,True,False,,False,False
INC0002994,Closed,False,0,0,1,False,Caller 5350,Opened by  305,2016-03-06 20:20:00,?,,Updated by 908,2016-03-24 18:40:00,Phone,Location 143,Category 32,Subcategory 9,Symptom 4,?,2 - Medium,2 - Medium,3 - Moderate,Group 70,?,True,False,Do Not Notify,?,?,?,?,code 7,Resolved by 134,,2016-03-24 18:40:00,True,True,False,True,True,False,,False,False
INC0003040,Closed,False,0,0,1,False,Caller 323,Opened by  17,2016-03-07 07:45:00,?,,Updated by 908,2016-03-24 18:40:00,Phone,Location 135,Category 26,Subcategory 175,?,?,2 - Medium,2 - Medium,3 - Moderate,Group 70,Resolver 13,True,False,Do Not Notify,?,?,?,?,code 6,Resolved by 11,,2016-03-24 18:40:00,True,True,False,True,True,False,,False,False
INC0003099,Closed,False,0,0,1,False,Caller 5200,Opened by  17,2016-03-07 08:53:00,?,,Updated by 908,2016-03-24 18:40:00,Phone,Location 204,Category 26,Subcategory 175,Symptom 120,?,2 - Medium,2 - Medium,3 - Moderate,Group 70,Resolver 13,True,False,Do Not Notify,?,?,?,?,code 6,Resolved by 11,,2016-03-24 18:40:00,True,True,False,True,True,False,,False,False
INC0003115,Closed,False,0,0,1,True,Caller 5134,Opened by  40,2016-03-07 09:04:00,?,,Updated by 823,2016-03-07 17:53:00,Phone,Location 143,Category 26,Subcategory 175,Symptom 120,?,2 - Medium,2 - Medium,3 - Moderate,Group 70,?,True,False,Do Not Notify,?,?,?,?,code 7,?,,2016-03-07 17:53:00,True,True,False,True,True,False,,False,False
INC0003157,Closed,False,0,0,1,False,Caller 3397,Opened by  17,2016-03-07 09:29:00,?,,Updated by 908,2016-03-24 18:40:00,Phone,Location 204,Category 45,Subcategory 223,?,?,2 - Medium,2 - Medium,3 - Moderate,Group 70,Resolver 94,True,False,Do Not Notify,?,?,?,?,code 6,Resolved by 11,,2016-03-24 18:40:00,True,True,False,True,True,False,,False,False
INC0003234,Closed,False,0,0,1,False,Caller 4387,Opened by  17,2016-03-07 10:20:00,?,,Updated by 908,2016-03-24 18:40:00,Phone,Location 143,Category 45,Subcategory 200,?,?,2 - Medium,2 - Medium,3 - Moderate,Group 70,Resolver 94,True,False,Do Not Notify,?,?,?,?,code 6,Resolved by 11,,2016-03-24 18:40:00,True,True,False,True,True,False,,False,False
INC0003254,Closed,False,0,0,1,False,Caller 5556,Opened by  17,2016-03-07 10:35:00,?,,Updated by 908,2016-03-24 18:40:00,Phone,Location 204,Category 26,Subcategory 175,?,?,2 - Medium,2 - Medium,3 - Moderate,Group 70,Resolver 13,True,False,Do Not Notify,?,?,?,?,code 6,Resolved by 11,,2016-03-24 18:40:00,True,True,False,True,True,False,,False,False
INC0003287,Closed,False,0,0,1,False,Caller 447,Opened by  17,2016-03-07 10:54:00,?,,Updated by 908,2016-03-24 18:40:00,Phone,Location 108,Category 23,Subcategory 3,?,?,2 - Medium,2 - Medium,3 - Moderate,Group 70,Resolver 13,True,False,Do Not Notify,?,?,?,?,code 6,Resolved by 11,,2016-03-24 18:40:00,True,True,False,True,True,False,,False,False
INC0003347,Closed,False,0,0,1,False,Caller 5446,Opened by  17,2016-03-07 11:26:00,?,,Updated by 908,2016-03-24 18:41:00,Phone,Location 161,Category 23,Subcategory 3,Symptom 4,?,2 - Medium,2 - Medium,3 - Moderate,Group 70,Resolver 13,True,False,Do Not Notify,?,?,?,?,code 6,Resolved by 11,,2016-03-24 18:41:00,True,True,False,True,True,False,,False,False
INC0003358,Closed,False,0,0,1,False,Caller 501,Opened by  59,2016-03-07 11:31:00,?,,Updated by 908,2016-03-24 18:41:00,Phone,Location 47,Category 40,Subcategory 43,?,?,2 - Medium,2 - Medium,3 - Moderate,Group 70,Resolver 192,True,False,Do Not Notify,?,?,?,?,code 7,Resolved by 30,,2016-03-24 18:41:00,True,True,False,True,True,False,,False,False
INC0003487,Closed,False,0,0,1,False,Caller 2016,Opened by  55,2016-03-07 12:56:00,?,,Updated by 908,2016-03-24 18:41:00,Phone,Location 143,Category 13,Subcategory 302,?,?,2 - Medium,2 - Medium,3 - Moderate,Group 70,Resolver 28,True,False,Do Not Notify,?,?,?,?,code 6,Resolved by 27,,2016-03-24 18:41:00,True,True,False,True,True,False,,False,False
INC0003495,Closed,False,0,0,1,False,Caller 4325,Opened by  17,2016-03-07 13:01:00,?,,Updated by 908,2016-03-24 18:41:00,Phone,Location 93,Category 20,Subcategory 125,?,?,2 - Medium,2 - Medium,3 - Moderate,Group 70,Resolver 13,True,False,Do Not Notify,?,?,?,?,code 6,Resolved by 11,,2016-03-24 18:41:00,True,True,False,True,True,False,,False,False
INC0003569,Closed,False,0,0,1,False,Caller 3864,Opened by  301,2016-03-07 13:53:00,?,,Updated by 908,2016-03-24 18:41:00,Phone,Location 93,Category 32,Subcategory 9,?,?,2 - Medium,2 - Medium,3 - Moderate,Group 70,Resolver 149,True,False,Do Not Notify,?,?,?,?,code 9,Resolved by 133,,2016-03-24 18:41:00,True,True,False,True,True,False,,False,False
INC0003633,Closed,False,0,0,1,False,Caller 197,Opened by  55,2016-03-07 14:28:00,?,,Updated by 908,2016-03-24 18:41:00,Phone,Location 70,Category 32,Subcategory 9,?,?,2 - Medium,2 - Medium,3 - Moderate,Group 70,Resolver 28,True,False,Do Not Notify,?,?,?,?,code 6,Resolved by 27,,2016-03-24 18:41:00,True,True,False,True,True,False,,False,False
INC0003640,Closed,False,0,0,1,False,Caller 4732,Opened by  301,2016-03-07 14:35:00,?,,Updated by 908,2016-03-24 18:41:00,Phone,Location 93,Category 32,Subcategory 9,?,?,2 - Medium,2 - Medium,3 - Moderate,Group 70,Resolver 149,True,False,Do Not Notify,?,?,?,?,code 9,Resolved by 133,,2016-03-24 18:41:00,True,True,False,True,True,False,,False,False
INC0003677,Closed,False,0,0,1,False,Caller 300,Opened by  55,2016-03-07 15:03:00,?,,Updated by 908,2016-03-24 18:41:00,Phone,Location 54,Category 45,Subcategory 223,Symptom 6,?,2 - Medium,2 - Medium,3 - Moderate,Group 70,Resolver 28,True,False,Do Not Notify,?,?,?,?,code 6,Resolved by 27,,2016-03-24 18:41:00,True,True,False,True,True,False,,False,False
INC0003702,Closed,False,0,0,1,False,Caller 1683,Opened by  301,2016-03-07 15:20:00,?,,Updated by 908,2016-03-24 18:41:00,Phone,Location 96,Category 32,Subcategory 9,?,?,2 - Medium,2 - Medium,3 - Moderate,Group 70,Resolver 149,True,False,Do Not Notify,?,?,?,?,code 9,Resolved by 133,,2016-03-24 18:41:00,True,True,False,True,True,False,,False,False
INC0003863,Closed,False,0,0,1,False,Caller 846,Opened by  397,2016-03-08 02:26:00,?,,Updated by 908,2016-03-24 18:41:00,Phone,Location 108,Category 32,Subcategory 9,?,?,2 - Medium,2 - Medium,3 - Moderate,Group 70,?,True,False,Do Not Notify,?,?,?,?,code 7,Resolved by 174,,2016-03-24 18:41:00,True,True,False,True,True,False,,False,False
INC0003887,Closed,False,0,0,1,False,Caller 4532,Opened by  17,2016-03-08 06:21:00,?,,Updated by 908,2016-03-24 18:41:00,Phone,Location 143,Category 45,Subcategory 200,Symptom 470,?,2 - Medium,2 - Medium,3 - Moderate,Group 70,Resolver 94,True,False,Do Not Notify,?,?,?,?,code 6,Resolved by 11,,2016-03-24 18:41:00,True,True,False,True,True,False,,False,False
INC0003888,Closed,False,0,0,1,False,Caller 3999,Opened by  17,2016-03-08 06:49:00,?,,Updated by 908,2016-03-24 18:41:00,Phone,Location 143,Category 45,Subcategory 200,?,?,2 - Medium,2 - Medium,3 - Moderate,Group 70,Resolver 94,True,False,Do Not Notify,?,?,?,?,code 6,Resolved by 11,,2016-03-24 18:41:00,True,True,False,True,True,False,,False,False
INC0004037,Closed,False,0,0,1,False,Caller 1338,Opened by  17,2016-03-08 09:31:00,?,,Updated by 908,2016-03-24 18:41:00,Phone,Location 51,Category 44,Subcategory 54,?,?,2 - Medium,2 - Medium,3 - Moderate,Group 70,Resolver 94,True,False,Do Not Notify,?,?,?,?,code 6,Resolved by 11,,2016-03-24 18:41:00,True,True,False,True,True,False,,False,False
INC0004086,Closed,False,0,0,1,False,Caller 3168,Opened by  301,2016-03-08 10:10:00,?,,Updated by 908,2016-03-24 18:41:00,Phone,Location 161,Category 32,Subcategory 9,?,?,2 - Medium,2 - Medium,3 - Moderate,Group 70,Resolver 149,True,False,Do Not Notify,?,?,?,?,code 9,Resolved by 133,,2016-03-24 18:41:00,True,True,False,True,True,False,,False,False
INC0004102,Closed,False,0,0,1,False,Caller 3040,Opened by  17,2016-03-08 10:21:00,?,,Updated by 908,2016-03-24 18:41:00,Phone,Location 51,Category 44,Subcategory 54,?,?,2 - Medium,2 - Medium,3 - Moderate,Group 70,Resolver 94,True,False,Do Not Notify,?,?,?,?,code 6,Resolved by 11,,2016-03-24 18:41:00,True,True,False,True,True,False,,False,False
INC0004186,Closed,False,0,0,1,False,Caller 1955,Opened by  17,2016-03-08 11:17:00,?,,Updated by 908,2016-03-24 18:41:00,Phone,Location 51,Category 23,Subcategory 3,Symptom 4,?,2 - Medium,2 - Medium,3 - Moderate,Group 70,?,True,False,Do Not Notify,?,?,?,?,code 6,Resolved by 11,,2016-03-24 18:41:00,True,True,False,True,True,False,,False,False
INC0004298,Closed,False,0,0,1,False,Caller 4335,Opened by  386,2016-03-08 13:33:00,?,,Updated by 908,2016-03-24 18:41:00,Phone,Location 15,Category 42,Subcategory 31,?,?,2 - Medium,2 - Medium,3 - Moderate,Group 70,Resolver 127,True,False,Do Not Notify,?,?,?,?,code 7,Resolved by 169,,2016-03-24 18:41:00,True,True,False,True,True,False,,False,False
INC0004299,Closed,False,0,0,1,False,Caller 5306,Opened by  108,2016-03-08 13:34:00,?,,Updated by 908,2016-03-24 18:41:00,Phone,Location 143,Category 24,Subcategory 164,?,?,2 - Medium,2 - Medium,3 - Moderate,Group 70,Resolver 56,True,False,Do Not Notify,?,?,?,?,code 6,Resolved by 52,,2016-03-24 18:41:00,True,True,False,True,True,False,,False,False
INC0004300,Closed,False,0,0,1,False,Caller 1338,Opened by  301,2016-03-08 13:38:00,?,,Updated by 908,2016-03-24 18:41:00,Phone,Location 51,Category 32,Subcategory 9,?,?,2 - Medium,2 - Medium,3 - Moderate,Group 70,Resolver 149,True,False,Do Not Notify,?,?,?,?,code 9,Resolved by 133,,2016-03-24 18:41:00,True,True,False,True,True,False,,False,False
INC0004334,Closed,False,0,0,1,False,Caller 5199,Opened by  386,2016-03-08 14:13:00,?,,Updated by 908,2016-03-24 18:41:00,Phone,Location 196,Category 42,Subcategory 31,?,?,2 - Medium,2 - Medium,3 - Moderate,Group 70,Resolver 127,True,False,Do Not Notify,?,?,?,?,code 7,Resolved by 169,,2016-03-24 18:41:00,True,True,False,True,True,False,,False,False
INC0004354,Closed,False,0,0,1,False,Caller 999,Opened by  55,2016-03-08 14:34:00,?,,Updated by 908,2016-03-24 18:41:00,Phone,Location 204,Category 20,Subcategory 125,Symptom 4,?,2 - Medium,2 - Medium,3 - Moderate,Group 70,Resolver 28,True,False,Do Not Notify,?,?,?,?,code 6,Resolved by 27,,2016-03-24 18:41:00,True,True,False,True,True,False,,False,False
INC0004383,Closed,False,0,0,1,False,Caller 4047,Opened by  386,2016-03-08 15:09:00,?,,Updated by 908,2016-03-24 18:41:00,Phone,Location 204,Category 43,Subcategory 105,?,?,2 - Medium,2 - Medium,3 - Moderate,Group 70,Resolver 186,True,False,Do Not Notify,?,?,?,?,code 7,Resolved by 169,,2016-03-24 18:41:00,True,True,False,True,True,False,,False,False
INC0004406,Closed,False,0,0,1,False,Caller 105,Opened by  402,2016-03-08 15:41:00,?,,Updated by 908,2016-03-24 18:41:00,Phone,Location 136,Category 26,Subcategory 175,?,?,2 - Medium,2 - Medium,3 - Moderate,Group 70,Resolver 192,True,False,Do Not Notify,?,?,?,?,code 6,Resolved by 175,,2016-03-24 18:41:00,True,True,False,True,True,False,,False,False
INC0004420,Closed,False,0,0,1,False,Caller 4881,Opened by  386,2016-03-08 16:04:00,?,,Updated by 908,2016-03-24 18:41:00,Phone,Location 161,Category 45,Subcategory 200,?,?,2 - Medium,2 - Medium,3 - Moderate,Group 70,?,True,False,Do Not Notify,?,?,?,?,code 6,Resolved by 169,,2016-03-24 18:41:00,True,True,False,True,True,False,,False,False
INC0004422,Closed,False,0,0,1,False,Caller 298,?,2016-03-08 16:04:00,?,,Updated by 908,2016-03-24 18:41:00,Phone,Location 143,Category 23,Subcategory 75,?,?,2 - Medium,2 - Medium,3 - Moderate,Group 70,?,True,False,Do Not Notify,?,?,?,?,code 7,?,,2016-03-24 18:41:00,True,True,False,True,True,False,,False,False
INC0004524,Closed,False,0,0,1,False,Caller 3207,Opened by  397,2016-03-09 02:47:00,?,,Updated by 908,2016-03-24 18:41:00,Phone,Location 108,Category 45,Subcategory 223,Symptom 4,?,2 - Medium,2 - Medium,3 - Moderate,Group 70,?,True,False,Do Not Notify,?,?,?,?,code 7,Resolved by 174,,2016-03-24 18:41:00,True,True,False,True,True,False,,False,False
INC0004575,Closed,False,0,0,1,False,Caller 481,Opened by  17,2016-03-09 07:22:00,?,,Updated by 908,2016-03-24 18:41:00,Phone,Location 143,Category 46,Subcategory 223,?,?,2 - Medium,2 - Medium,3 - Moderate,Group 70,Resolver 94,True,False,Do Not Notify,?,?,?,?,code 7,Resolved by 11,,2016-03-24 18:41:00,True,True,False,True,True,False,,False,False
INC0004581,Closed,False,0,0,1,False,Caller 5220,Opened by  17,2016-03-09 07:36:00,?,,Updated by 908,2016-03-24 18:41:00,Phone,Location 59,Category 26,Subcategory 175,Symptom 491,?,2 - Medium,2 - Medium,3 - Moderate,Group 70,?,True,False,Do Not Notify,?,?,?,?,code 6,Resolved by 11,,2016-03-24 18:41:00,True,True,False,True,True,False,,False,False
INC0004597,Closed,False,0,0,1,False,Caller 701,Opened by  17,2016-03-09 08:09:00,?,,Updated by 908,2016-03-24 18:41:00,Phone,Location 161,Category 42,Subcategory 223,Symptom 534,?,2 - Medium,2 - Medium,3 - Moderate,Group 70,Resolver 94,True,False,Do Not Notify,?,?,?,?,code 7,Resolved by 11,,2016-03-24 18:41:00,True,True,False,True,True,False,,False,False
INC0004742,Closed,False,0,0,1,False,Caller 2961,Opened by  17,2016-03-09 10:34:00,?,,Updated by 908,2016-03-24 18:41:00,Phone,Location 108,Category 26,Subcategory 175,Symptom 491,?,2 - Medium,2 - Medium,3 - Moderate,Group 70,?,True,False,Do Not Notify,?,?,?,?,code 9,Resolved by 11,,2016-03-24 18:41:00,True,True,False,True,True,False,,False,False
INC0004780,Closed,False,0,0,1,True,Caller 5361,Opened by  131,2016-03-09 10:58:00,?,,Updated by 908,2016-03-24 18:41:00,Phone,Location 51,Category 42,Subcategory 223,Symptom 534,?,3 - Low,3 - Low,4 - Low,Group 70,?,True,False,Do Not Notify,?,?,?,?,code 7,Resolved by 66,,2016-03-24 18:41:00,True,True,False,True,True,False,,False,False
INC0004784,Closed,False,0,0,1,True,Caller 4632,Opened by  131,2016-03-09 11:01:00,?,,Updated by 908,2016-03-24 18:41:00,Phone,Location 161,Category 42,Subcategory 223,Symptom 534,?,3 - Low,3 - Low,4 - Low,Group 70,?,True,False,Do Not Notify,?,?,?,?,code 7,Resolved by 66,,2016-03-24 18:41:00,True,True,False,True,True,False,,False,False
INC0004841,Closed,False,0,0,1,True,Caller 779,Opened by  131,2016-03-09 11:45:00,?,,Updated by 908,2016-03-24 18:41:00,Phone,Location 143,Category 42,Subcategory 223,Symptom 534,?,3 - Low,3 - Low,4 - Low,Group 70,?,True,False,Do Not Notify,?,?,?,?,code 7,Resolved by 66,,2016-03-24 18:41:00,True,True,False,True,True,False,,False,False
INC0005025,Closed,False,0,0,1,False,Caller 4300,?,2016-03-09 15:48:00,?,,Updated by 908,2016-03-24 18:41:00,Phone,Location 108,Category 32,Subcategory 174,Symptom 491,?,2 - Medium,2 - Medium,3 - Moderate,Group 70,?,True,False,Do Not Notify,?,?,?,?,code 10,?,,2016-03-24 18:41:00,True,True,False,True,True,False,,False,False
INC0005058,Closed,False,0,0,1,False,Caller 456,Opened by  55,2016-03-09 16:35:00,?,,Updated by 908,2016-03-24 18:41:00,Phone,Location 204,Category 20,Subcategory 125,Symptom 491,?,2 - Medium,2 - Medium,3 - Moderate,Group 70,?,True,False,Do Not Notify,?,?,?,?,code 6,Resolved by 27,,2016-03-24 18:41:00,True,True,False,True,True,False,,False,False
INC0005070,Closed,False,0,0,1,False,Caller 3917,Opened by  55,2016-03-09 16:56:00,?,,Updated by 908,2016-03-24 18:41:00,Phone,Location 108,Category 46,Subcategory 223,?,?,2 - Medium,2 - Medium,3 - Moderate,Group 70,?,True,False,Do Not Notify,?,?,?,?,code 6,Resolved by 27,,2016-03-24 18:41:00,True,True,False,True,True,False,,False,False
INC0005100,Closed,False,0,0,2,True,Caller 3505,Opened by  337,2016-03-09 18:35:00,Created by 162,2016-03-09 18:35:00,Updated by 703,2016-03-11 14:19:00,Phone,?,Category 35,?,?,?,2 - Medium,2 - Medium,3 - Moderate,?,?,True,False,Do Not Notify,?,?,?,?,code 1,?,,2016-03-11 14:19:00,True,True,False,True,True,False,,False,False
INC0005121,Closed,False,0,0,1,False,Caller 3511,Opened by  397,2016-03-10 00:13:00,?,,Updated by 908,2016-03-24 18:51:00,Phone,Location 204,Category 42,Subcategory 223,?,?,2 - Medium,2 - Medium,3 - Moderate,Group 70,?,True,False,Do Not Notify,?,?,?,?,code 7,Resolved by 174,,2016-03-24 18:51:00,True,True,False,True,True,False,,False,False
INC0005153,Closed,False,0,0,1,True,Caller 2146,Opened by  131,2016-03-10 07:52:00,?,,Updated by 908,2016-03-24 18:51:00,Phone,Location 93,Category 20,Subcategory 125,Symptom 517,?,3 - Low,3 - Low,4 - Low,Group 70,?,True,False,Do Not Notify,?,?,?,?,code 7,Resolved by 66,,2016-03-24 18:51:00,True,True,False,True,True,False,,False,False
INC0005199,Closed,False,0,0,1,False,Caller 2483,?,2016-03-10 09:03:00,?,,Updated by 908,2016-03-24 18:51:00,Phone,Location 143,Category 32,Subcategory 174,Symptom 491,?,2 - Medium,2 - Medium,3 - Moderate,Group 70,?,True,False,Do Not Notify,?,?,?,?,code 10,?,,2016-03-24 18:51:00,True,True,False,True,True,False,,False,False
INC0005216,Closed,False,0,0,1,True,Caller 512,Opened by  131,2016-03-10 09:15:00,?,,Updated by 908,2016-03-24 18:51:00,Phone,Location 93,Category 42,Subcategory 223,Symptom 534,?,3 - Low,3 - Low,4 - Low,Group 70,?,True,False,Do Not Notify,?,?,?,?,code 7,Resolved by 66,,2016-03-24 18:51:00,True,True,False,True,True,False,,False,False
INC0005222,Closed,False,0,0,1,False,Caller 3876,Opened by  17,2016-03-10 09:22:00,?,,Updated by 908,2016-03-24 18:51:00,Phone,Location 204,Category 32,Subcategory 9,Symptom 491,?,2 - Medium,2 - Medium,3 - Moderate,Group 70,?,True,False,Do Not Notify,?,?,?,?,code 6,Resolved by 11,,2016-03-24 18:51:00,True,True,False,True,True,False,,False,False
INC0005223,Closed,False,0,0,1,True,Caller 1970,Opened by  131,2016-03-10 09:23:00,?,,Updated by 908,2016-03-24 18:51:00,Phone,Location 93,Category 53,Subcategory 226,?,?,3 - Low,3 - Low,4 - Low,Group 70,?,True,False,Do Not Notify,?,?,?,?,code 7,Resolved by 66,,2016-03-24 18:51:00,True,True,False,True,True,False,,False,False
INC0005318,Closed,False,0,0,1,False,Caller 4536,Opened by  17,2016-03-10 10:54:00,?,,Updated by 908,2016-03-24 18:51:00,Phone,Location 46,Category 32,Subcategory 9,?,?,2 - Medium,2 - Medium,3 - Moderate,Group 70,Resolver 13,True,False,Do Not Notify,?,?,?,?,code 7,Resolved by 11,,2016-03-24 18:51:00,True,True,False,True,True,False,,False,False
INC0005327,Closed,False,0,0,1,False,Caller 340,Opened by  17,2016-03-10 11:01:00,?,,Updated by 908,2016-03-24 18:51:00,Phone,Location 232,Category 32,Subcategory 174,?,?,2 - Medium,2 - Medium,3 - Moderate,Group 70,?,True,False,Do Not Notify,?,?,?,?,code 8,Resolved by 11,,2016-03-24 18:51:00,True,True,False,True,True,False,,False,False
INC0005347,Closed,False,0,0,1,False,Caller 2572,?,2016-03-10 11:20:00,?,,Updated by 908,2016-03-24 18:51:00,Phone,Location 143,Category 32,Subcategory 9,Symptom 491,?,2 - Medium,2 - Medium,3 - Moderate,Group 70,?,True,False,Do Not Notify,?,?,?,?,code 10,?,,2016-03-24 18:51:00,True,True,False,True,True,False,,False,False
INC0005354,Closed,False,0,0,1,False,Caller 99,Opened by  301,2016-03-10 11:25:00,?,,Updated by 908,2016-03-24 18:51:00,Phone,Location 51,Category 32,Subcategory 174,Symptom 491,?,2 - Medium,2 - Medium,3 - Moderate,Group 70,Resolver 149,True,False,Do Not Notify,?,?,?,?,code 9,Resolved by 133,,2016-03-24 18:51:00,True,True,False,True,True,False,,False,False
INC0005357,Closed,False,0,0,1,True,Caller 2572,Opened by  131,2016-03-10 11:30:00,?,,Updated by 908,2016-03-24 18:51:00,Phone,Location 143,Category 42,Subcategory 223,Symptom 534,?,3 - Low,3 - Low,4 - Low,Group 70,?,True,False,Do Not Notify,?,?,?,?,code 7,Resolved by 66,,2016-03-24 18:51:00,True,True,False,True,True,False,,False,False
INC0005361,Closed,False,0,0,1,False,Caller 2454,Opened by  501,2016-03-10 11:33:00,?,,Updated by 908,2016-03-24 18:51:00,Phone,Location 161,Category 26,Subcategory 174,?,?,2 - Medium,2 - Medium,3 - Moderate,Group 70,?,True,False,Do Not Notify,?,?,?,?,code 6,Resolved by 212,,2016-03-24 18:51:00,True,True,False,True,True,False,,False,False
INC0005366,Closed,False,0,0,1,False,Caller 742,?,2016-03-10 11:39:00,?,,Updated by 908,2016-03-24 18:51:00,Phone,Location 51,Category 32,Subcategory 9,Symptom 105,?,2 - Medium,2 - Medium,3 - Moderate,Group 70,?,True,False,Do Not Notify,?,?,?,?,code 9,?,,2016-03-24 18:51:00,True,True,False,True,True,False,,False,False
INC0005379,Closed,False,0,0,1,False,Caller 3999,Opened by  17,2016-03-10 11:54:00,?,,Updated by 908,2016-03-24 18:51:00,Phone,Location 143,Category 43,Subcategory 174,?,?,2 - Medium,2 - Medium,3 - Moderate,Group 70,?,True,False,Do Not Notify,?,?,?,?,code 8,Resolved by 11,,2016-03-24 18:51:00,True,True,False,True,True,False,,False,False
INC0005411,Closed,False,0,0,1,False,Caller 4249,Opened by  17,2016-03-10 12:44:00,?,,Updated by 908,2016-03-24 18:51:00,Phone,Location 111,Category 46,Subcategory 174,?,?,2 - Medium,2 - Medium,3 - Moderate,Group 70,?,True,False,Do Not Notify,?,?,?,?,code 8,Resolved by 11,,2016-03-24 18:51:00,True,True,False,True,True,False,,False,False
INC0005415,Closed,False,0,0,1,False,Caller 1526,?,2016-03-10 12:53:00,?,,Updated by 908,2016-03-24 18:51:00,Phone,Location 46,Category 32,Subcategory 9,Symptom 105,?,2 - Medium,2 - Medium,3 - Moderate,Group 70,?,True,False,Do Not Notify,?,?,?,?,code 10,?,,2016-03-24 18:51:00,True,True,False,True,True,False,,False,False
INC0005418,Closed,False,0,0,1,False,Caller 5559,Opened by  55,2016-03-10 12:56:00,?,,Updated by 908,2016-03-24 18:51:00,Phone,Location 111,Category 46,Subcategory 223,?,?,2 - Medium,2 - Medium,3 - Moderate,Group 70,?,True,False,Do Not Notify,?,?,?,?,code 6,Resolved by 27,,2016-03-24 18:51:00,True,True,False,True,True,False,,False,False
INC0005427,Closed,False,0,0,1,False,Caller 300,Opened by  55,2016-03-10 13:17:00,?,,Updated by 908,2016-03-24 18:51:00,Phone,Location 54,Category 46,Subcategory 223,?,?,2 - Medium,2 - Medium,3 - Moderate,Group 70,Resolver 28,True,False,Do Not Notify,?,?,?,?,code 6,Resolved by 27,,2016-03-24 18:51:00,True,True,False,True,True,False,,False,False
INC0005432,Closed,False,0,0,1,False,Caller 5041,Opened by  108,2016-03-10 13:23:00,?,,Updated by 908,2016-03-24 18:51:00,Phone,Location 143,Category 53,Subcategory 174,Symptom 491,?,2 - Medium,2 - Medium,3 - Moderate,Group 70,Resolver 56,True,False,Do Not Notify,?,?,?,?,code 6,Resolved by 52,,2016-03-24 18:51:00,True,True,False,True,True,False,,False,False
INC0005449,Closed,False,0,0,1,False,Caller 1156,Opened by  55,2016-03-10 13:48:00,?,,Updated by 908,2016-03-24 18:51:00,Phone,Location 93,Category 20,Subcategory 125,?,?,2 - Medium,2 - Medium,3 - Moderate,Group 70,Resolver 28,True,False,Do Not Notify,?,?,?,?,code 6,Resolved by 27,,2016-03-24 18:51:00,True,True,False,True,True,False,,False,False
INC0005492,Closed,False,0,0,1,False,Caller 69,?,2016-03-10 14:47:00,?,,Updated by 908,2016-03-24 18:51:00,Phone,Location 51,Category 32,Subcategory 174,Symptom 491,?,2 - Medium,2 - Medium,3 - Moderate,Group 70,?,True,False,Do Not Notify,?,?,?,?,code 10,?,,2016-03-24 18:51:00,True,True,False,True,True,False,,False,False
INC0005503,Closed,False,0,0,1,False,Caller 897,Opened by  17,2016-03-10 14:55:00,?,,Updated by 908,2016-03-24 18:51:00,Phone,Location 108,Category 9,Subcategory 174,?,?,2 - Medium,2 - Medium,3 - Moderate,Group 70,?,True,False,Do Not Notify,?,?,?,?,code 6,Resolved by 11,,2016-03-24 18:51:00,True,True,False,True,True,False,,False,False
INC0005513,Closed,False,0,0,1,False,Caller 561,?,2016-03-10 15:11:00,?,,Updated by 908,2016-03-24 18:51:00,Phone,Location 39,Category 46,Subcategory 223,Symptom 491,?,2 - Medium,2 - Medium,3 - Moderate,Group 70,?,True,False,Do Not Notify,?,?,?,?,code 10,?,,2016-03-24 18:51:00,True,True,False,True,True,False,,False,False
INC0005539,Closed,False,0,0,1,False,Caller 423,Opened by  55,2016-03-10 15:45:00,?,,Updated by 908,2016-03-24 18:51:00,Phone,Location 143,Category 46,Subcategory 223,?,?,2 - Medium,2 - Medium,3 - Moderate,Group 70,Resolver 28,True,False,Do Not Notify,?,?,?,?,code 6,Resolved by 27,,2016-03-24 18:51:00,True,True,False,True,True,False,,False,False
INC0005547,Closed,False,0,0,1,False,Caller 1028,?,2016-03-10 15:55:00,?,,Updated by 908,2016-03-24 18:51:00,Phone,Location 93,Category 32,Subcategory 9,Symptom 105,?,2 - Medium,2 - Medium,3 - Moderate,Group 70,?,True,False,Do Not Notify,?,?,?,?,code 10,?,,2016-03-24 18:51:00,True,True,False,True,True,False,,False,False
INC0005696,Closed,False,0,0,1,False,Caller 1597,Opened by  8,2016-03-11 03:52:00,?,,Updated by 908,2016-03-24 18:51:00,Phone,Location 161,Category 40,Subcategory 44,Symptom 5,?,2 - Medium,2 - Medium,3 - Moderate,Group 70,Resolver 6,False,False,Do Not Notify,?,?,?,?,code 7,Resolved by 5,,2016-03-24 18:51:00,True,True,False,True,True,False,,False,False
INC0005702,Closed,False,0,0,1,False,Caller 2794,Opened by  17,2016-03-11 06:19:00,?,,Updated by 908,2016-03-24 18:51:00,Phone,Location 143,Category 32,Subcategory 9,Symptom 491,?,2 - Medium,2 - Medium,3 - Moderate,Group 70,Resolver 13,False,False,Do Not Notify,?,?,?,?,code 6,Resolved by 11,,2016-03-24 18:51:00,True,True,False,True,True,False,,False,False
INC0005713,Closed,False,0,0,1,False,Caller 2794,Opened by  17,2016-03-11 07:18:00,?,,Updated by 908,2016-03-24 18:51:00,Phone,Location 143,Category 32,Subcategory 9,?,?,2 - Medium,2 - Medium,3 - Moderate,Group 70,Resolver 17,False,False,Do Not Notify,?,?,?,?,code 6,Resolved by 11,,2016-03-24 18:51:00,True,True,False,True,True,False,,False,False
INC0005735,Closed,False,0,0,1,False,Caller 2489,?,2016-03-11 08:30:00,?,,Updated by 908,2016-03-24 18:51:00,Phone,Location 34,Category 32,Subcategory 9,?,?,2 - Medium,2 - Medium,3 - Moderate,Group 70,Resolver 17,False,False,Do Not Notify,?,?,?,?,code 7,?,,2016-03-24 18:51:00,True,True,False,True,True,False,,False,False
INC0005765,Closed,False,0,0,1,False,Caller 298,?,2016-03-11 08:53:00,?,,Updated by 908,2016-03-24 18:51:00,Phone,Location 143,Category 32,Subcategory 9,?,?,2 - Medium,2 - Medium,3 - Moderate,Group 70,Resolver 94,False,False,Do Not Notify,?,?,?,?,code 7,?,,2016-03-24 18:51:00,True,True,False,True,True,False,,False,False
INC0005768,Closed,False,0,0,1,True,Caller 5134,Opened by  131,2016-03-11 08:58:00,?,,Updated by 908,2016-03-24 18:51:00,Phone,Location 143,Category 42,Subcategory 223,Symptom 534,?,3 - Low,3 - Low,4 - Low,Group 70,Resolver 73,False,False,Do Not Notify,?,?,?,?,code 7,Resolved by 66,,2016-03-24 18:51:00,True,True,False,True,True,False,,False,False
INC0005772,Closed,False,0,0,1,False,Caller 4968,Opened by  501,2016-03-11 09:01:00,?,,Updated by 908,2016-03-24 18:51:00,Phone,Location 161,Category 42,Subcategory 223,?,?,2 - Medium,2 - Medium,3 - Moderate,Group 70,Resolver 233,False,False,Do Not Notify,?,?,?,?,code 6,Resolved by 212,,2016-03-24 18:51:00,True,True,False,True,True,False,,False,False
INC0005781,Closed,False,0,0,1,False,Caller 3936,?,2016-03-11 09:06:00,?,,Updated by 908,2016-03-24 18:51:00,Phone,Location 51,Category 32,Subcategory 9,Symptom 105,?,2 - Medium,2 - Medium,3 - Moderate,Group 70,Resolver 94,False,False,Do Not Notify,?,?,?,?,code 7,?,,2016-03-24 18:51:00,True,True,False,True,True,False,,False,False
INC0005798,Closed,False,0,0,2,False,Caller 117,?,2016-03-11 09:24:00,?,,Updated by 908,2016-03-24 18:51:00,Phone,Location 143,Category 32,Subcategory 9,?,?,2 - Medium,2 - Medium,3 - Moderate,Group 70,Resolver 94,False,False,Do Not Notify,?,?,?,?,code 7,?,,2016-03-24 18:51:00,True,True,False,True,True,False,,False,False
INC0005811,Closed,False,0,0,1,False,Caller 456,Opened by  501,2016-03-11 09:34:00,?,,Updated by 908,2016-03-24 18:51:00,Phone,Location 204,Category 20,Subcategory 103,?,?,2 - Medium,2 - Medium,3 - Moderate,Group 70,Resolver 233,False,False,Do Not Notify,?,?,?,?,code 6,Resolved by 212,,2016-03-24 18:51:00,True,True,False,True,True,False,,False,False
INC0005821,Closed,False,0,0,1,False,Caller 2215,Opened by  501,2016-03-11 09:42:00,?,,Updated by 908,2016-03-24 18:51:00,Phone,Location 143,Category 42,Subcategory 223,?,?,2 - Medium,2 - Medium,3 - Moderate,Group 70,Resolver 233,False,False,Do Not Notify,?,?,?,?,code 6,Resolved by 212,,2016-03-24 18:51:00,True,True,False,True,True,False,,False,False
INC0005855,Closed,False,0,0,1,False,Caller 4592,?,2016-03-11 10:18:00,?,,Updated by 908,2016-03-24 18:51:00,Phone,Location 204,Category 32,Subcategory 9,?,?,2 - Medium,2 - Medium,3 - Moderate,Group 70,Resolver 17,False,False,Do Not Notify,?,?,?,?,code 7,?,,2016-03-24 18:51:00,True,True,False,True,True,False,,False,False
INC0005863,Closed,False,0,0,1,False,Caller 3879,Opened by  301,2016-03-11 10:25:00,?,,Updated by 908,2016-03-24 18:51:00,Phone,Location 43,Category 32,Subcategory 174,Symptom 491,?,2 - Medium,2 - Medium,3 - Moderate,Group 70,Resolver 149,False,False,Do Not Notify,?,?,?,?,code 9,Resolved by 133,,2016-03-24 18:51:00,True,True,False,True,True,False,,False,False
INC0005891,Closed,False,0,0,1,False,Caller 1771,?,2016-03-11 10:47:00,?,,Updated by 908,2016-03-24 18:51:00,Phone,Location 143,Category 32,Subcategory 9,?,?,2 - Medium,2 - Medium,3 - Moderate,Group 70,Resolver 17,False,False,Do Not Notify,?,?,?,?,code 7,?,,2016-03-24 18:51:00,True,True,False,True,True,False,,False,False
INC0005898,Closed,False,0,0,1,False,Caller 2614,Opened by  301,2016-03-11 10:53:00,?,,Updated by 908,2016-03-24 18:51:00,Phone,Location 51,Category 32,Subcategory 174,Symptom 491,?,2 - Medium,2 - Medium,3 - Moderate,Group 70,Resolver 149,False,False,Do Not Notify,?,?,?,?,code 9,Resolved by 133,,2016-03-24 18:51:00,True,True,False,True,True,False,,False,False
INC0005922,Closed,False,0,0,1,False,Caller 298,?,2016-03-11 11:17:00,?,,Updated by 908,2016-03-24 18:51:00,Phone,Location 143,Category 32,Subcategory 9,?,?,2 - Medium,2 - Medium,3 - Moderate,Group 70,Resolver 15,False,False,Do Not Notify,?,?,?,?,code 7,?,,2016-03-24 18:51:00,True,True,False,True,True,False,,False,False
INC0005965,Closed,False,0,0,1,True,Caller 2731,Opened by  131,2016-03-11 11:59:00,?,,Updated by 908,2016-03-24 18:51:00,Phone,Location 70,Category 32,Subcategory 9,Symptom 491,?,3 - Low,3 - Low,4 - Low,Group 70,Resolver 73,False,False,Do Not Notify,?,?,?,?,code 7,Resolved by 66,,2016-03-24 18:51:00,True,True,False,True,True,False,,False,False
INC0006109,Closed,False,0,0,1,False,Caller 3662,Opened by  301,2016-03-11 14:58:00,?,,Updated by 908,2016-03-24 18:51:00,Phone,Location 93,Category 35,Subcategory 28,Symptom 506,?,2 - Medium,2 - Medium,3 - Moderate,Group 70,Resolver 149,False,False,Do Not Notify,?,?,?,?,code 9,Resolved by 133,,2016-03-24 18:51:00,True,True,False,True,True,False,,False,False
INC0006128,Closed,False,0,0,1,False,Caller 4459,?,2016-03-11 15:19:00,?,,Updated by 908,2016-03-24 18:51:00,Phone,Location 108,Category 32,Subcategory 9,?,?,2 - Medium,2 - Medium,3 - Moderate,Group 70,Resolver 127,False,False,Do Not Notify,?,?,?,?,code 7,?,,2016-03-24 18:51:00,True,True,False,True,True,False,,False,False
INC0006166,Closed,False,0,0,1,False,Caller 5549,Opened by  108,2016-03-11 15:48:00,?,,Updated by 908,2016-03-24 18:51:00,Phone,Location 161,Category 26,Subcategory 175,Symptom 130,?,2 - Medium,2 - Medium,3 - Moderate,Group 70,Resolver 56,False,False,Do Not Notify,?,?,?,?,code 6,Resolved by 52,,2016-03-24 18:51:00,True,True,False,True,True,False,,False,False
INC0006171,Closed,False,0,0,1,False,Caller 339,?,2016-03-11 16:02:00,?,,Updated by 908,2016-03-24 18:51:00,Phone,Location 143,Category 32,Subcategory 9,?,?,2 - Medium,2 - Medium,3 - Moderate,Group 70,Resolver 127,False,False,Do Not Notify,?,?,?,?,code 7,?,,2016-03-24 18:51:00,True,True,False,True,True,False,,False,False
INC0006205,Closed,False,0,0,1,False,Caller 1843,?,2016-03-11 16:50:00,?,,Updated by 908,2016-03-24 18:51:00,Phone,Location 204,Category 32,Subcategory 9,?,?,2 - Medium,2 - Medium,3 - Moderate,Group 70,Resolver 17,False,False,Do Not Notify,?,?,?,?,code 7,?,,2016-03-24 18:51:00,True,True,False,True,True,False,,False,False
INC0006261,Closed,False,0,0,1,False,Caller 693,Opened by  17,2016-03-12 08:56:00,?,,Updated by 908,2016-05-23 11:07:00,Phone,Location 204,Category 57,Subcategory 170,?,?,2 - Medium,2 - Medium,3 - Moderate,Group 65,Resolver 13,False,False,Do Not Notify,?,?,?,?,code 8,Resolved by 11,,2016-05-23 11:07:00,True,True,False,True,True,False,,False,False
INC0006268,Closed,False,0,0,1,False,Caller 4665,Opened by  17,2016-03-12 10:18:00,?,,Updated by 908,2016-03-24 18:51:00,Phone,Location 161,Category 26,Subcategory 175,Symptom 491,?,2 - Medium,2 - Medium,3 - Moderate,Group 70,Resolver 13,False,False,Do Not Notify,?,?,?,?,code 6,Resolved by 11,,2016-03-24 18:51:00,True,True,False,True,True,False,,False,False
INC0006287,Closed,False,0,0,1,False,Caller 5339,Opened by  240,2016-03-12 15:36:00,?,,Updated by 908,2016-03-24 18:51:00,Phone,Location 204,Category 26,Subcategory 175,Symptom 120,?,2 - Medium,2 - Medium,3 - Moderate,Group 70,Resolver 127,False,False,Do Not Notify,?,?,?,?,code 7,Resolved by 115,,2016-03-24 18:51:00,True,True,False,True,True,False,,False,False
INC0006294,Closed,False,0,0,1,False,Caller 1745,Opened by  47,2016-03-12 22:54:00,?,,Updated by 908,2016-03-24 18:51:00,Phone,Location 204,Category 20,Subcategory 125,Symptom 116,?,2 - Medium,2 - Medium,3 - Moderate,Group 70,Resolver 26,False,False,Do Not Notify,?,?,?,?,code 6,Resolved by 24,,2016-03-24 18:51:00,True,True,False,True,True,False,,False,False
INC0006350,Closed,False,0,0,1,False,Caller 5563,Opened by  397,2016-03-14 00:22:00,?,,Updated by 908,2016-03-24 18:51:00,Phone,Location 204,Category 42,Subcategory 174,?,?,2 - Medium,2 - Medium,3 - Moderate,Group 70,Resolver 191,False,False,Do Not Notify,?,?,?,?,code 7,Resolved by 174,,2016-03-24 18:51:00,True,True,False,True,True,False,,False,False
INC0006371,Closed,False,0,0,1,False,Caller 687,Opened by  8,2016-03-14 05:22:00,?,,Updated by 908,2016-03-24 18:51:00,Phone,Location 161,Category 26,Subcategory 175,Symptom 116,?,2 - Medium,2 - Medium,3 - Moderate,Group 70,Resolver 6,False,False,Do Not Notify,?,?,?,?,code 7,Resolved by 5,,2016-03-24 18:51:00,True,True,False,True,True,False,,False,False
INC0006399,Closed,False,0,0,1,True,Caller 258,Opened by  131,2016-03-14 08:20:00,?,,Updated by 908,2016-03-24 18:52:00,Phone,Location 108,Category 42,Subcategory 223,Symptom 534,?,3 - Low,3 - Low,4 - Low,Group 70,Resolver 73,False,False,Do Not Notify,?,?,?,?,code 7,Resolved by 66,,2016-03-24 18:52:00,True,True,False,True,True,False,,False,False
INC0006456,Closed,False,0,0,1,False,Caller 4122,Opened by  17,2016-03-14 09:04:00,?,,Updated by 908,2016-03-24 18:52:00,Phone,Location 241,Category 32,Subcategory 9,Symptom 491,?,2 - Medium,2 - Medium,3 - Moderate,Group 70,Resolver 13,False,False,Do Not Notify,?,?,?,?,code 7,Resolved by 11,,2016-03-24 18:52:00,True,True,False,True,True,False,,False,False
INC0006458,Closed,False,0,0,1,False,Caller 4934,Opened by  17,2016-03-14 09:05:00,?,,Updated by 908,2016-03-24 18:52:00,Phone,Location 51,Category 42,Subcategory 223,Symptom 534,?,2 - Medium,2 - Medium,3 - Moderate,Group 70,Resolver 13,False,False,Do Not Notify,?,?,?,?,code 6,Resolved by 11,,2016-03-24 18:52:00,True,True,False,True,True,False,,False,False
INC0006460,Closed,False,1,0,2,False,Caller 3027,Opened by  17,2016-03-14 09:06:00,?,,Updated by 908,2016-03-24 19:00:00,Phone,Location 51,Category 44,Subcategory 174,Symptom 491,?,2 - Medium,2 - Medium,3 - Moderate,Group 70,Resolver 13,False,False,Do Not Notify,?,?,?,?,code 8,Resolved by 11,,2016-03-24 19:00:00,True,True,False,True,True,False,,False,False
INC0006468,Closed,False,0,0,1,False,Caller 2847,Opened by  17,2016-03-14 09:15:00,?,,Updated by 908,2016-03-24 18:52:00,Phone,Location 38,Category 46,Subcategory 174,?,?,2 - Medium,2 - Medium,3 - Moderate,Group 70,Resolver 17,False,False,Do Not Notify,?,?,?,?,code 7,Resolved by 11,,2016-03-24 18:52:00,True,True,False,True,True,False,,False,False
INC0006482,Closed,False,0,0,1,False,Caller 330,Opened by  17,2016-03-14 09:25:00,?,,Updated by 908,2016-03-24 18:52:00,Phone,Location 143,Category 32,Subcategory 9,Symptom 491,?,2 - Medium,2 - Medium,3 - Moderate,Group 70,Resolver 13,False,False,Do Not Notify,?,?,?,?,code 7,Resolved by 11,,2016-03-24 18:52:00,True,True,False,True,True,False,,False,False
INC0006489,Closed,False,0,0,1,False,Caller 1944,Opened by  17,2016-03-14 09:31:00,?,,Updated by 908,2016-03-24 18:52:00,Phone,Location 161,Category 42,Subcategory 223,Symptom 534,?,2 - Medium,2 - Medium,3 - Moderate,Group 70,Resolver 13,False,False,Do Not Notify,?,?,?,?,code 6,Resolved by 11,,2016-03-24 18:52:00,True,True,False,True,True,False,,False,False
INC0006496,Closed,False,0,0,1,False,Caller 4774,Opened by  17,2016-03-14 09:37:00,?,,Updated by 908,2016-03-24 18:52:00,Phone,Location 229,Category 46,Subcategory 223,?,?,2 - Medium,2 - Medium,3 - Moderate,Group 70,Resolver 17,False,False,Do Not Notify,?,?,?,?,code 7,Resolved by 11,,2016-03-24 18:52:00,True,True,False,True,True,False,,False,False
INC0006501,Closed,False,1,0,2,False,Caller 3936,Opened by  17,2016-03-14 09:44:00,?,,Updated by 908,2016-03-24 19:00:00,Phone,Location 51,Category 44,Subcategory 174,Symptom 491,?,2 - Medium,2 - Medium,3 - Moderate,Group 70,Resolver 13,False,False,Do Not Notify,?,?,?,?,code 8,Resolved by 11,,2016-03-24 19:00:00,True,True,False,True,True,False,,False,False
INC0006515,Closed,False,0,0,1,False,Caller 1275,Opened by  17,2016-03-14 10:00:00,?,,Updated by 908,2016-03-24 18:52:00,Phone,Location 143,Category 46,Subcategory 174,Symptom 491,?,2 - Medium,2 - Medium,3 - Moderate,Group 70,Resolver 13,False,False,Do Not Notify,?,?,?,?,code 8,Resolved by 11,,2016-03-24 18:52:00,True,True,False,True,True,False,,False,False
INC0006518,Closed,False,0,0,1,False,Caller 2512,Opened by  17,2016-03-14 10:02:00,?,,Updated by 908,2016-03-24 18:52:00,Phone,Location 161,Category 42,Subcategory 223,Symptom 534,?,2 - Medium,2 - Medium,3 - Moderate,Group 70,Resolver 17,False,False,Do Not Notify,?,?,?,?,code 6,Resolved by 11,,2016-03-24 18:52:00,True,True,False,True,True,False,,False,False
INC0006531,Closed,False,0,0,1,False,Caller 5244,Opened by  17,2016-03-14 10:09:00,?,,Updated by 908,2016-03-24 18:52:00,Phone,Location 143,Category 46,Subcategory 174,?,?,2 - Medium,2 - Medium,3 - Moderate,Group 70,Resolver 13,False,False,Do Not Notify,?,?,?,?,code 8,Resolved by 11,,2016-03-24 18:52:00,True,True,False,True,True,False,,False,False
INC0006539,Closed,False,1,0,2,False,Caller 2954,Opened by  240,2016-03-14 10:15:00,?,,Updated by 908,2016-03-24 19:00:00,Phone,Location 249,Category 44,Subcategory 60,Symptom 491,?,2 - Medium,2 - Medium,3 - Moderate,Group 70,Resolver 127,False,False,Do Not Notify,?,?,?,?,code 7,Resolved by 115,,2016-03-24 19:00:00,True,True,False,True,True,False,,False,False
INC0006572,Closed,False,0,0,1,False,Caller 1944,Opened by  17,2016-03-14 10:35:00,?,,Updated by 908,2016-03-24 18:52:00,Phone,Location 161,Category 32,Subcategory 9,Symptom 491,?,2 - Medium,2 - Medium,3 - Moderate,Group 70,Resolver 13,False,False,Do Not Notify,?,?,?,?,code 6,Resolved by 11,,2016-03-24 18:52:00,True,True,False,True,True,False,,False,False
INC0006576,Closed,False,0,0,1,False,Caller 3936,Opened by  501,2016-03-14 10:37:00,?,,Updated by 908,2016-03-24 18:52:00,Phone,Location 51,Category 42,Subcategory 223,?,?,2 - Medium,2 - Medium,3 - Moderate,Group 70,Resolver 233,False,False,Do Not Notify,?,?,?,?,code 6,Resolved by 212,,2016-03-24 18:52:00,True,True,False,True,True,False,,False,False
INC0006577,Closed,False,0,0,1,False,Caller 181,Opened by  17,2016-03-14 10:37:00,?,,Updated by 908,2016-03-24 18:52:00,Phone,Location 51,Category 42,Subcategory 223,Symptom 534,?,2 - Medium,2 - Medium,3 - Moderate,Group 70,Resolver 94,False,False,Do Not Notify,?,?,?,?,code 7,Resolved by 11,,2016-03-24 18:52:00,True,True,False,True,True,False,,False,False
INC0006615,Closed,False,0,0,1,False,Caller 4745,Opened by  17,2016-03-14 11:11:00,?,,Updated by 908,2016-03-24 18:52:00,Phone,Location 143,Category 46,Subcategory 174,Symptom 491,?,2 - Medium,2 - Medium,3 - Moderate,Group 70,Resolver 13,False,False,Do Not Notify,?,?,?,?,code 8,Resolved by 11,,2016-03-24 18:52:00,True,True,False,True,True,False,,False,False
INC0006633,Closed,False,0,0,1,False,Caller 4174,Opened by  17,2016-03-14 11:23:00,?,,Updated by 908,2016-03-24 18:52:00,Phone,Location 43,Category 42,Subcategory 223,Symptom 534,?,2 - Medium,2 - Medium,3 - Moderate,Group 70,Resolver 13,False,False,Do Not Notify,?,?,?,?,code 6,Resolved by 11,,2016-03-24 18:52:00,True,True,False,True,True,False,,False,False
INC0006635,Closed,False,0,0,1,False,Caller 1713,Opened by  17,2016-03-14 11:24:00,?,,Updated by 908,2016-03-24 18:52:00,Phone,Location 143,Category 46,Subcategory 174,?,?,2 - Medium,2 - Medium,3 - Moderate,Group 70,Resolver 13,False,False,Do Not Notify,?,?,?,?,code 8,Resolved by 11,,2016-03-24 18:52:00,True,True,False,True,True,False,,False,False
INC0006682,Closed,False,0,0,1,False,Caller 1839,Opened by  17,2016-03-14 12:26:00,?,,Updated by 908,2016-03-24 18:52:00,Phone,Location 204,Category 46,Subcategory 174,?,?,2 - Medium,2 - Medium,3 - Moderate,Group 70,Resolver 13,False,False,Do Not Notify,?,?,?,?,code 8,Resolved by 11,,2016-03-24 18:52:00,True,True,False,True,True,False,,False,False
INC0006707,Closed,False,0,0,1,True,Caller 5440,Opened by  131,2016-03-14 13:07:00,?,,Updated by 908,2016-03-24 18:52:00,Phone,Location 204,Category 37,Subcategory 135,Symptom 87,?,3 - Low,3 - Low,4 - Low,Group 70,Resolver 73,False,False,Do Not Notify,?,?,?,?,code 7,Resolved by 66,,2016-03-24 18:52:00,True,True,False,True,True,False,,False,False
INC0006747,Closed,False,0,0,1,False,Caller 2983,Opened by  501,2016-03-14 13:45:00,?,,Updated by 908,2016-03-24 18:52:00,Phone,Location 39,Category 20,Subcategory 103,Symptom 491,?,2 - Medium,2 - Medium,3 - Moderate,Group 70,Resolver 233,False,False,Do Not Notify,?,?,?,?,code 6,Resolved by 212,,2016-03-24 18:52:00,True,True,False,True,True,False,,False,False
INC0006791,Closed,False,0,0,1,False,Caller 4934,Opened by  17,2016-03-14 14:33:00,?,,Updated by 908,2016-03-24 18:52:00,Phone,Location 51,Category 42,Subcategory 223,Symptom 534,?,2 - Medium,2 - Medium,3 - Moderate,Group 70,Resolver 13,False,False,Do Not Notify,?,?,?,?,code 6,Resolved by 11,,2016-03-24 18:52:00,True,True,False,True,True,False,,False,False
INC0006863,Closed,False,0,0,1,False,Caller 298,Opened by  17,2016-03-14 15:58:00,?,,Updated by 908,2016-03-24 18:52:00,Phone,Location 143,Category 42,Subcategory 223,Symptom 534,?,2 - Medium,2 - Medium,3 - Moderate,Group 70,Resolver 13,False,False,Do Not Notify,?,?,?,?,code 6,Resolved by 11,,2016-03-24 18:52:00,True,True,False,True,True,False,,False,False
INC0006892,Closed,False,0,0,1,False,Caller 1307,Opened by  500,2016-03-14 16:43:00,?,,Updated by 908,2016-03-24 18:52:00,Phone,Location 93,Category 42,Subcategory 223,Symptom 534,?,2 - Medium,2 - Medium,3 - Moderate,Group 70,Resolver 232,True,False,Do Not Notify,?,?,?,?,code 6,Resolved by 211,,2016-03-24 18:52:00,True,True,False,True,True,False,,False,False
INC0006963,Closed,False,0,0,1,False,Caller 3042,Opened by  443,2016-03-15 04:34:00,?,,Updated by 908,2016-03-24 19:00:00,Phone,Location 108,Category 26,Subcategory 174,Symptom 491,?,2 - Medium,2 - Medium,3 - Moderate,Group 70,Resolver 208,True,False,Do Not Notify,?,?,?,?,code 6,Resolved by 189,,2016-03-24 19:00:00,True,True,False,True,True,False,,False,False
INC0006979,Closed,False,0,0,1,False,Caller 4058,Opened by  17,2016-03-15 07:39:00,?,,Updated by 908,2016-03-24 19:00:00,Phone,Location 143,Category 26,Subcategory 175,Symptom 491,?,2 - Medium,2 - Medium,3 - Moderate,Group 70,Resolver 13,False,False,Do Not Notify,?,?,?,?,code 6,Resolved by 11,,2016-03-24 19:00:00,True,True,False,True,True,False,,False,False
INC0007007,Closed,False,0,0,1,False,Caller 3160,Opened by  17,2016-03-15 08:24:00,?,,Updated by 908,2016-03-24 19:00:00,Phone,Location 204,Category 28,Subcategory 174,?,?,2 - Medium,2 - Medium,3 - Moderate,Group 70,Resolver 13,False,False,Do Not Notify,?,?,?,?,code 6,Resolved by 11,,2016-03-24 19:00:00,True,True,False,True,True,False,,False,False
INC0007054,Closed,False,0,0,1,False,Caller 305,Opened by  17,2016-03-15 08:59:00,?,,Updated by 908,2016-03-24 19:00:00,Phone,Location 179,Category 32,Subcategory 9,Symptom 491,?,2 - Medium,2 - Medium,3 - Moderate,Group 70,Resolver 13,False,False,Do Not Notify,?,?,?,?,code 8,Resolved by 11,,2016-03-24 19:00:00,True,True,False,True,True,False,,False,False
INC0007071,Closed,False,0,0,1,False,Caller 501,Opened by  17,2016-03-15 09:14:00,?,,Updated by 908,2016-03-24 19:00:00,Phone,Location 47,Category 42,Subcategory 223,Symptom 534,?,2 - Medium,2 - Medium,3 - Moderate,Group 70,Resolver 13,False,False,Do Not Notify,?,?,?,?,code 6,Resolved by 11,,2016-03-24 19:00:00,True,True,False,True,True,False,,False,False
INC0007072,Closed,False,0,0,1,False,Caller 5026,Opened by  17,2016-03-15 09:15:00,?,,Updated by 908,2016-03-24 19:00:00,Phone,Location 135,Category 40,Subcategory 44,?,?,2 - Medium,2 - Medium,3 - Moderate,Group 70,Resolver 13,False,False,Do Not Notify,?,?,?,?,code 6,Resolved by 11,,2016-03-24 19:00:00,True,True,False,True,True,False,,False,False
INC0007095,Closed,False,0,0,1,False,Caller 3943,Opened by  17,2016-03-15 09:36:00,?,,Updated by 908,2016-03-24 19:01:00,Phone,Location 204,Category 46,Subcategory 174,?,?,2 - Medium,2 - Medium,3 - Moderate,Group 70,Resolver 94,False,False,Do Not Notify,?,?,?,?,code 6,Resolved by 11,,2016-03-24 19:01:00,True,True,False,True,True,False,,False,False
INC0007101,Closed,False,0,0,1,False,Caller 2011,Opened by  17,2016-03-15 09:41:00,?,,Updated by 908,2016-03-24 19:01:00,Phone,Location 161,Category 42,Subcategory 174,Symptom 491,?,2 - Medium,2 - Medium,3 - Moderate,Group 70,Resolver 13,False,False,Do Not Notify,?,?,?,?,code 8,Resolved by 11,,2016-03-24 19:01:00,True,True,False,True,True,False,,False,False
INC0007107,Closed,False,0,0,1,False,Caller 2739,Opened by  17,2016-03-15 09:48:00,?,,Updated by 908,2016-03-24 19:01:00,Phone,Location 111,Category 42,Subcategory 174,Symptom 491,?,2 - Medium,2 - Medium,3 - Moderate,Group 70,Resolver 94,False,False,Do Not Notify,?,?,?,?,code 6,Resolved by 11,,2016-03-24 19:01:00,True,True,False,True,True,False,,False,False
INC0007136,Closed,False,0,0,1,False,Caller 3041,Opened by  17,2016-03-15 10:13:00,?,,Updated by 908,2016-03-24 19:01:00,Phone,Location 51,Category 32,Subcategory 9,Symptom 491,?,2 - Medium,2 - Medium,3 - Moderate,Group 70,Resolver 13,False,False,Do Not Notify,?,?,?,?,code 6,Resolved by 11,,2016-03-24 19:01:00,True,True,False,True,True,False,,False,False
INC0007280,Closed,False,0,0,1,False,Caller 2414,Opened by  501,2016-03-15 12:48:00,?,,Updated by 908,2016-03-24 19:01:00,Phone,Location 161,Category 42,Subcategory 223,?,?,2 - Medium,2 - Medium,3 - Moderate,Group 70,Resolver 233,False,False,Do Not Notify,?,?,?,?,code 6,Resolved by 212,,2016-03-24 19:01:00,True,True,False,True,True,False,,False,False
INC0007283,Closed,False,0,0,1,False,Caller 445,Opened by  55,2016-03-15 13:00:00,?,,Updated by 908,2016-03-24 19:01:00,Phone,Location 179,Category 32,Subcategory 174,Symptom 491,?,2 - Medium,2 - Medium,3 - Moderate,Group 70,Resolver 28,False,False,Do Not Notify,?,?,?,?,code 7,Resolved by 27,,2016-03-24 19:01:00,True,True,False,True,True,False,,False,False
INC0007286,Closed,False,0,0,1,False,Caller 4968,Opened by  17,2016-03-15 13:08:00,?,,Updated by 908,2016-03-24 19:01:00,Phone,Location 161,Category 32,Subcategory 9,?,?,2 - Medium,2 - Medium,3 - Moderate,Group 70,Resolver 13,False,False,Do Not Notify,?,?,?,?,code 8,Resolved by 11,,2016-03-24 19:01:00,True,True,False,True,True,False,,False,False
INC0007289,Closed,False,0,0,1,False,Caller 2414,Opened by  501,2016-03-15 13:12:00,?,,Updated by 908,2016-03-24 19:01:00,Phone,Location 161,Category 26,Subcategory 175,?,?,2 - Medium,2 - Medium,3 - Moderate,Group 70,Resolver 233,False,False,Do Not Notify,?,?,?,?,code 6,Resolved by 212,,2016-03-24 19:01:00,True,True,False,True,True,False,,False,False
INC0007298,Closed,False,0,0,1,False,Caller 3668,Opened by  500,2016-03-15 13:28:00,?,,Updated by 908,2016-03-24 19:01:00,Phone,Location 39,Category 42,Subcategory 223,Symptom 534,?,2 - Medium,2 - Medium,3 - Moderate,Group 70,Resolver 232,False,False,Do Not Notify,?,?,?,?,code 9,Resolved by 211,,2016-03-24 19:01:00,True,True,False,True,True,False,,False,False
INC0007299,Closed,False,0,0,1,False,Caller 2416,Opened by  501,2016-03-15 13:29:00,?,,Updated by 908,2016-03-24 19:01:00,Phone,Location 113,Category 32,Subcategory 9,?,?,2 - Medium,2 - Medium,3 - Moderate,Group 70,Resolver 233,False,False,Do Not Notify,?,?,?,?,code 6,Resolved by 212,,2016-03-24 19:01:00,True,True,False,True,True,False,,False,False
INC0007309,Closed,False,0,0,1,False,Caller 1307,Opened by  55,2016-03-15 13:42:00,?,,Updated by 908,2016-03-24 19:01:00,Phone,Location 93,Category 46,Subcategory 223,?,?,2 - Medium,2 - Medium,3 - Moderate,Group 70,Resolver 28,False,False,Do Not Notify,?,?,?,?,code 6,Resolved by 27,,2016-03-24 19:01:00,True,True,False,True,True,False,,False,False
INC0007358,Closed,False,0,0,1,False,Caller 3224,Opened by  17,2016-03-15 14:57:00,?,,Updated by 908,2016-03-24 19:01:00,Phone,Location 204,Category 42,Subcategory 223,Symptom 534,?,2 - Medium,2 - Medium,3 - Moderate,Group 70,Resolver 13,False,False,Do Not Notify,?,?,?,?,code 6,Resolved by 11,,2016-03-24 19:01:00,True,True,False,True,True,False,,False,False
INC0007374,Closed,False,0,0,1,False,Caller 4302,Opened by  17,2016-03-15 15:19:00,?,,Updated by 908,2016-03-24 19:01:00,Phone,Location 143,Category 46,Subcategory 174,Symptom 491,?,2 - Medium,2 - Medium,3 - Moderate,Group 70,Resolver 127,False,False,Do Not Notify,?,?,?,?,code 6,Resolved by 11,,2016-03-24 19:01:00,True,True,False,True,True,False,,False,False
INC0007387,Closed,False,0,0,1,False,Caller 4984,Opened by  500,2016-03-15 15:36:00,?,,Updated by 908,2016-03-24 19:01:00,Phone,Location 143,Category 42,Subcategory 223,Symptom 534,?,2 - Medium,2 - Medium,3 - Moderate,Group 70,Resolver 232,False,False,Do Not Notify,?,?,?,?,code 9,Resolved by 211,,2016-03-24 19:01:00,True,True,False,True,True,False,,False,False
INC0007416,Closed,False,0,0,1,False,Caller 4174,Opened by  17,2016-03-15 16:19:00,?,,Updated by 908,2016-03-24 19:01:00,Phone,Location 43,Category 42,Subcategory 223,Symptom 534,?,2 - Medium,2 - Medium,3 - Moderate,Group 70,Resolver 13,False,False,Do Not Notify,?,?,?,?,code 6,Resolved by 11,,2016-03-24 19:01:00,True,True,False,True,True,False,,False,False
INC0007437,Closed,False,0,0,1,False,Caller 4696,Opened by  55,2016-03-15 17:10:00,?,,Updated by 908,2016-03-24 19:01:00,Phone,Location 108,Category 46,Subcategory 223,?,?,2 - Medium,2 - Medium,3 - Moderate,Group 70,Resolver 28,False,False,Do Not Notify,?,?,?,?,code 6,Resolved by 27,,2016-03-24 19:01:00,True,True,False,True,True,False,,False,False
INC0007493,Closed,False,0,0,1,True,Caller 3408,Opened by  443,2016-03-16 02:37:00,?,,Updated by 908,2016-03-24 19:01:00,Phone,Location 204,Category 53,Subcategory 174,?,?,2 - Medium,2 - Medium,3 - Moderate,Group 70,Resolver 208,False,False,Do Not Notify,?,?,?,?,code 6,Resolved by 189,,2016-03-24 19:01:00,True,True,False,True,True,False,,False,False
INC0007510,Closed,False,0,0,1,True,Caller 5422,Opened by  17,2016-03-16 06:56:00,?,,Updated by 908,2016-03-24 19:01:00,Phone,Location 143,Category 42,Subcategory 223,Symptom 534,?,2 - Medium,2 - Medium,3 - Moderate,Group 70,Resolver 94,False,False,Do Not Notify,?,?,?,?,code 6,Resolved by 11,,2016-03-24 19:01:00,True,True,False,True,True,False,,False,False
INC0007544,Closed,False,0,0,1,True,Caller 231,Opened by  17,2016-03-16 08:37:00,?,,Updated by 908,2016-03-24 19:01:00,Phone,Location 143,Category 26,Subcategory 175,Symptom 491,?,2 - Medium,2 - Medium,3 - Moderate,Group 70,Resolver 13,False,False,Do Not Notify,?,?,?,?,code 7,Resolved by 11,,2016-03-24 19:01:00,True,True,False,True,True,False,,False,False
INC0007588,Closed,False,0,0,1,True,Caller 723,Opened by  17,2016-03-16 09:17:00,?,,Updated by 908,2016-03-24 19:01:00,Phone,Location 93,Category 32,Subcategory 174,Symptom 491,?,2 - Medium,2 - Medium,3 - Moderate,Group 70,Resolver 13,False,False,Do Not Notify,?,?,?,?,code 7,Resolved by 11,,2016-03-24 19:01:00,True,True,False,True,True,False,,False,False
INC0007596,Closed,False,0,0,1,True,Caller 3805,Opened by  79,2016-03-16 09:22:00,?,,Updated by 908,2016-03-24 19:01:00,Phone,Location 51,Category 53,Subcategory 78,?,?,2 - Medium,2 - Medium,3 - Moderate,Group 76,Resolver 43,False,False,Do Not Notify,?,?,?,?,code 6,Resolved by 40,,2016-03-24 19:01:00,True,True,False,True,True,False,,False,False
INC0007601,Closed,False,0,0,1,True,Caller 505,Opened by  17,2016-03-16 09:27:00,?,,Updated by 908,2016-03-24 19:01:00,Phone,Location 93,Category 32,Subcategory 174,Symptom 491,?,2 - Medium,2 - Medium,3 - Moderate,Group 70,Resolver 13,False,False,Do Not Notify,?,?,?,?,code 7,Resolved by 11,,2016-03-24 19:01:00,True,True,False,True,True,False,,False,False
INC0007606,Closed,False,0,0,1,True,Caller 2843,Opened by  131,2016-03-16 09:34:00,?,,Updated by 908,2016-03-24 19:01:00,Phone,Location 204,Category 42,Subcategory 223,Symptom 534,?,3 - Low,3 - Low,4 - Low,Group 70,Resolver 73,False,False,Do Not Notify,?,?,?,?,code 7,Resolved by 66,,2016-03-24 19:01:00,True,True,False,True,True,False,,False,False
INC0007610,Closed,False,0,0,1,True,Caller 3805,Opened by  79,2016-03-16 09:39:00,?,,Updated by 908,2016-03-24 19:01:00,Phone,Location 51,Category 53,Subcategory 78,?,?,2 - Medium,2 - Medium,3 - Moderate,Group 76,Resolver 43,False,False,Do Not Notify,?,?,?,?,code 6,Resolved by 40,,2016-03-24 19:01:00,True,True,False,True,True,False,,False,False
INC0007618,Closed,False,0,0,1,True,Caller 4584,Opened by  17,2016-03-16 09:43:00,?,,Updated by 908,2016-03-24 19:01:00,Phone,Location 161,Category 40,Subcategory 174,Symptom 491,?,2 - Medium,2 - Medium,3 - Moderate,Group 70,Resolver 13,False,False,Do Not Notify,?,?,?,?,code 6,Resolved by 11,,2016-03-24 19:01:00,True,True,False,True,True,False,,False,False
INC0007619,Closed,False,0,0,1,True,Caller 3908,Opened by  17,2016-03-16 09:44:00,?,,Updated by 908,2016-03-24 19:01:00,Phone,Location 161,Category 32,Subcategory 174,Symptom 491,?,2 - Medium,2 - Medium,3 - Moderate,Group 70,Resolver 13,False,False,Do Not Notify,?,?,?,?,code 7,Resolved by 11,,2016-03-24 19:01:00,True,True,False,True,True,False,,False,False
INC0007628,Closed,False,0,0,1,True,Caller 706,Opened by  17,2016-03-16 09:52:00,?,,Updated by 908,2016-03-24 19:01:00,Phone,Location 143,Category 46,Subcategory 174,Symptom 491,?,2 - Medium,2 - Medium,3 - Moderate,Group 70,Resolver 127,False,False,Do Not Notify,?,?,?,?,code 8,Resolved by 11,,2016-03-24 19:01:00,True,True,False,True,True,False,,False,False
INC0007644,Closed,False,0,0,1,True,Caller 4188,Opened by  17,2016-03-16 10:13:00,?,,Updated by 908,2016-03-24 19:01:00,Phone,Location 93,Category 42,Subcategory 223,Symptom 534,?,2 - Medium,2 - Medium,3 - Moderate,Group 70,Resolver 33,False,False,Do Not Notify,?,?,?,?,code 6,Resolved by 11,,2016-03-24 19:01:00,True,True,False,True,True,False,,False,False
INC0007693,Closed,False,0,0,1,True,Caller 931,Opened by  301,2016-03-16 10:59:00,?,,Updated by 908,2016-03-24 19:01:00,Phone,Location 143,Category 32,Subcategory 9,Symptom 105,?,2 - Medium,2 - Medium,3 - Moderate,Group 70,Resolver 149,False,False,Do Not Notify,?,?,?,?,code 9,Resolved by 133,,2016-03-24 19:01:00,True,True,False,True,True,False,,False,False
INC0007698,Closed,False,0,0,1,True,Caller 4188,Opened by  17,2016-03-16 11:02:00,?,,Updated by 908,2016-03-24 19:01:00,Phone,Location 93,Category 46,Subcategory 174,Symptom 491,?,2 - Medium,2 - Medium,3 - Moderate,Group 70,Resolver 127,False,False,Do Not Notify,?,?,?,?,code 8,Resolved by 11,,2016-03-24 19:01:00,True,True,False,True,True,False,,False,False
INC0007706,Closed,False,0,0,1,True,Caller 3003,Opened by  24,2016-03-16 11:10:00,?,,Updated by 908,2016-03-24 19:01:00,Phone,Location 96,Category 35,Subcategory 28,Symptom 506,?,2 - Medium,2 - Medium,3 - Moderate,Group 70,Resolver 17,False,False,Do Not Notify,?,?,?,?,code 7,Resolved by 15,,2016-03-24 19:01:00,True,True,False,True,True,False,,False,False
INC0007725,Closed,False,0,0,1,True,Caller 1496,Opened by  17,2016-03-16 11:28:00,?,,Updated by 908,2016-03-24 19:01:00,Phone,Location 143,Category 46,Subcategory 174,Symptom 491,?,2 - Medium,2 - Medium,3 - Moderate,Group 70,Resolver 127,False,False,Do Not Notify,?,?,?,?,code 8,Resolved by 11,,2016-03-24 19:01:00,True,True,False,True,True,False,,False,False
INC0007747,Closed,False,0,0,1,True,Caller 164,Opened by  17,2016-03-16 11:52:00,?,,Updated by 908,2016-03-24 19:01:00,Phone,Location 108,Category 46,Subcategory 223,Symptom 491,?,2 - Medium,2 - Medium,3 - Moderate,Group 70,Resolver 13,False,False,Do Not Notify,?,?,?,?,code 7,Resolved by 11,,2016-03-24 19:01:00,True,True,False,True,True,False,,False,False
INC0007764,Closed,False,0,0,1,True,Caller 3887,Opened by  17,2016-03-16 12:09:00,?,,Updated by 908,2016-03-24 19:01:00,Phone,Location 249,Category 32,Subcategory 9,Symptom 491,?,2 - Medium,2 - Medium,3 - Moderate,Group 70,Resolver 13,False,False,Do Not Notify,?,?,?,?,code 7,Resolved by 11,,2016-03-24 19:01:00,True,True,False,True,True,False,,False,False
INC0007828,Closed,False,0,0,1,True,Caller 4463,Opened by  17,2016-03-16 14:14:00,?,,Updated by 908,2016-03-24 19:01:00,Phone,Location 93,Category 42,Subcategory 223,Symptom 534,?,2 - Medium,2 - Medium,3 - Moderate,Group 70,Resolver 13,False,False,Do Not Notify,?,?,?,?,code 6,Resolved by 11,,2016-03-24 19:01:00,True,True,False,True,True,False,,False,False
INC0007852,Closed,False,0,0,1,True,Caller 61,Opened by  55,2016-03-16 14:35:00,?,,Updated by 908,2016-03-24 19:01:00,Phone,Location 204,Category 46,Subcategory 223,?,?,2 - Medium,2 - Medium,3 - Moderate,Group 70,Resolver 28,False,False,Do Not Notify,?,?,?,?,code 6,Resolved by 27,,2016-03-24 19:01:00,True,True,False,True,True,False,,False,False
INC0007856,Closed,False,0,0,1,True,Caller 1579,Opened by  17,2016-03-16 14:38:00,?,,Updated by 908,2016-03-24 19:01:00,Phone,Location 143,Category 46,Subcategory 174,?,?,2 - Medium,2 - Medium,3 - Moderate,Group 70,Resolver 127,False,False,Do Not Notify,?,?,?,?,code 6,Resolved by 11,,2016-03-24 19:01:00,True,True,False,True,True,False,,False,False
INC0007874,Closed,False,0,0,1,True,Caller 5103,Opened by  17,2016-03-16 15:02:00,?,,Updated by 908,2016-03-24 19:01:00,Phone,Location 75,Category 46,Subcategory 174,Symptom 491,?,2 - Medium,2 - Medium,3 - Moderate,Group 70,Resolver 127,False,False,Do Not Notify,?,?,?,?,code 6,Resolved by 11,,2016-03-24 19:01:00,True,True,False,True,True,False,,False,False
INC0007879,Closed,False,0,0,1,True,Caller 3864,Opened by  301,2016-03-16 15:05:00,?,,Updated by 908,2016-03-24 19:01:00,Phone,Location 93,Category 32,Subcategory 174,Symptom 491,?,2 - Medium,2 - Medium,3 - Moderate,Group 70,Resolver 149,False,False,Do Not Notify,?,?,?,?,code 9,Resolved by 133,,2016-03-24 19:01:00,True,True,False,True,True,False,,False,False
INC0007907,Closed,False,0,0,1,True,Caller 618,Opened by  17,2016-03-16 15:41:00,?,,Updated by 908,2016-03-24 19:01:00,Phone,Location 108,Category 42,Subcategory 223,Symptom 534,?,2 - Medium,2 - Medium,3 - Moderate,Group 70,Resolver 13,False,False,Do Not Notify,?,?,?,?,code 6,Resolved by 11,,2016-03-24 19:01:00,True,True,False,True,True,False,,False,False
INC0007926,Closed,False,0,0,1,True,Caller 5328,Opened by  17,2016-03-16 16:09:00,?,,Updated by 908,2016-03-24 19:01:00,Phone,Location 143,Category 46,Subcategory 174,?,?,2 - Medium,2 - Medium,3 - Moderate,Group 70,Resolver 127,False,False,Do Not Notify,?,?,?,?,code 6,Resolved by 11,,2016-03-24 19:01:00,True,True,False,True,True,False,,False,False
INC0007931,Closed,False,0,0,1,True,Caller 5269,Opened by  17,2016-03-16 16:15:00,?,,Updated by 908,2016-03-24 19:01:00,Phone,Location 161,Category 42,Subcategory 223,Symptom 534,?,2 - Medium,2 - Medium,3 - Moderate,Group 70,Resolver 13,False,False,Do Not Notify,?,?,?,?,code 6,Resolved by 11,,2016-03-24 19:01:00,True,True,False,True,True,False,,False,False
INC0007962,Closed,False,0,0,1,True,Caller 2735,Opened by  17,2016-03-16 16:56:00,?,,Updated by 908,2016-03-24 19:01:00,Phone,Location 108,Category 42,Subcategory 223,Symptom 491,?,2 - Medium,2 - Medium,3 - Moderate,Group 70,Resolver 13,False,False,Do Not Notify,?,?,?,?,code 6,Resolved by 11,,2016-03-24 19:01:00,True,True,False,True,True,False,,False,False
INC0008056,Closed,False,0,0,1,True,Caller 1820,Opened by  17,2016-03-17 07:49:00,?,,Updated by 908,2016-03-24 19:01:00,Phone,Location 143,Category 32,Subcategory 174,Symptom 491,?,2 - Medium,2 - Medium,3 - Moderate,Group 70,Resolver 13,False,False,Do Not Notify,?,?,?,?,code 7,Resolved by 11,,2016-03-24 19:01:00,True,True,False,True,True,False,,False,False
INC0008117,Closed,False,0,0,1,True,Caller 1224,Opened by  17,2016-03-17 09:03:00,?,,Updated by 908,2016-03-24 19:02:00,Phone,Location 174,Category 32,Subcategory 9,?,?,2 - Medium,2 - Medium,3 - Moderate,Group 70,Resolver 13,False,False,Do Not Notify,?,?,?,?,code 7,Resolved by 11,,2016-03-24 19:02:00,True,True,False,True,True,False,,False,False
INC0008137,Closed,False,0,0,1,True,Caller 2036,Opened by  17,2016-03-17 09:22:00,?,,Updated by 908,2016-03-24 19:02:00,Phone,Location 108,Category 32,Subcategory 9,Symptom 491,?,2 - Medium,2 - Medium,3 - Moderate,Group 70,Resolver 13,False,False,Do Not Notify,?,?,?,?,code 6,Resolved by 11,,2016-03-24 19:02:00,True,True,False,True,True,False,,False,False
INC0008149,Closed,False,0,0,1,True,Caller 459,Opened by  17,2016-03-17 09:30:00,?,,Updated by 908,2016-03-24 19:02:00,Phone,Location 143,Category 32,Subcategory 9,?,?,2 - Medium,2 - Medium,3 - Moderate,Group 70,Resolver 127,False,False,Do Not Notify,?,?,?,?,code 8,Resolved by 11,,2016-03-24 19:02:00,True,True,False,True,True,False,,False,False
INC0008159,Closed,False,0,0,1,True,Caller 4353,Opened by  131,2016-03-17 09:36:00,?,,Updated by 908,2016-03-24 19:02:00,Phone,Location 38,Category 32,Subcategory 9,?,?,3 - Low,3 - Low,4 - Low,Group 70,Resolver 73,False,False,Do Not Notify,?,?,?,?,code 7,Resolved by 66,,2016-03-24 19:02:00,True,True,False,True,True,False,,False,False
INC0008165,Closed,False,0,0,1,True,Caller 4302,Opened by  17,2016-03-17 09:41:00,?,,Updated by 908,2016-03-24 19:02:00,Phone,Location 143,Category 42,Subcategory 174,Symptom 491,?,2 - Medium,2 - Medium,3 - Moderate,Group 70,Resolver 127,False,False,Do Not Notify,?,?,?,?,code 8,Resolved by 11,,2016-03-24 19:02:00,True,True,False,True,True,False,,False,False
INC0008170,Closed,False,0,0,1,True,Caller 2716,Opened by  131,2016-03-17 09:47:00,?,,Updated by 908,2016-03-24 19:02:00,Phone,Location 111,Category 42,Subcategory 223,Symptom 534,?,2 - Medium,2 - Medium,3 - Moderate,Group 70,Resolver 73,False,False,Do Not Notify,?,?,?,?,code 7,Resolved by 66,,2016-03-24 19:02:00,True,True,False,True,True,False,,False,False
INC0008175,Closed,False,0,0,1,True,Caller 2216,Opened by  17,2016-03-17 09:48:00,?,,Updated by 908,2016-03-24 19:02:00,Phone,Location 55,Category 46,Subcategory 174,?,?,2 - Medium,2 - Medium,3 - Moderate,Group 70,Resolver 127,False,False,Do Not Notify,?,?,?,?,code 8,Resolved by 11,,2016-03-24 19:02:00,True,True,False,True,True,False,,False,False
INC0008176,Closed,False,0,0,1,True,Caller 3654,Opened by  17,2016-03-17 09:49:00,?,,Updated by 908,2016-03-24 19:02:00,Phone,Location 204,Category 42,Subcategory 223,Symptom 534,?,2 - Medium,2 - Medium,3 - Moderate,Group 70,Resolver 13,False,False,Do Not Notify,?,?,?,?,code 6,Resolved by 11,,2016-03-24 19:02:00,True,True,False,True,True,False,,False,False
INC0008192,Closed,False,0,0,1,True,Caller 4820,Opened by  17,2016-03-17 10:05:00,?,,Updated by 908,2016-03-24 19:02:00,Phone,Location 143,Category 32,Subcategory 174,Symptom 491,?,2 - Medium,2 - Medium,3 - Moderate,Group 70,Resolver 13,False,False,Do Not Notify,?,?,?,?,code 7,Resolved by 11,,2016-03-24 19:02:00,True,True,False,True,True,False,,False,False
INC0008259,Closed,False,0,0,1,True,Caller 84,Opened by  17,2016-03-17 11:10:00,?,,Updated by 908,2016-03-24 19:02:00,Phone,Location 51,Category 42,Subcategory 174,Symptom 491,?,2 - Medium,2 - Medium,3 - Moderate,Group 70,Resolver 13,False,False,Do Not Notify,?,?,?,?,code 7,Resolved by 11,,2016-03-24 19:02:00,True,True,False,True,True,False,,False,False
INC0008266,Closed,False,0,0,1,True,Caller 4988,Opened by  131,2016-03-17 11:19:00,?,,Updated by 908,2016-03-24 19:02:00,Phone,Location 93,Category 42,Subcategory 223,Symptom 534,?,3 - Low,3 - Low,4 - Low,Group 70,Resolver 73,False,False,Do Not Notify,?,?,?,?,code 7,Resolved by 66,,2016-03-24 19:02:00,True,True,False,True,True,False,,False,False
INC0008268,Closed,False,0,0,1,True,Caller 257,Opened by  17,2016-03-17 11:23:00,?,,Updated by 908,2016-03-24 19:02:00,Phone,Location 93,Category 35,Subcategory 132,Symptom 403,?,2 - Medium,2 - Medium,3 - Moderate,Group 70,Resolver 13,False,False,Do Not Notify,?,?,?,?,code 9,Resolved by 11,,2016-03-24 19:02:00,True,True,False,True,True,False,,False,False
INC0008307,Closed,False,0,0,3,True,Caller 4967,Opened by  17,2016-03-17 12:31:00,?,,Updated by 908,2016-03-24 19:02:00,Phone,Location 143,Category 32,Subcategory 174,Symptom 491,?,2 - Medium,2 - Medium,3 - Moderate,Group 70,Resolver 13,False,False,Do Not Notify,?,?,?,?,code 10,Resolved by 11,,2016-03-24 19:02:00,True,True,False,True,True,False,,False,False
INC0008311,Closed,False,0,0,1,True,Caller 2535,Opened by  17,2016-03-17 12:40:00,?,,Updated by 908,2016-03-24 19:02:00,Phone,Location 44,Category 32,Subcategory 9,Symptom 491,?,2 - Medium,2 - Medium,3 - Moderate,Group 70,Resolver 13,False,False,Do Not Notify,?,?,?,?,code 7,Resolved by 11,,2016-03-24 19:02:00,True,True,False,True,True,False,,False,False
INC0008318,Closed,False,0,0,1,True,Caller 5309,Opened by  55,2016-03-17 13:06:00,?,,Updated by 908,2016-03-24 19:02:00,Phone,Location 111,Category 37,Subcategory 174,Symptom 491,?,2 - Medium,2 - Medium,3 - Moderate,Group 70,Resolver 28,False,False,Do Not Notify,?,?,?,?,code 6,Resolved by 27,,2016-03-24 19:02:00,True,True,False,True,True,False,,False,False
INC0008321,Closed,False,0,0,1,True,Caller 1283,Opened by  17,2016-03-17 13:14:00,?,,Updated by 908,2016-03-24 19:02:00,Phone,Location 161,Category 32,Subcategory 9,Symptom 105,?,2 - Medium,2 - Medium,3 - Moderate,Group 70,Resolver 13,False,False,Do Not Notify,?,?,?,?,code 9,Resolved by 11,,2016-03-24 19:02:00,True,True,False,True,True,False,,False,False
INC0008343,Closed,False,0,0,1,True,Caller 1037,Opened by  55,2016-03-17 13:50:00,?,,Updated by 908,2016-03-24 19:02:00,Phone,Location 143,Category 46,Subcategory 223,?,?,2 - Medium,2 - Medium,3 - Moderate,Group 70,Resolver 28,False,False,Do Not Notify,?,?,?,?,code 6,Resolved by 27,,2016-03-24 19:02:00,True,True,False,True,True,False,,False,False
INC0008393,Closed,False,0,0,1,True,Caller 4103,Opened by  55,2016-03-17 14:58:00,?,,Updated by 908,2016-03-24 19:02:00,Phone,Location 204,Category 46,Subcategory 223,?,?,2 - Medium,2 - Medium,3 - Moderate,Group 70,Resolver 28,False,False,Do Not Notify,?,?,?,?,code 6,Resolved by 27,,2016-03-24 19:02:00,True,True,False,True,True,False,,False,False
INC0008405,Closed,False,0,0,1,True,Caller 1905,Opened by  17,2016-03-17 15:14:00,?,,Updated by 908,2016-03-24 19:02:00,Phone,Location 75,Category 32,Subcategory 9,Symptom 491,?,2 - Medium,2 - Medium,3 - Moderate,Group 70,Resolver 13,False,False,Do Not Notify,?,?,?,?,code 6,Resolved by 11,,2016-03-24 19:02:00,True,True,False,True,True,False,,False,False
INC0008430,Closed,False,0,0,1,True,Caller 2040,Opened by  17,2016-03-17 15:54:00,?,,Updated by 908,2016-03-24 19:02:00,Phone,Location 108,Category 42,Subcategory 223,Symptom 534,?,2 - Medium,2 - Medium,3 - Moderate,Group 70,Resolver 13,False,False,Do Not Notify,?,?,?,?,code 6,Resolved by 11,,2016-03-24 19:02:00,True,True,False,True,True,False,,False,False
INC0008452,Closed,False,0,0,1,True,Caller 5631,Opened by  17,2016-03-17 16:39:00,?,,Updated by 908,2016-03-24 19:02:00,Phone,Location 51,Category 46,Subcategory 174,Symptom 491,?,2 - Medium,2 - Medium,3 - Moderate,Group 70,Resolver 127,False,False,Do Not Notify,?,?,?,?,code 6,Resolved by 11,,2016-03-24 19:02:00,True,True,False,True,True,False,,False,False
INC0008523,Closed,False,0,0,1,True,Caller 850,Opened by  17,2016-03-18 06:49:00,?,,Updated by 908,2016-03-24 19:02:00,Phone,Location 143,Category 42,Subcategory 174,Symptom 491,?,2 - Medium,2 - Medium,3 - Moderate,Group 70,Resolver 13,False,False,Do Not Notify,?,?,?,?,code 6,Resolved by 11,,2016-03-24 19:02:00,True,True,False,True,True,False,,False,False
INC0008539,Closed,False,0,0,1,True,Caller 4629,Opened by  17,2016-03-18 07:47:00,?,,Updated by 908,2016-03-24 19:02:00,Phone,Location 143,Category 42,Subcategory 223,Symptom 534,?,2 - Medium,2 - Medium,3 - Moderate,Group 70,Resolver 13,False,False,Do Not Notify,?,?,?,?,code 6,Resolved by 11,,2016-03-24 19:02:00,True,True,False,True,True,False,,False,False
INC0008601,Closed,False,0,0,1,True,Caller 442,Opened by  17,2016-03-18 09:19:00,?,,Updated by 908,2016-03-24 19:02:00,Phone,Location 143,Category 42,Subcategory 174,Symptom 491,?,2 - Medium,2 - Medium,3 - Moderate,Group 70,Resolver 13,False,False,Do Not Notify,?,?,?,?,code 8,Resolved by 11,,2016-03-24 19:02:00,True,True,False,True,True,False,,False,False
INC0008623,Closed,False,0,0,1,True,Caller 4715,Opened by  17,2016-03-18 09:38:00,?,,Updated by 908,2016-03-24 19:02:00,Phone,Location 43,Category 43,Subcategory 174,?,?,2 - Medium,2 - Medium,3 - Moderate,Group 70,Resolver 13,False,False,Do Not Notify,?,?,?,?,code 9,Resolved by 11,,2016-03-24 19:02:00,True,True,False,True,True,False,,False,False
INC0008728,Closed,False,0,0,1,True,Caller 3272,Opened by  17,2016-03-18 11:20:00,?,,Updated by 908,2016-03-24 19:02:00,Phone,Location 204,Category 42,Subcategory 223,Symptom 534,?,2 - Medium,2 - Medium,3 - Moderate,Group 70,Resolver 13,False,False,Do Not Notify,?,?,?,?,code 6,Resolved by 11,,2016-03-24 19:02:00,True,True,False,True,True,False,,False,False
INC0008775,Closed,False,0,0,1,True,Caller 3775,Opened by  17,2016-03-18 12:39:00,?,,Updated by 908,2016-03-24 19:02:00,Phone,Location 204,Category 32,Subcategory 9,Symptom 491,?,2 - Medium,2 - Medium,3 - Moderate,Group 70,Resolver 13,False,False,Do Not Notify,?,?,?,?,code 7,Resolved by 11,,2016-03-24 19:02:00,True,True,False,True,True,False,,False,False
INC0008783,Closed,False,0,0,1,True,Caller 1057,Opened by  17,2016-03-18 12:54:00,?,,Updated by 908,2016-03-24 19:02:00,Phone,Location 161,Category 20,Subcategory 125,Symptom 517,?,2 - Medium,2 - Medium,3 - Moderate,Group 70,Resolver 13,False,False,Do Not Notify,?,?,?,?,code 7,Resolved by 11,,2016-03-24 19:02:00,True,True,False,True,True,False,,False,False
INC0008796,Closed,False,0,0,1,True,Caller 3135,Opened by  17,2016-03-18 13:21:00,?,,Updated by 908,2016-03-24 19:02:00,Phone,Location 143,Category 32,Subcategory 9,Symptom 105,?,2 - Medium,2 - Medium,3 - Moderate,Group 70,Resolver 13,False,False,Do Not Notify,?,?,?,?,code 10,Resolved by 11,,2016-03-24 19:02:00,True,True,False,True,True,False,,False,False
INC0008801,Closed,False,0,0,1,True,Caller 2010,Opened by  17,2016-03-18 13:29:00,?,,Updated by 908,2016-03-24 19:02:00,Phone,Location 143,Category 46,Subcategory 174,Symptom 491,?,2 - Medium,2 - Medium,3 - Moderate,Group 70,Resolver 13,False,False,Do Not Notify,?,?,?,?,code 7,Resolved by 11,,2016-03-24 19:02:00,True,True,False,True,True,False,,False,False
INC0008829,Closed,False,0,0,1,True,Caller 74,Opened by  17,2016-03-18 14:22:00,?,,Updated by 908,2016-03-24 19:02:00,Phone,Location 204,Category 46,Subcategory 174,Symptom 491,?,2 - Medium,2 - Medium,3 - Moderate,Group 70,Resolver 13,False,False,Do Not Notify,?,?,?,?,code 7,Resolved by 11,,2016-03-24 19:02:00,True,True,False,True,True,False,,False,False
INC0008861,Closed,False,0,0,1,True,Caller 3386,Opened by  55,2016-03-18 14:59:00,?,,Updated by 908,2016-03-24 19:02:00,Phone,Location 204,Category 42,Subcategory 223,Symptom 534,?,2 - Medium,2 - Medium,3 - Moderate,Group 70,Resolver 28,False,False,Do Not Notify,?,?,?,?,code 6,Resolved by 27,,2016-03-24 19:02:00,True,True,False,True,True,False,,False,False
INC0008919,Closed,False,0,0,1,True,Caller 258,Opened by  55,2016-03-18 16:13:00,?,,Updated by 908,2016-03-24 19:02:00,Phone,Location 108,Category 42,Subcategory 223,Symptom 534,?,2 - Medium,2 - Medium,3 - Moderate,Group 70,Resolver 28,False,False,Do Not Notify,?,?,?,?,code 6,Resolved by 27,,2016-03-24 19:02:00,True,True,False,True,True,False,,False,False
INC0008951,Closed,False,0,0,1,True,Caller 3816,Opened by  17,2016-03-18 17:16:00,?,,Updated by 908,2016-03-24 19:02:00,Phone,Location 51,Category 46,Subcategory 174,Symptom 491,?,2 - Medium,2 - Medium,3 - Moderate,Group 70,Resolver 127,False,False,Do Not Notify,?,?,?,?,code 6,Resolved by 11,,2016-03-24 19:02:00,True,True,False,True,True,False,,False,False
INC0008959,Closed,False,0,0,1,True,Caller 2866,Opened by  55,2016-03-18 17:33:00,?,,Updated by 908,2016-03-24 19:02:00,Phone,Location 54,Category 32,Subcategory 9,Symptom 491,?,2 - Medium,2 - Medium,3 - Moderate,Group 70,Resolver 28,False,False,Do Not Notify,?,?,?,?,code 6,Resolved by 27,,2016-03-24 19:02:00,True,True,False,True,True,False,,False,False
INC0008994,Closed,False,0,0,1,True,Caller 3707,Opened by  47,2016-03-18 23:45:00,?,,Updated by 908,2016-03-24 19:02:00,Phone,Location 143,Category 42,Subcategory 223,Symptom 534,?,2 - Medium,2 - Medium,3 - Moderate,Group 70,Resolver 26,False,False,Do Not Notify,?,?,?,?,code 6,Resolved by 24,,2016-03-24 19:02:00,True,True,False,True,True,False,,False,False
INC0009022,Closed,False,0,0,1,True,Caller 5422,Opened by  180,2016-03-19 08:13:00,?,,Updated by 908,2016-03-24 19:02:00,Phone,Location 143,Category 42,Subcategory 223,Symptom 534,?,2 - Medium,2 - Medium,3 - Moderate,Group 70,Resolver 13,False,False,Do Not Notify,?,?,?,?,code 6,Resolved by 85,,2016-03-24 19:02:00,True,True,False,True,True,False,,False,False
INC0009038,Closed,False,0,0,1,True,Caller 4338,Opened by  17,2016-03-19 09:30:00,?,,Updated by 908,2016-03-24 19:02:00,Phone,Location 173,Category 32,Subcategory 174,Symptom 491,?,2 - Medium,2 - Medium,3 - Moderate,Group 70,Resolver 13,False,False,Do Not Notify,?,?,?,?,code 7,Resolved by 11,,2016-03-24 19:02:00,True,True,False,True,True,False,,False,False
INC0009050,Closed,False,0,0,1,True,Caller 420,Opened by  500,2016-03-19 11:54:00,?,,Updated by 908,2016-03-24 19:02:00,Phone,Location 204,Category 28,Subcategory 174,Symptom 491,?,2 - Medium,2 - Medium,3 - Moderate,Group 70,Resolver 232,False,False,Do Not Notify,?,?,?,?,code 6,Resolved by 211,,2016-03-24 19:02:00,True,True,False,True,True,False,,False,False
INC0009055,Closed,False,0,0,1,True,Caller 201,Opened by  17,2016-03-19 12:54:00,?,,Updated by 908,2016-03-24 19:02:00,Phone,Location 143,Category 28,Subcategory 174,?,?,2 - Medium,2 - Medium,3 - Moderate,Group 70,Resolver 13,False,False,Do Not Notify,?,?,?,?,code 6,Resolved by 11,,2016-03-24 19:02:00,True,True,False,True,True,False,,False,False
INC0009060,Closed,False,0,0,1,True,Caller 4902,Opened by  500,2016-03-19 16:32:00,?,,Updated by 908,2016-03-24 19:02:00,Phone,Location 108,Category 26,Subcategory 175,Symptom 120,?,2 - Medium,2 - Medium,3 - Moderate,Group 70,Resolver 232,False,False,Do Not Notify,?,?,?,?,code 9,Resolved by 211,,2016-03-24 19:02:00,True,True,False,True,True,False,,False,False
INC0009063,Closed,False,0,0,1,True,Caller 4260,Opened by  17,2016-03-19 17:47:00,?,,Updated by 908,2016-03-24 19:02:00,Phone,Location 143,Category 26,Subcategory 175,Symptom 116,?,2 - Medium,2 - Medium,3 - Moderate,Group 70,Resolver 13,False,False,Do Not Notify,?,?,?,?,code 6,Resolved by 11,,2016-03-24 19:02:00,True,True,False,True,True,False,,False,False
INC0009067,Closed,False,0,0,1,True,Caller 2570,Opened by  47,2016-03-19 18:43:00,?,,Updated by 908,2016-03-24 19:59:00,Phone,Location 143,Category 32,Subcategory 9,Symptom 105,?,2 - Medium,2 - Medium,3 - Moderate,Group 70,Resolver 26,False,False,Do Not Notify,?,?,?,?,code 6,Resolved by 24,,2016-03-24 19:59:00,True,True,False,True,True,False,,False,False
INC0009068,Closed,False,0,0,1,True,Caller 3552,Opened by  17,2016-03-19 18:53:00,?,,Updated by 908,2016-03-24 19:59:00,Phone,Location 204,Category 42,Subcategory 223,Symptom 534,?,2 - Medium,2 - Medium,3 - Moderate,Group 70,Resolver 13,False,False,Do Not Notify,?,?,?,?,code 6,Resolved by 11,,2016-03-24 19:59:00,True,True,False,True,True,False,,False,False
INC0009090,Closed,False,0,0,1,True,Caller 1157,Opened by  17,2016-03-20 06:17:00,?,,Updated by 908,2016-03-25 06:59:00,Phone,Location 143,Category 57,Subcategory 170,Symptom 534,?,2 - Medium,2 - Medium,3 - Moderate,Group 70,Resolver 94,False,False,Do Not Notify,?,?,?,?,code 6,Resolved by 11,,2016-03-25 06:59:00,True,True,False,True,True,False,,False,False
INC0009096,Closed,False,0,0,1,True,Caller 616,Opened by  501,2016-03-20 08:39:00,?,,Updated by 908,2016-03-25 08:59:00,Phone,Location 161,Category 26,Subcategory 175,?,?,2 - Medium,2 - Medium,3 - Moderate,Group 70,Resolver 233,False,False,Do Not Notify,?,?,?,?,code 6,Resolved by 212,,2016-03-25 08:59:00,True,True,False,True,True,False,,False,False
INC0009123,Closed,False,0,0,1,True,Caller 3428,Opened by  17,2016-03-20 14:23:00,?,,Updated by 908,2016-03-25 14:59:00,Phone,Location 93,Category 46,Subcategory 174,Symptom 491,?,2 - Medium,2 - Medium,3 - Moderate,Group 70,Resolver 13,False,False,Do Not Notify,?,?,?,?,code 3,Resolved by 11,,2016-03-25 14:59:00,True,True,False,True,True,False,,False,False
INC0009135,Closed,False,0,0,3,True,Caller 1460,Opened by  305,2016-03-20 20:36:00,?,,Updated by 908,2016-03-25 21:59:00,Phone,Location 83,Category 32,Subcategory 9,?,?,2 - Medium,2 - Medium,3 - Moderate,Group 70,Resolver 150,False,False,Do Not Notify,?,?,?,?,code 7,Resolved by 134,,2016-03-25 21:59:00,True,True,False,True,True,False,,False,False
INC0009136,Closed,False,0,0,1,True,Caller 3527,Opened by  47,2016-03-20 20:39:00,?,,Updated by 908,2016-03-25 20:59:00,Phone,Location 204,Category 26,Subcategory 175,Symptom 491,?,2 - Medium,2 - Medium,3 - Moderate,Group 70,Resolver 26,False,False,Do Not Notify,?,?,?,?,code 6,Resolved by 24,,2016-03-25 20:59:00,True,True,False,True,True,False,,False,False
INC0009137,Closed,False,0,0,1,True,Caller 1924,Opened by  47,2016-03-20 20:51:00,?,,Updated by 908,2016-03-25 21:59:00,Phone,Location 143,Category 32,Subcategory 9,Symptom 105,?,2 - Medium,2 - Medium,3 - Moderate,Group 70,Resolver 26,False,False,Do Not Notify,?,?,?,?,code 6,Resolved by 24,,2016-03-25 21:59:00,True,True,False,True,True,False,,False,False
INC0009139,Closed,False,0,0,1,True,Caller 1252,Opened by  305,2016-03-20 22:17:00,?,,Updated by 908,2016-03-25 22:59:00,Phone,Location 204,Category 37,Subcategory 174,?,?,2 - Medium,2 - Medium,3 - Moderate,Group 70,Resolver 150,False,False,Do Not Notify,?,?,?,?,code 7,Resolved by 134,,2016-03-25 22:59:00,True,True,False,True,True,False,,False,False
INC0009178,Closed,False,0,0,1,True,Caller 4285,Opened by  17,2016-03-21 07:55:00,?,,Updated by 908,2016-03-26 08:59:00,Phone,Location 136,Category 32,Subcategory 9,Symptom 491,?,2 - Medium,2 - Medium,3 - Moderate,Group 70,Resolver 13,False,False,Do Not Notify,?,?,?,?,code 7,Resolved by 11,,2016-03-26 08:59:00,True,True,False,True,True,False,,False,False
INC0009179,Closed,False,0,0,1,True,Caller 4509,Opened by  17,2016-03-21 07:59:00,?,,Updated by 908,2016-03-26 08:59:00,Phone,Location 136,Category 46,Subcategory 223,Symptom 491,?,2 - Medium,2 - Medium,3 - Moderate,Group 70,Resolver 13,False,False,Do Not Notify,?,?,?,?,code 6,Resolved by 11,,2016-03-26 08:59:00,True,True,False,True,True,False,,False,False
INC0009183,Closed,False,0,0,1,True,Caller 2471,Opened by  242,2016-03-21 08:13:00,?,,Updated by 908,2016-03-26 08:59:00,Phone,Location 204,Category 32,Subcategory 174,Symptom 491,?,2 - Medium,2 - Medium,3 - Moderate,Group 70,Resolver 128,False,False,Do Not Notify,?,?,?,?,code 9,Resolved by 116,,2016-03-26 08:59:00,True,True,False,True,True,False,,False,False
INC0009193,Closed,False,0,0,1,True,Caller 667,Opened by  17,2016-03-21 08:23:00,?,,Updated by 908,2016-03-26 08:59:00,Phone,Location 54,Category 32,Subcategory 174,Symptom 491,?,2 - Medium,2 - Medium,3 - Moderate,Group 70,Resolver 13,False,False,Do Not Notify,?,?,?,?,code 7,Resolved by 11,,2016-03-26 08:59:00,True,True,False,True,True,False,,False,False
INC0009208,Closed,False,0,0,1,True,Caller 3061,Opened by  17,2016-03-21 08:42:00,?,,Updated by 908,2016-03-26 09:59:00,Phone,Location 51,Category 32,Subcategory 9,Symptom 491,?,2 - Medium,2 - Medium,3 - Moderate,Group 70,Resolver 13,False,False,Do Not Notify,?,?,?,?,code 7,Resolved by 11,,2016-03-26 09:59:00,True,True,False,True,True,False,,False,False
INC0009224,Closed,False,0,0,1,True,Caller 1921,Opened by  17,2016-03-21 08:57:00,?,,Updated by 908,2016-03-26 09:59:00,Phone,Location 143,Category 42,Subcategory 223,Symptom 534,?,2 - Medium,2 - Medium,3 - Moderate,Group 70,Resolver 94,False,False,Do Not Notify,?,?,?,?,code 6,Resolved by 11,,2016-03-26 09:59:00,True,True,False,True,True,False,,False,False
INC0009235,Closed,False,0,0,1,True,Caller 2529,Opened by  17,2016-03-21 09:05:00,?,,Updated by 908,2016-03-26 09:59:00,Phone,Location 96,Category 46,Subcategory 174,Symptom 491,?,2 - Medium,2 - Medium,3 - Moderate,Group 70,Resolver 13,False,False,Do Not Notify,?,?,?,?,code 7,Resolved by 11,,2016-03-26 09:59:00,True,True,False,True,True,False,,False,False
INC0009240,Closed,False,0,0,1,True,Caller 1400,Opened by  17,2016-03-21 09:10:00,?,,Updated by 908,2016-03-26 09:59:00,Phone,Location 51,Category 20,Subcategory 103,Symptom 491,?,2 - Medium,2 - Medium,3 - Moderate,Group 70,Resolver 13,False,False,Do Not Notify,?,?,?,?,code 8,Resolved by 11,,2016-03-26 09:59:00,True,True,False,True,True,False,,False,False
INC0009252,Closed,False,0,0,1,True,Caller 275,?,2016-03-21 09:20:00,?,,Updated by 908,2016-03-26 09:59:00,Phone,Location 93,Category 32,Subcategory 174,Symptom 491,?,2 - Medium,2 - Medium,3 - Moderate,Group 70,Resolver 94,False,False,Do Not Notify,?,?,?,?,code 7,?,,2016-03-26 09:59:00,True,True,False,True,True,False,,False,False
INC0009270,Closed,False,0,0,1,True,Caller 1237,Opened by  17,2016-03-21 09:36:00,?,,Updated by 908,2016-03-26 09:59:00,Phone,Location 108,Category 26,Subcategory 175,Symptom 491,?,2 - Medium,2 - Medium,3 - Moderate,Group 70,Resolver 13,False,False,Do Not Notify,?,?,?,?,code 8,Resolved by 11,,2016-03-26 09:59:00,True,True,False,True,True,False,,False,False
INC0009274,Closed,False,0,0,1,True,Caller 5290,Opened by  17,2016-03-21 09:38:00,?,,Updated by 908,2016-03-26 09:59:00,Phone,Location 204,Category 42,Subcategory 223,Symptom 534,?,2 - Medium,2 - Medium,3 - Moderate,Group 70,Resolver 94,False,False,Do Not Notify,?,?,?,?,code 6,Resolved by 11,,2016-03-26 09:59:00,True,True,False,True,True,False,,False,False
INC0009278,Closed,False,0,0,1,True,Caller 2781,Opened by  131,2016-03-21 09:40:00,?,,Updated by 908,2016-03-26 09:59:00,Phone,Location 204,Category 20,Subcategory 174,Symptom 491,?,3 - Low,3 - Low,4 - Low,Group 70,Resolver 73,False,False,Do Not Notify,?,?,?,?,code 7,Resolved by 66,,2016-03-26 09:59:00,True,True,False,True,True,False,,False,False
INC0009281,Closed,False,0,0,1,True,Caller 505,Opened by  17,2016-03-21 09:42:00,?,,Updated by 908,2016-03-26 10:59:00,Phone,Location 93,Category 53,Subcategory 174,Symptom 491,?,2 - Medium,2 - Medium,3 - Moderate,Group 70,Resolver 13,False,False,Do Not Notify,?,?,?,?,code 6,Resolved by 11,,2016-03-26 10:59:00,True,True,False,True,True,False,,False,False
INC0009295,Closed,False,0,0,1,True,Caller 15,Opened by  17,2016-03-21 09:50:00,?,,Updated by 908,2016-03-26 09:59:00,Phone,Location 161,Category 26,Subcategory 175,Symptom 491,?,2 - Medium,2 - Medium,3 - Moderate,Group 70,Resolver 13,False,False,Do Not Notify,?,?,?,?,code 6,Resolved by 11,,2016-03-26 09:59:00,True,True,False,True,True,False,,False,False
INC0009302,Closed,False,0,0,1,True,Caller 3970,Opened by  17,2016-03-21 09:54:00,?,,Updated by 908,2016-03-26 10:59:00,Phone,Location 161,Category 26,Subcategory 175,Symptom 491,?,2 - Medium,2 - Medium,3 - Moderate,Group 70,Resolver 13,False,False,Do Not Notify,?,?,?,?,code 7,Resolved by 11,,2016-03-26 10:59:00,True,True,False,True,True,False,,False,False
INC0009308,Closed,False,0,0,1,True,Caller 156,?,2016-03-21 09:58:00,?,,Updated by 908,2016-03-26 10:59:00,Phone,Location 161,Category 32,Subcategory 174,Symptom 491,?,2 - Medium,2 - Medium,3 - Moderate,Group 70,Resolver 33,False,False,Do Not Notify,?,?,?,?,code 7,?,,2016-03-26 10:59:00,True,True,False,True,True,False,,False,False
INC0009317,Closed,False,0,0,1,True,Caller 739,Opened by  17,2016-03-21 10:07:00,?,,Updated by 908,2016-03-26 10:59:00,Phone,Location 161,Category 46,Subcategory 174,Symptom 491,?,2 - Medium,2 - Medium,3 - Moderate,Group 70,Resolver 13,False,False,Do Not Notify,?,?,?,?,code 7,Resolved by 11,,2016-03-26 10:59:00,True,True,False,True,True,False,,False,False
INC0009335,Closed,False,0,0,1,True,Caller 2048,Opened by  17,2016-03-21 10:20:00,?,,Updated by 908,2016-03-26 10:59:00,Phone,Location 93,Category 53,Subcategory 174,Symptom 491,?,2 - Medium,2 - Medium,3 - Moderate,Group 70,Resolver 13,False,False,Do Not Notify,?,?,?,?,code 6,Resolved by 11,,2016-03-26 10:59:00,True,True,False,True,True,False,,False,False
INC0009347,Closed,False,0,0,1,True,Caller 1572,Opened by  40,2016-03-21 10:33:00,?,,Updated by 908,2016-03-26 10:59:00,Phone,Location 135,Category 46,Subcategory 223,Symptom 491,?,2 - Medium,2 - Medium,3 - Moderate,Group 70,Resolver 23,False,False,Do Not Notify,?,?,?,?,code 7,Resolved by 21,,2016-03-26 10:59:00,True,True,False,True,True,False,,False,False
INC0009352,Closed,False,0,0,1,True,Caller 3104,Opened by  17,2016-03-21 10:36:00,?,,Updated by 908,2016-03-26 10:59:00,Phone,Location 93,Category 46,Subcategory 174,Symptom 491,?,2 - Medium,2 - Medium,3 - Moderate,Group 70,Resolver 13,False,False,Do Not Notify,?,?,?,?,code 8,Resolved by 11,,2016-03-26 10:59:00,True,True,False,True,True,False,,False,False
INC0009353,Closed,False,0,0,1,True,Caller 3338,Opened by  501,2016-03-21 10:37:00,?,,Updated by 908,2016-03-26 10:59:00,Phone,Location 204,Category 20,Subcategory 103,Symptom 387,?,2 - Medium,2 - Medium,3 - Moderate,Group 70,Resolver 233,False,False,Do Not Notify,?,?,?,?,code 6,Resolved by 212,,2016-03-26 10:59:00,True,True,False,True,True,False,,False,False
INC0009359,Closed,False,0,0,1,True,Caller 3338,Opened by  501,2016-03-21 10:41:00,?,,Updated by 908,2016-03-26 10:59:00,Phone,Location 204,Category 35,Subcategory 174,Symptom 491,?,2 - Medium,2 - Medium,3 - Moderate,Group 70,Resolver 233,False,False,Do Not Notify,?,?,?,?,code 6,Resolved by 212,,2016-03-26 10:59:00,True,True,False,True,True,False,,False,False
INC0009372,Closed,False,0,0,1,True,Caller 4894,Opened by  17,2016-03-21 10:53:00,?,,Updated by 908,2016-03-26 11:59:00,Phone,Location 204,Category 43,Subcategory 174,Symptom 491,?,2 - Medium,2 - Medium,3 - Moderate,Group 70,Resolver 13,False,False,Do Not Notify,?,?,?,?,code 7,Resolved by 11,,2016-03-26 11:59:00,True,True,False,True,True,False,,False,False
INC0009379,Closed,False,0,0,1,True,Caller 5296,Opened by  17,2016-03-21 11:00:00,?,,Updated by 908,2016-03-26 11:59:00,Phone,Location 143,Category 46,Subcategory 174,?,?,2 - Medium,2 - Medium,3 - Moderate,Group 70,Resolver 13,False,False,Do Not Notify,?,?,?,?,code 9,Resolved by 11,,2016-03-26 11:59:00,True,True,False,True,True,False,,False,False
INC0009470,Closed,False,0,0,1,True,Caller 2783,Opened by  17,2016-03-21 12:58:00,?,,Updated by 908,2016-03-26 13:59:00,Phone,Location 204,Category 53,Subcategory 303,?,?,2 - Medium,2 - Medium,3 - Moderate,Group 70,Resolver 13,False,False,Do Not Notify,?,?,?,?,code 9,Resolved by 11,,2016-03-26 13:59:00,True,True,False,True,True,False,,False,False
INC0009482,Closed,False,0,0,1,True,Caller 3719,Opened by  17,2016-03-21 13:19:00,?,,Updated by 908,2016-03-26 13:59:00,Phone,Location 143,Category 32,Subcategory 174,?,?,2 - Medium,2 - Medium,3 - Moderate,Group 70,Resolver 13,False,False,Do Not Notify,?,?,?,?,code 9,Resolved by 11,,2016-03-26 13:59:00,True,True,False,True,True,False,,False,False
INC0009499,Closed,False,0,0,1,True,Caller 691,Opened by  17,2016-03-21 13:49:00,?,,Updated by 908,2016-03-26 14:59:00,Phone,Location 204,Category 40,Subcategory 174,Symptom 491,?,2 - Medium,2 - Medium,3 - Moderate,Group 70,Resolver 13,False,False,Do Not Notify,?,?,?,?,code 9,Resolved by 11,,2016-03-26 14:59:00,True,True,False,True,True,False,,False,False
INC0009508,Closed,False,0,0,1,True,Caller 4553,Opened by  17,2016-03-21 14:00:00,?,,Updated by 908,2016-03-26 14:59:00,Phone,Location 47,Category 42,Subcategory 174,Symptom 491,?,2 - Medium,2 - Medium,3 - Moderate,Group 70,Resolver 33,False,False,Do Not Notify,?,?,?,?,code 6,Resolved by 11,,2016-03-26 14:59:00,True,True,False,True,True,False,,False,False
INC0009541,Closed,False,0,0,1,True,Caller 1796,Opened by  500,2016-03-21 14:33:00,?,,Updated by 908,2016-03-26 15:59:00,Phone,Location 204,Category 37,Subcategory 123,Symptom 118,?,2 - Medium,2 - Medium,3 - Moderate,Group 70,Resolver 232,False,False,Do Not Notify,?,?,?,?,code 6,Resolved by 211,,2016-03-26 15:59:00,True,True,False,True,True,False,,False,False
INC0009545,Closed,False,0,0,1,True,Caller 3832,Opened by  500,2016-03-21 14:37:00,?,,Updated by 908,2016-03-26 14:59:00,Phone,Location 34,Category 42,Subcategory 223,Symptom 534,?,2 - Medium,2 - Medium,3 - Moderate,Group 70,Resolver 232,False,False,Do Not Notify,?,?,?,?,code 9,Resolved by 211,,2016-03-26 14:59:00,True,True,False,True,True,False,,False,False
INC0009561,Closed,False,0,0,1,True,Caller 4478,?,2016-03-21 14:47:00,?,,Updated by 908,2016-03-26 14:59:00,Phone,Location 204,Category 32,Subcategory 174,Symptom 491,?,2 - Medium,2 - Medium,3 - Moderate,Group 70,Resolver 127,False,False,Do Not Notify,?,?,?,?,code 7,?,,2016-03-26 14:59:00,True,True,False,True,True,False,,False,False
INC0009575,Closed,False,0,0,1,True,Caller 3147,Opened by  17,2016-03-21 14:59:00,?,,Updated by 908,2016-03-26 15:59:00,Phone,Location 93,Category 46,Subcategory 174,?,?,2 - Medium,2 - Medium,3 - Moderate,Group 70,Resolver 33,False,False,Do Not Notify,?,?,?,?,code 6,Resolved by 11,,2016-03-26 15:59:00,True,True,False,True,True,False,,False,False
INC0009582,Closed,False,0,0,1,True,Caller 4478,?,2016-03-21 15:08:00,?,,Updated by 908,2016-03-26 15:59:00,Phone,Location 204,Category 32,Subcategory 174,Symptom 491,?,2 - Medium,2 - Medium,3 - Moderate,Group 70,Resolver 127,False,False,Do Not Notify,?,?,?,?,code 7,?,,2016-03-26 15:59:00,True,True,False,True,True,False,,False,False
INC0009589,Closed,False,0,0,1,True,Caller 87,?,2016-03-21 15:17:00,?,,Updated by 908,2016-03-26 15:59:00,Phone,Location 108,Category 32,Subcategory 174,Symptom 491,?,2 - Medium,2 - Medium,3 - Moderate,Group 70,Resolver 33,False,False,Do Not Notify,?,?,?,?,code 7,?,,2016-03-26 15:59:00,True,True,False,True,True,False,,False,False
INC0009599,Closed,False,0,0,1,True,Caller 394,?,2016-03-21 15:38:00,?,,Updated by 908,2016-03-26 15:59:00,Phone,Location 93,Category 32,Subcategory 174,Symptom 491,?,2 - Medium,2 - Medium,3 - Moderate,Group 70,Resolver 127,False,False,Do Not Notify,?,?,?,?,code 7,?,,2016-03-26 15:59:00,True,True,False,True,True,False,,False,False
INC0009617,Closed,False,0,0,1,True,Caller 3422,Opened by  17,2016-03-21 15:55:00,?,,Updated by 908,2016-03-26 16:59:00,Phone,Location 108,Category 42,Subcategory 223,Symptom 534,?,2 - Medium,2 - Medium,3 - Moderate,Group 70,Resolver 13,False,False,Do Not Notify,?,?,?,?,code 6,Resolved by 11,,2016-03-26 16:59:00,True,True,False,True,True,False,,False,False
INC0009621,Closed,False,0,0,1,True,Caller 3984,?,2016-03-21 15:57:00,?,,Updated by 908,2016-03-26 16:59:00,Phone,Location 143,Category 32,Subcategory 174,Symptom 491,?,2 - Medium,2 - Medium,3 - Moderate,Group 70,Resolver 127,False,False,Do Not Notify,?,?,?,?,code 7,?,,2016-03-26 16:59:00,True,True,False,True,True,False,,False,False
INC0009623,Closed,False,0,0,1,True,Caller 3440,Opened by  62,2016-03-21 16:03:00,?,,Updated by 908,2016-03-26 16:59:00,Phone,Location 199,Category 32,Subcategory 9,?,?,2 - Medium,2 - Medium,3 - Moderate,Group 70,Resolver 33,False,False,Do Not Notify,?,?,?,?,code 7,Resolved by 32,,2016-03-26 16:59:00,True,True,False,True,True,False,,False,False
INC0009639,Closed,False,0,0,1,True,Caller 3040,Opened by  386,2016-03-21 16:22:00,?,,Updated by 908,2016-03-26 16:59:00,Phone,Location 51,Category 42,Subcategory 223,Symptom 534,?,2 - Medium,2 - Medium,3 - Moderate,Group 70,Resolver 186,False,False,Do Not Notify,?,?,?,?,code 7,Resolved by 169,,2016-03-26 16:59:00,True,True,False,True,True,False,,False,False
INC0009647,Closed,False,0,0,1,True,Caller 1590,Opened by  500,2016-03-21 16:34:00,?,,Updated by 908,2016-03-26 16:59:00,Phone,Location 143,Category 42,Subcategory 223,Symptom 534,?,2 - Medium,2 - Medium,3 - Moderate,Group 70,Resolver 232,False,False,Do Not Notify,?,?,?,?,code 10,Resolved by 211,,2016-03-26 16:59:00,True,True,False,True,True,False,,False,False
INC0009678,Closed,False,0,0,1,True,Caller 604,Opened by  500,2016-03-21 17:04:00,?,,Updated by 908,2016-03-26 17:59:00,Phone,Location 143,Category 42,Subcategory 223,Symptom 534,?,2 - Medium,2 - Medium,3 - Moderate,Group 70,Resolver 232,False,False,Do Not Notify,?,?,?,?,code 9,Resolved by 211,,2016-03-26 17:59:00,True,True,False,True,True,False,,False,False
INC0009686,Closed,False,0,0,1,True,Caller 2180,Opened by  17,2016-03-21 17:20:00,?,,Updated by 908,2016-03-26 17:59:00,Phone,Location 204,Category 32,Subcategory 9,Symptom 491,?,2 - Medium,2 - Medium,3 - Moderate,Group 70,Resolver 13,False,False,Do Not Notify,?,?,?,?,code 6,Resolved by 11,,2016-03-26 17:59:00,True,True,False,True,True,False,,False,False
INC0009693,Closed,False,0,0,1,True,Caller 203,Opened by  17,2016-03-21 17:41:00,?,,Updated by 908,2016-03-26 17:59:00,Phone,Location 108,Category 42,Subcategory 223,Symptom 534,?,2 - Medium,2 - Medium,3 - Moderate,Group 70,Resolver 33,False,False,Do Not Notify,?,?,?,?,code 6,Resolved by 11,,2016-03-26 17:59:00,True,True,False,True,True,False,,False,False
INC0009694,Closed,False,0,0,1,True,Caller 3163,Opened by  55,2016-03-21 17:42:00,?,,Updated by 908,2016-03-26 17:59:00,Phone,Location 43,Category 26,Subcategory 175,?,?,2 - Medium,2 - Medium,3 - Moderate,Group 70,Resolver 28,False,False,Do Not Notify,?,?,?,?,code 6,Resolved by 27,,2016-03-26 17:59:00,True,True,False,True,True,False,,False,False
INC0009700,Closed,False,0,0,1,True,Caller 604,Opened by  500,2016-03-21 17:52:00,?,,Updated by 908,2016-03-26 17:59:00,Phone,Location 143,Category 42,Subcategory 223,Symptom 534,?,2 - Medium,2 - Medium,3 - Moderate,Group 70,Resolver 232,False,False,Do Not Notify,?,?,?,?,code 9,Resolved by 211,,2016-03-26 17:59:00,True,True,False,True,True,False,,False,False
INC0009711,Closed,False,0,0,1,True,Caller 3383,Opened by  17,2016-03-21 19:18:00,?,,Updated by 908,2016-03-26 19:59:00,Phone,Location 15,Category 42,Subcategory 223,Symptom 534,?,2 - Medium,2 - Medium,3 - Moderate,Group 70,Resolver 13,False,False,Do Not Notify,?,?,?,?,code 6,Resolved by 11,,2016-03-26 19:59:00,True,True,False,True,True,False,,False,False
INC0009712,Closed,False,0,0,2,True,Caller 2284,Opened by  305,2016-03-21 19:20:00,?,,Updated by 908,2016-03-26 19:59:00,Phone,Location 93,Category 42,Subcategory 223,?,?,2 - Medium,2 - Medium,3 - Moderate,Group 70,Resolver 15,False,False,Do Not Notify,?,?,?,?,code 7,Resolved by 134,,2016-03-26 19:59:00,True,True,False,True,True,False,,False,False
INC0009724,Closed,False,0,0,1,True,Caller 4260,Opened by  47,2016-03-21 22:16:00,?,,Updated by 908,2016-03-26 22:59:00,Phone,Location 143,Category 20,Subcategory 174,Symptom 491,?,2 - Medium,2 - Medium,3 - Moderate,Group 70,Resolver 26,False,False,Do Not Notify,?,?,?,?,code 6,Resolved by 24,,2016-03-26 22:59:00,True,True,False,True,True,False,,False,False
INC0009775,Closed,False,0,0,1,True,Caller 298,Opened by  17,2016-03-22 08:09:00,?,,Updated by 908,2016-03-27 08:59:00,Phone,Location 143,Category 32,Subcategory 174,Symptom 491,?,2 - Medium,2 - Medium,3 - Moderate,Group 70,Resolver 13,False,False,Do Not Notify,?,?,?,?,code 7,Resolved by 11,,2016-03-27 08:59:00,True,True,False,True,True,False,,False,False
INC0009824,Closed,False,0,0,1,True,Caller 4866,Opened by  17,2016-03-22 09:12:00,?,,Updated by 908,2016-03-27 09:59:00,Phone,Location 93,Category 46,Subcategory 174,Symptom 491,?,2 - Medium,2 - Medium,3 - Moderate,Group 70,Resolver 13,False,False,Do Not Notify,?,?,?,?,code 7,Resolved by 11,,2016-03-27 09:59:00,True,True,False,True,True,False,,False,False
INC0009872,Closed,False,0,0,1,True,Caller 3245,Opened by  131,2016-03-22 10:07:00,?,,Updated by 908,2016-03-27 11:59:00,Phone,Location 143,Category 26,Subcategory 175,Symptom 491,?,3 - Low,3 - Low,4 - Low,Group 70,Resolver 73,False,False,Do Not Notify,?,?,?,?,code 7,Resolved by 66,,2016-03-27 11:59:00,True,True,False,True,True,False,,False,False
INC0009878,Closed,False,0,0,1,True,Caller 3984,Opened by  17,2016-03-22 10:14:00,?,,Updated by 908,2016-03-27 10:59:00,Phone,Location 143,Category 42,Subcategory 174,Symptom 491,?,2 - Medium,2 - Medium,3 - Moderate,Group 70,Resolver 13,False,False,Do Not Notify,?,?,?,?,code 7,Resolved by 11,,2016-03-27 10:59:00,True,True,False,True,True,False,,False,False
INC0009898,Closed,False,0,0,1,True,Caller 2629,Opened by  301,2016-03-22 10:30:00,?,,Updated by 908,2016-03-27 10:59:00,Phone,Location 93,Category 53,Subcategory 174,Symptom 491,?,2 - Medium,2 - Medium,3 - Moderate,Group 70,Resolver 149,False,False,Do Not Notify,?,?,?,?,code 9,Resolved by 133,,2016-03-27 10:59:00,True,True,False,True,True,False,,False,False
INC0009899,Closed,False,0,0,1,True,Caller 3017,Opened by  17,2016-03-22 10:30:00,?,,Updated by 908,2016-03-27 10:59:00,Phone,Location 204,Category 32,Subcategory 300,Symptom 491,?,2 - Medium,2 - Medium,3 - Moderate,Group 70,Resolver 13,False,False,Do Not Notify,?,?,?,?,code 9,Resolved by 11,,2016-03-27 10:59:00,True,True,False,True,True,False,,False,False
INC0009902,Closed,False,0,0,1,True,Caller 4142,Opened by  17,2016-03-22 10:32:00,?,,Updated by 908,2016-03-27 10:59:00,Phone,Location 204,Category 46,Subcategory 174,Symptom 491,?,2 - Medium,2 - Medium,3 - Moderate,Group 70,Resolver 13,False,False,Do Not Notify,?,?,?,?,code 7,Resolved by 11,,2016-03-27 10:59:00,True,True,False,True,True,False,,False,False
INC0009918,Closed,False,0,0,1,True,Caller 3841,Opened by  17,2016-03-22 10:47:00,?,,Updated by 908,2016-03-27 11:59:00,Phone,Location 161,Category 20,Subcategory 125,Symptom 491,?,2 - Medium,2 - Medium,3 - Moderate,Group 70,Resolver 13,False,False,Do Not Notify,?,?,?,?,code 7,Resolved by 11,,2016-03-27 11:59:00,True,True,False,True,True,False,,False,False
INC0009966,Closed,False,0,0,1,True,Caller 4162,?,2016-03-22 11:36:00,?,,Updated by 908,2016-03-27 11:59:00,Phone,Location 204,Category 32,Subcategory 174,Symptom 491,?,2 - Medium,2 - Medium,3 - Moderate,Group 70,Resolver 127,False,False,Do Not Notify,?,?,?,?,code 1,?,,2016-03-27 11:59:00,True,True,False,True,True,False,,False,False
INC0009990,Closed,False,0,0,1,True,Caller 5363,Opened by  500,2016-03-22 12:09:00,?,,Updated by 908,2016-03-27 12:59:00,Phone,Location 161,Category 42,Subcategory 223,Symptom 534,?,2 - Medium,2 - Medium,3 - Moderate,Group 70,Resolver 232,False,False,Do Not Notify,?,?,?,?,code 9,Resolved by 211,,2016-03-27 12:59:00,True,True,False,True,True,False,,False,False
INC0010007,Closed,False,0,0,1,True,Caller 5440,Opened by  17,2016-03-22 13:19:00,?,,Updated by 908,2016-03-27 13:59:00,Phone,Location 204,Category 42,Subcategory 223,Symptom 534,?,2 - Medium,2 - Medium,3 - Moderate,Group 70,Resolver 33,False,False,Do Not Notify,?,?,?,?,code 6,Resolved by 11,,2016-03-27 13:59:00,True,True,False,True,True,False,,False,False
INC0010009,Closed,False,0,0,1,True,Caller 264,Opened by  17,2016-03-22 13:26:00,?,,Updated by 908,2016-03-27 13:59:00,Phone,Location 174,Category 32,Subcategory 174,?,?,2 - Medium,2 - Medium,3 - Moderate,Group 70,Resolver 13,False,False,Do Not Notify,?,?,?,?,code 9,Resolved by 11,,2016-03-27 13:59:00,True,True,False,True,True,False,,False,False
INC0010023,Closed,False,0,0,1,True,Caller 2274,Opened by  17,2016-03-22 13:46:00,?,,Updated by 908,2016-03-27 13:59:00,Phone,Location 93,Category 32,Subcategory 174,?,?,2 - Medium,2 - Medium,3 - Moderate,Group 70,Resolver 13,False,False,Do Not Notify,?,?,?,?,code 6,Resolved by 11,,2016-03-27 13:59:00,True,True,False,True,True,False,,False,False
INC0010056,Closed,False,0,0,1,True,Caller 5385,Opened by  55,2016-03-22 14:20:00,?,,Updated by 908,2016-03-27 15:59:00,Phone,Location 108,Category 26,Subcategory 275,?,?,2 - Medium,2 - Medium,3 - Moderate,Group 70,Resolver 28,False,False,Do Not Notify,?,?,?,?,code 6,Resolved by 27,,2016-03-27 15:59:00,True,True,False,True,True,False,,False,False
INC0010122,Closed,False,0,0,1,True,Caller 1097,Opened by  55,2016-03-22 15:16:00,?,,Updated by 908,2016-03-27 15:59:00,Phone,Location 229,Category 32,Subcategory 174,?,?,2 - Medium,2 - Medium,3 - Moderate,Group 70,Resolver 28,False,False,Do Not Notify,?,?,?,?,code 6,Resolved by 27,,2016-03-27 15:59:00,True,True,False,True,True,False,,False,False
INC0010130,Closed,False,0,0,1,False,Caller 5228,Opened by  55,2016-03-22 15:23:00,?,,Updated by 908,2016-05-23 11:07:00,Phone,Location 204,Category 53,Subcategory 271,?,?,2 - Medium,2 - Medium,3 - Moderate,Group 76,Resolver 28,False,False,Do Not Notify,?,?,?,?,code 6,Resolved by 27,,2016-05-23 11:07:00,True,True,False,True,True,False,,False,False
INC0010134,Closed,False,0,0,1,False,Caller 498,?,2016-03-22 15:33:00,?,,Updated by 908,2016-05-23 11:07:00,Phone,Location 161,Category 26,Subcategory 175,Symptom 491,?,2 - Medium,2 - Medium,3 - Moderate,Group 70,Resolver 253,False,False,Do Not Notify,?,?,?,?,code 3,?,,2016-05-23 11:07:00,True,True,False,True,True,False,,False,False
INC0010150,Closed,False,0,0,1,True,Caller 432,Opened by  17,2016-03-22 16:02:00,?,,Updated by 908,2016-03-27 16:59:00,Phone,Location 51,Category 42,Subcategory 223,Symptom 534,?,2 - Medium,2 - Medium,3 - Moderate,Group 70,Resolver 127,False,False,Do Not Notify,?,?,?,?,code 6,Resolved by 11,,2016-03-27 16:59:00,True,True,False,True,True,False,,False,False
INC0010178,Closed,False,0,0,1,True,Caller 1230,Opened by  17,2016-03-22 16:54:00,?,,Updated by 908,2016-03-27 17:59:00,Phone,Location 28,Category 32,Subcategory 9,Symptom 491,?,2 - Medium,2 - Medium,3 - Moderate,Group 70,Resolver 13,False,False,Do Not Notify,?,?,?,?,code 6,Resolved by 11,,2016-03-27 17:59:00,True,True,False,True,True,False,,False,False
INC0010188,Closed,False,0,0,1,True,Caller 2854,Opened by  500,2016-03-22 17:04:00,?,,Updated by 908,2016-03-27 17:59:00,Phone,Location 204,Category 42,Subcategory 223,Symptom 534,?,2 - Medium,2 - Medium,3 - Moderate,Group 70,Resolver 232,False,False,Do Not Notify,?,?,?,?,code 9,Resolved by 211,,2016-03-27 17:59:00,True,True,False,True,True,False,,False,False
INC0010204,Closed,False,0,0,1,True,Caller 3854,Opened by  55,2016-03-22 17:54:00,?,,Updated by 908,2016-03-27 18:59:00,Phone,Location 135,Category 37,Subcategory 174,?,?,2 - Medium,2 - Medium,3 - Moderate,Group 70,Resolver 28,False,False,Do Not Notify,?,?,?,?,code 6,Resolved by 27,,2016-03-27 18:59:00,True,True,False,True,True,False,,False,False
INC0010221,Closed,False,0,0,1,False,Caller 906,Opened by  443,2016-03-23 00:19:00,?,,Updated by 908,2016-05-23 11:07:00,Phone,Location 204,Category 53,Subcategory 127,?,?,2 - Medium,2 - Medium,3 - Moderate,Group 76,Resolver 208,False,False,Do Not Notify,?,?,?,?,code 6,Resolved by 189,,2016-05-23 11:07:00,True,True,False,True,True,False,,False,False
INC0010225,Closed,False,0,0,1,True,Caller 4301,Opened by  443,2016-03-23 00:44:00,?,,Updated by 908,2016-03-28 00:59:00,Phone,Location 204,Category 37,Subcategory 135,?,?,2 - Medium,2 - Medium,3 - Moderate,Group 70,Resolver 208,False,False,Do Not Notify,?,?,?,?,code 10,Resolved by 189,,2016-03-28 00:59:00,True,True,False,True,True,False,,False,False
INC0010232,Closed,False,0,0,1,True,Caller 1067,Opened by  443,2016-03-23 01:21:00,?,,Updated by 908,2016-03-28 01:59:00,Phone,Location 204,Category 53,Subcategory 174,?,?,2 - Medium,2 - Medium,3 - Moderate,Group 70,Resolver 208,False,False,Do Not Notify,?,?,?,?,code 6,Resolved by 189,,2016-03-28 01:59:00,True,True,False,True,True,False,,False,False
INC0010283,Closed,False,0,0,1,True,Caller 1385,Opened by  17,2016-03-23 08:13:00,?,,Updated by 908,2016-03-28 08:59:00,Phone,Location 96,Category 53,Subcategory 174,?,?,2 - Medium,2 - Medium,3 - Moderate,Group 70,Resolver 13,False,False,Do Not Notify,?,?,?,?,code 9,Resolved by 11,,2016-03-28 08:59:00,True,True,False,True,True,False,,False,False
INC0010284,Closed,False,0,0,1,True,Caller 280,Opened by  17,2016-03-23 08:15:00,?,,Updated by 908,2016-03-28 08:59:00,Phone,Location 161,Category 57,Subcategory 170,Symptom 534,?,2 - Medium,2 - Medium,3 - Moderate,Group 70,Resolver 13,False,False,Do Not Notify,?,?,?,?,code 6,Resolved by 11,,2016-03-28 08:59:00,True,True,False,True,True,False,,False,False
INC0010309,Closed,False,0,0,1,True,Caller 330,Opened by  17,2016-03-23 08:40:00,?,,Updated by 908,2016-03-28 08:59:00,Phone,Location 143,Category 32,Subcategory 9,Symptom 491,?,2 - Medium,2 - Medium,3 - Moderate,Group 70,Resolver 13,False,False,Do Not Notify,?,?,?,?,code 6,Resolved by 11,,2016-03-28 08:59:00,True,True,False,True,True,False,,False,False
INC0010325,Closed,False,0,0,1,True,Caller 920,Opened by  17,2016-03-23 08:56:00,?,,Updated by 908,2016-03-28 09:59:00,Phone,Location 204,Category 20,Subcategory 103,Symptom 387,?,2 - Medium,2 - Medium,3 - Moderate,Group 70,Resolver 13,False,False,Do Not Notify,?,?,?,?,code 7,Resolved by 11,,2016-03-28 09:59:00,True,True,False,True,True,False,,False,False
INC0010346,Closed,False,0,0,1,True,Caller 1594,Opened by  17,2016-03-23 09:15:00,?,,Updated by 908,2016-03-28 09:59:00,Phone,Location 204,Category 32,Subcategory 174,?,?,2 - Medium,2 - Medium,3 - Moderate,Group 70,Resolver 13,False,False,Do Not Notify,?,?,?,?,code 9,Resolved by 11,,2016-03-28 09:59:00,True,True,False,True,True,False,,False,False
INC0010354,Closed,False,0,0,1,True,Caller 822,Opened by  17,2016-03-23 09:31:00,?,,Updated by 908,2016-03-28 09:59:00,Phone,Location 161,Category 42,Subcategory 223,Symptom 534,?,2 - Medium,2 - Medium,3 - Moderate,Group 70,Resolver 13,False,False,Do Not Notify,?,?,?,?,code 6,Resolved by 11,,2016-03-28 09:59:00,True,True,False,True,True,False,,False,False
INC0010368,Closed,False,0,0,1,True,Caller 3330,Opened by  17,2016-03-23 09:51:00,?,,Updated by 908,2016-03-28 10:59:00,Phone,Location 47,Category 9,Subcategory 164,Symptom 571,?,2 - Medium,2 - Medium,3 - Moderate,Group 70,Resolver 13,False,False,Do Not Notify,?,?,?,?,code 7,Resolved by 11,,2016-03-28 10:59:00,True,True,False,True,True,False,,False,False
INC0010376,Closed,False,0,0,1,True,Caller 4104,Opened by  17,2016-03-23 09:59:00,?,,Updated by 908,2016-03-28 10:59:00,Phone,Location 204,Category 26,Subcategory 175,Symptom 491,?,2 - Medium,2 - Medium,3 - Moderate,Group 70,Resolver 13,False,False,Do Not Notify,?,?,?,?,code 9,Resolved by 11,,2016-03-28 10:59:00,True,True,False,True,True,False,,False,False
INC0010424,Closed,False,0,0,1,True,Caller 2093,Opened by  17,2016-03-23 10:31:00,?,,Updated by 908,2016-03-28 11:59:00,Phone,Location 161,Category 20,Subcategory 103,Symptom 491,?,2 - Medium,2 - Medium,3 - Moderate,Group 70,Resolver 13,False,False,Do Not Notify,?,?,?,?,code 7,Resolved by 11,,2016-03-28 11:59:00,True,True,False,True,True,False,,False,False
INC0010434,Closed,False,0,0,1,True,Caller 1057,Opened by  131,2016-03-23 10:42:00,?,,Updated by 908,2016-03-28 11:59:00,Phone,Location 161,Category 53,Subcategory 174,Symptom 491,?,2 - Medium,2 - Medium,3 - Moderate,Group 70,Resolver 73,False,False,Do Not Notify,?,?,?,?,code 7,Resolved by 66,,2016-03-28 11:59:00,True,True,False,True,True,False,,False,False
INC0010435,Closed,False,0,0,1,True,Caller 4878,Opened by  501,2016-03-23 10:43:00,?,,Updated by 908,2016-03-28 10:59:00,Phone,Location 70,Category 32,Subcategory 9,?,?,2 - Medium,2 - Medium,3 - Moderate,Group 70,Resolver 233,False,False,Do Not Notify,?,?,?,?,code 6,Resolved by 212,,2016-03-28 10:59:00,True,True,False,True,True,False,,False,False
INC0010445,Closed,False,0,0,1,True,Caller 2336,Opened by  17,2016-03-23 10:51:00,?,,Updated by 908,2016-03-28 11:59:00,Phone,Location 143,Category 57,Subcategory 174,Symptom 491,?,2 - Medium,2 - Medium,3 - Moderate,Group 70,Resolver 13,False,False,Do Not Notify,?,?,?,?,code 7,Resolved by 11,,2016-03-28 11:59:00,True,True,False,True,True,False,,False,False
INC0010446,Closed,False,0,0,1,True,Caller 574,Opened by  17,2016-03-23 10:51:00,?,,Updated by 908,2016-03-28 11:59:00,Phone,Location 143,Category 46,Subcategory 223,Symptom 491,?,2 - Medium,2 - Medium,3 - Moderate,Group 70,Resolver 13,False,False,Do Not Notify,?,?,?,?,code 6,Resolved by 11,,2016-03-28 11:59:00,True,True,False,True,True,False,,False,False
INC0010452,Closed,False,0,0,1,True,Caller 243,Opened by  17,2016-03-23 10:57:00,?,,Updated by 908,2016-03-28 11:59:00,Phone,Location 161,Category 37,Subcategory 135,Symptom 118,?,2 - Medium,2 - Medium,3 - Moderate,Group 70,Resolver 13,False,False,Do Not Notify,?,?,?,?,code 9,Resolved by 11,,2016-03-28 11:59:00,True,True,False,True,True,False,,False,False
INC0010461,Closed,False,0,0,1,True,Caller 2194,Opened by  501,2016-03-23 11:06:00,?,,Updated by 908,2016-03-28 11:59:00,Phone,Location 204,Category 42,Subcategory 223,?,?,2 - Medium,2 - Medium,3 - Moderate,Group 70,Resolver 233,False,False,Do Not Notify,?,?,?,?,code 6,Resolved by 212,,2016-03-28 11:59:00,True,True,False,True,True,False,,False,False
INC0010468,Closed,False,0,0,1,True,Caller 4759,Opened by  17,2016-03-23 11:11:00,?,,Updated by 908,2016-03-28 11:59:00,Phone,Location 161,Category 26,Subcategory 175,Symptom 491,?,2 - Medium,2 - Medium,3 - Moderate,Group 70,Resolver 13,False,False,Do Not Notify,?,?,?,?,code 7,Resolved by 11,,2016-03-28 11:59:00,True,True,False,True,True,False,,False,False
INC0010477,Closed,False,0,0,1,True,Caller 5065,Opened by  17,2016-03-23 11:20:00,?,,Updated by 908,2016-03-28 11:59:00,Phone,Location 93,Category 53,Subcategory 174,Symptom 491,?,2 - Medium,2 - Medium,3 - Moderate,Group 70,Resolver 13,False,False,Do Not Notify,?,?,?,?,code 6,Resolved by 11,,2016-03-28 11:59:00,True,True,False,True,True,False,,False,False
INC0010483,Closed,False,0,0,1,True,Caller 384,Opened by  17,2016-03-23 11:24:00,?,,Updated by 908,2016-03-28 11:59:00,Phone,Location 42,Category 42,Subcategory 223,Symptom 534,?,2 - Medium,2 - Medium,3 - Moderate,Group 70,Resolver 17,False,False,Do Not Notify,?,?,?,?,code 6,Resolved by 11,,2016-03-28 11:59:00,True,True,False,True,True,False,,False,False
INC0010498,Closed,False,0,0,1,True,Caller 930,Opened by  17,2016-03-23 11:43:00,?,,Updated by 908,2016-03-28 11:59:00,Phone,Location 204,Category 20,Subcategory 174,Symptom 491,?,2 - Medium,2 - Medium,3 - Moderate,Group 70,Resolver 13,False,False,Do Not Notify,?,?,?,?,code 6,Resolved by 11,,2016-03-28 11:59:00,True,True,False,True,True,False,,False,False
INC0010523,Closed,False,0,0,1,True,Caller 4323,Opened by  17,2016-03-23 12:28:00,?,,Updated by 908,2016-03-28 12:59:00,Phone,Location 93,Category 42,Subcategory 174,Symptom 491,?,2 - Medium,2 - Medium,3 - Moderate,Group 70,Resolver 13,False,False,Do Not Notify,?,?,?,?,code 7,Resolved by 11,,2016-03-28 12:59:00,True,True,False,True,True,False,,False,False
INC0010536,Closed,False,0,0,1,True,Caller 5375,Opened by  131,2016-03-23 12:54:00,?,,Updated by 908,2016-03-28 13:59:00,Phone,Location 108,Category 28,Subcategory 174,Symptom 491,?,3 - Low,3 - Low,4 - Low,Group 70,Resolver 73,False,False,Do Not Notify,?,?,?,?,code 7,Resolved by 66,,2016-03-28 13:59:00,True,True,False,True,True,False,,False,False
INC0010551,Closed,False,0,0,1,True,Caller 2847,Opened by  17,2016-03-23 13:40:00,?,,Updated by 908,2016-03-28 13:59:00,Phone,Location 38,Category 42,Subcategory 174,Symptom 491,?,2 - Medium,2 - Medium,3 - Moderate,Group 70,Resolver 13,False,False,Do Not Notify,?,?,?,?,code 7,Resolved by 11,,2016-03-28 13:59:00,True,True,False,True,True,False,,False,False
INC0010559,Closed,False,0,0,1,True,Caller 4680,Opened by  55,2016-03-23 13:46:00,?,,Updated by 908,2016-03-28 13:59:00,Phone,Location 93,Category 32,Subcategory 174,?,?,2 - Medium,2 - Medium,3 - Moderate,Group 70,Resolver 28,False,False,Do Not Notify,?,?,?,?,code 6,Resolved by 27,,2016-03-28 13:59:00,True,True,False,True,True,False,,False,False
INC0010560,Closed,False,0,0,1,True,Caller 5170,Opened by  17,2016-03-23 13:47:00,?,,Updated by 908,2016-03-28 14:59:00,Phone,Location 161,Category 20,Subcategory 103,?,?,2 - Medium,2 - Medium,3 - Moderate,Group 70,Resolver 13,False,False,Do Not Notify,?,?,?,?,code 10,Resolved by 11,,2016-03-28 14:59:00,True,True,False,True,True,False,,False,False
INC0010563,Closed,False,0,0,1,True,Caller 2126,Opened by  17,2016-03-23 13:53:00,?,,Updated by 908,2016-03-28 14:59:00,Phone,Location 143,Category 46,Subcategory 174,Symptom 491,?,2 - Medium,2 - Medium,3 - Moderate,Group 70,Resolver 13,False,False,Do Not Notify,?,?,?,?,code 7,Resolved by 11,,2016-03-28 14:59:00,True,True,False,True,True,False,,False,False
INC0010581,Closed,False,0,0,1,True,Caller 2021,Opened by  17,2016-03-23 14:13:00,?,,Updated by 908,2016-03-28 14:59:00,Phone,Location 204,Category 42,Subcategory 223,Symptom 534,?,2 - Medium,2 - Medium,3 - Moderate,Group 70,Resolver 33,False,False,Do Not Notify,?,?,?,?,code 6,Resolved by 11,,2016-03-28 14:59:00,True,True,False,True,True,False,,False,False
INC0010598,Closed,False,0,0,1,True,Caller 1905,Opened by  17,2016-03-23 14:37:00,?,,Updated by 908,2016-03-28 14:59:00,Phone,Location 93,Category 42,Subcategory 223,Symptom 534,?,2 - Medium,2 - Medium,3 - Moderate,Group 70,Resolver 13,False,False,Do Not Notify,?,?,?,?,code 6,Resolved by 11,,2016-03-28 14:59:00,True,True,False,True,True,False,,False,False
INC0010636,Closed,False,0,0,1,True,Caller 4685,Opened by  17,2016-03-23 15:14:00,?,,Updated by 908,2016-03-28 15:59:00,Phone,Location 204,Category 20,Subcategory 103,Symptom 491,?,2 - Medium,2 - Medium,3 - Moderate,Group 70,Resolver 13,False,False,Do Not Notify,?,?,?,?,code 6,Resolved by 11,,2016-03-28 15:59:00,True,True,False,True,True,False,,False,False
INC0010645,Closed,False,0,0,1,True,Caller 3719,Opened by  17,2016-03-23 15:17:00,?,,Updated by 908,2016-03-28 15:59:00,Phone,Location 143,Category 42,Subcategory 223,Symptom 534,?,2 - Medium,2 - Medium,3 - Moderate,Group 70,Resolver 33,False,False,Do Not Notify,?,?,?,?,code 6,Resolved by 11,,2016-03-28 15:59:00,True,True,False,True,True,False,,False,False
INC0010671,Closed,False,0,0,1,True,Caller 3816,Opened by  17,2016-03-23 15:41:00,?,,Updated by 908,2016-03-28 15:59:00,Phone,Location 197,Category 42,Subcategory 223,Symptom 534,?,2 - Medium,2 - Medium,3 - Moderate,Group 70,Resolver 17,False,False,Do Not Notify,?,?,?,?,code 6,Resolved by 11,,2016-03-28 15:59:00,True,True,False,True,True,False,,False,False
INC0010721,Closed,False,0,0,1,True,Caller 2621,Opened by  55,2016-03-23 16:48:00,?,,Updated by 908,2016-03-28 16:59:00,Phone,Location 108,Category 53,Subcategory 174,?,?,2 - Medium,2 - Medium,3 - Moderate,Group 70,Resolver 28,False,False,Do Not Notify,?,?,?,?,code 6,Resolved by 27,,2016-03-28 16:59:00,True,True,False,True,True,False,,False,False
INC0010725,Closed,False,0,0,1,True,Caller 2648,Opened by  17,2016-03-23 16:55:00,?,,Updated by 908,2016-03-28 17:59:00,Phone,Location 204,Category 26,Subcategory 175,Symptom 491,?,2 - Medium,2 - Medium,3 - Moderate,Group 70,Resolver 13,False,False,Do Not Notify,?,?,?,?,code 6,Resolved by 11,,2016-03-28 17:59:00,True,True,False,True,True,False,,False,False
INC0010736,Closed,False,0,0,1,True,Caller 1247,Opened by  17,2016-03-23 17:07:00,?,,Updated by 908,2016-03-28 17:59:00,Phone,Location 111,Category 42,Subcategory 223,Symptom 534,?,2 - Medium,2 - Medium,3 - Moderate,Group 70,Resolver 13,False,False,Do Not Notify,?,?,?,?,code 6,Resolved by 11,,2016-03-28 17:59:00,True,True,False,True,True,False,,False,False
INC0010742,Closed,False,0,0,1,True,Caller 79,Opened by  500,2016-03-23 17:16:00,?,,Updated by 908,2016-03-28 17:59:00,Phone,Location 108,Category 42,Subcategory 223,Symptom 491,?,2 - Medium,2 - Medium,3 - Moderate,Group 70,Resolver 232,False,False,Do Not Notify,?,?,?,?,code 9,Resolved by 211,,2016-03-28 17:59:00,True,True,False,True,True,False,,False,False
INC0010745,Closed,False,0,0,1,True,Caller 484,Opened by  55,2016-03-23 17:20:00,?,,Updated by 908,2016-03-28 18:59:00,Phone,Location 41,Category 53,Subcategory 174,?,?,2 - Medium,2 - Medium,3 - Moderate,Group 70,Resolver 28,False,False,Do Not Notify,?,?,?,?,code 6,Resolved by 27,,2016-03-28 18:59:00,True,True,False,True,True,False,,False,False
INC0010769,Closed,False,0,0,1,True,Caller 3021,Opened by  17,2016-03-23 18:34:00,?,,Updated by 908,2016-03-28 18:59:00,Phone,Location 93,Category 26,Subcategory 174,Symptom 491,?,2 - Medium,2 - Medium,3 - Moderate,Group 70,Resolver 13,False,False,Do Not Notify,?,?,?,?,code 6,Resolved by 11,,2016-03-28 18:59:00,True,True,False,True,True,False,,False,False
INC0010780,Closed,False,0,0,1,True,Caller 2821,Opened by  305,2016-03-23 20:26:00,?,,Updated by 908,2016-03-28 20:59:00,Phone,Location 204,Category 53,Subcategory 174,?,?,2 - Medium,2 - Medium,3 - Moderate,Group 70,Resolver 150,False,False,Do Not Notify,?,?,?,?,code 7,Resolved by 134,,2016-03-28 20:59:00,True,True,False,True,True,False,,False,False
INC0010785,Closed,False,0,0,1,True,Caller 1217,Opened by  305,2016-03-23 22:36:00,?,,Updated by 908,2016-03-28 22:59:00,Phone,Location 51,Category 40,Subcategory 174,?,?,2 - Medium,2 - Medium,3 - Moderate,Group 70,Resolver 150,False,False,Do Not Notify,?,?,?,?,code 10,Resolved by 134,,2016-03-28 22:59:00,True,True,False,True,True,False,,False,False
INC0010810,Closed,False,0,0,1,True,Caller 3647,Opened by  17,2016-03-24 06:55:00,?,,Updated by 908,2016-03-29 07:59:00,Phone,Location 143,Category 42,Subcategory 223,Symptom 491,?,2 - Medium,2 - Medium,3 - Moderate,Group 70,Resolver 13,False,False,Do Not Notify,?,?,?,?,code 6,Resolved by 11,,2016-03-29 07:59:00,True,True,False,True,True,False,,False,False
INC0010824,Closed,False,0,0,1,True,Caller 2328,Opened by  17,2016-03-24 07:57:00,?,,Updated by 908,2016-03-29 08:59:00,Phone,Location 204,Category 26,Subcategory 175,Symptom 571,?,2 - Medium,2 - Medium,3 - Moderate,Group 70,Resolver 13,False,False,Do Not Notify,?,?,?,?,code 7,Resolved by 11,,2016-03-29 08:59:00,True,True,False,True,True,False,,False,False
INC0010832,Closed,False,0,0,1,True,Caller 3281,Opened by  17,2016-03-24 08:24:00,?,,Updated by 908,2016-03-29 08:59:00,Phone,Location 204,Category 32,Subcategory 174,Symptom 491,?,2 - Medium,2 - Medium,3 - Moderate,Group 70,Resolver 94,False,False,Do Not Notify,?,?,?,?,code 6,Resolved by 11,,2016-03-29 08:59:00,True,True,False,True,True,False,,False,False
INC0010833,Closed,False,0,0,1,True,Caller 5491,Opened by  17,2016-03-24 08:24:00,?,,Updated by 908,2016-03-29 08:59:00,Phone,Location 38,Category 42,Subcategory 223,Symptom 534,?,2 - Medium,2 - Medium,3 - Moderate,Group 70,Resolver 13,False,False,Do Not Notify,?,?,?,?,code 6,Resolved by 11,,2016-03-29 08:59:00,True,True,False,True,True,False,,False,False
INC0010837,Closed,False,0,0,1,True,Caller 2457,Opened by  17,2016-03-24 08:30:00,?,,Updated by 908,2016-03-29 09:59:00,Phone,Location 242,Category 26,Subcategory 164,?,?,2 - Medium,2 - Medium,3 - Moderate,Group 70,Resolver 13,False,False,Do Not Notify,?,?,?,?,code 9,Resolved by 11,,2016-03-29 09:59:00,True,True,False,True,True,False,,False,False
INC0010863,Closed,False,0,0,1,True,Caller 1236,Opened by  17,2016-03-24 08:59:00,?,,Updated by 908,2016-03-29 09:59:00,Phone,Location 197,Category 37,Subcategory 174,Symptom 491,?,2 - Medium,2 - Medium,3 - Moderate,Group 70,Resolver 13,False,False,Do Not Notify,?,?,?,?,code 6,Resolved by 11,,2016-03-29 09:59:00,True,True,False,True,True,False,,False,False
INC0010874,Closed,False,0,0,1,True,Caller 4973,Opened by  24,2016-03-24 09:10:00,?,,Updated by 908,2016-03-29 09:59:00,Phone,Location 153,Category 32,Subcategory 9,Symptom 105,?,2 - Medium,2 - Medium,3 - Moderate,Group 70,Resolver 17,False,False,Do Not Notify,?,?,?,?,code 7,Resolved by 15,,2016-03-29 09:59:00,True,True,False,True,True,False,,False,False
INC0010901,Closed,False,0,0,1,True,Caller 1352,Opened by  17,2016-03-24 09:34:00,?,,Updated by 908,2016-03-29 09:59:00,Phone,Location 143,Category 42,Subcategory 223,Symptom 534,?,2 - Medium,2 - Medium,3 - Moderate,Group 70,Resolver 13,False,False,Do Not Notify,?,?,?,?,code 6,Resolved by 11,,2016-03-29 09:59:00,True,True,False,True,True,False,,False,False
INC0010916,Closed,False,0,0,1,True,Caller 4735,Opened by  17,2016-03-24 09:55:00,?,,Updated by 908,2016-03-29 10:59:00,Phone,Location 204,Category 26,Subcategory 174,Symptom 491,?,2 - Medium,2 - Medium,3 - Moderate,Group 70,Resolver 13,False,False,Do Not Notify,?,?,?,?,code 6,Resolved by 11,,2016-03-29 10:59:00,True,True,False,True,True,False,,False,False
INC0010922,Closed,False,0,0,1,True,Caller 1264,Opened by  17,2016-03-24 10:01:00,?,,Updated by 908,2016-03-29 10:59:00,Phone,Location 204,Category 46,Subcategory 174,?,?,2 - Medium,2 - Medium,3 - Moderate,Group 70,Resolver 13,False,False,Do Not Notify,?,?,?,?,code 9,Resolved by 11,,2016-03-29 10:59:00,True,True,False,True,True,False,,False,False
INC0010927,Closed,False,0,0,2,True,Caller 830,Opened by  17,2016-03-24 10:05:00,?,,Updated by 908,2016-03-29 10:59:00,Phone,Location 209,Category 26,Subcategory 175,Symptom 491,?,2 - Medium,2 - Medium,3 - Moderate,Group 70,Resolver 13,False,False,Do Not Notify,?,?,?,?,code 7,Resolved by 11,,2016-03-29 10:59:00,True,True,False,True,True,False,,False,False
INC0010985,Closed,False,0,0,1,True,Caller 3864,Opened by  17,2016-03-24 10:55:00,?,,Updated by 908,2016-03-29 11:59:00,Phone,Location 93,Category 32,Subcategory 174,Symptom 491,?,2 - Medium,2 - Medium,3 - Moderate,Group 70,Resolver 13,False,False,Do Not Notify,?,?,?,?,code 7,Resolved by 11,,2016-03-29 11:59:00,True,True,False,True,True,False,,False,False
INC0011002,Closed,False,0,0,1,True,Caller 1551,Opened by  17,2016-03-24 11:19:00,?,,Updated by 908,2016-03-29 11:59:00,Phone,Location 161,Category 9,Subcategory 174,Symptom 491,?,2 - Medium,2 - Medium,3 - Moderate,Group 70,Resolver 13,False,False,Do Not Notify,?,?,?,?,code 7,Resolved by 11,,2016-03-29 11:59:00,True,True,False,True,True,False,,False,False
INC0011031,Closed,False,0,0,1,True,Caller 3038,Opened by  17,2016-03-24 11:56:00,?,,Updated by 908,2016-03-29 12:59:00,Phone,Location 204,Category 32,Subcategory 174,Symptom 491,?,2 - Medium,2 - Medium,3 - Moderate,Group 70,Resolver 13,False,False,Do Not Notify,?,?,?,?,code 7,Resolved by 11,,2016-03-29 12:59:00,True,True,False,True,True,False,,False,False
INC0011032,Closed,False,0,0,1,True,Caller 4542,Opened by  17,2016-03-24 11:56:00,?,,Updated by 908,2016-03-29 12:59:00,Phone,Location 108,Category 26,Subcategory 175,?,?,2 - Medium,2 - Medium,3 - Moderate,Group 70,Resolver 13,False,False,Do Not Notify,?,?,?,?,code 9,Resolved by 11,,2016-03-29 12:59:00,True,True,False,True,True,False,,False,False
INC0011040,Closed,False,0,0,1,True,Caller 1890,Opened by  17,2016-03-24 12:05:00,?,,Updated by 908,2016-03-29 12:59:00,Phone,Location 209,Category 46,Subcategory 174,?,?,2 - Medium,2 - Medium,3 - Moderate,Group 70,Resolver 13,False,False,Do Not Notify,?,?,?,?,code 9,Resolved by 11,,2016-03-29 12:59:00,True,True,False,True,True,False,,False,False
INC0011044,Closed,False,0,0,1,True,Caller 4539,Opened by  500,2016-03-24 12:06:00,?,,Updated by 908,2016-03-29 12:59:00,Phone,Location 36,Category 42,Subcategory 223,Symptom 534,?,2 - Medium,2 - Medium,3 - Moderate,Group 70,Resolver 232,False,False,Do Not Notify,?,?,?,?,code 9,Resolved by 211,,2016-03-29 12:59:00,True,True,False,True,True,False,,False,False
INC0011048,Closed,False,0,0,1,True,Caller 3329,Opened by  108,2016-03-24 12:10:00,?,,Updated by 908,2016-03-29 12:59:00,Phone,Location 51,Category 20,Subcategory 174,Symptom 491,?,2 - Medium,2 - Medium,3 - Moderate,Group 70,Resolver 56,False,False,Do Not Notify,?,?,?,?,code 6,Resolved by 52,,2016-03-29 12:59:00,True,True,False,True,True,False,,False,False
INC0011058,Closed,False,0,0,1,True,Caller 808,Opened by  55,2016-03-24 12:29:00,?,,Updated by 908,2016-03-29 12:59:00,Phone,Location 143,Category 32,Subcategory 9,?,?,2 - Medium,2 - Medium,3 - Moderate,Group 70,Resolver 28,False,False,Do Not Notify,?,?,?,?,code 6,Resolved by 27,,2016-03-29 12:59:00,True,True,False,True,True,False,,False,False
INC0011061,Closed,False,0,0,1,True,Caller 1175,Opened by  17,2016-03-24 12:33:00,?,,Updated by 908,2016-03-29 12:59:00,Phone,Location 204,Category 26,Subcategory 175,?,?,2 - Medium,2 - Medium,3 - Moderate,Group 70,Resolver 13,False,False,Do Not Notify,?,?,?,?,code 9,Resolved by 11,,2016-03-29 12:59:00,True,True,False,True,True,False,,False,False
INC0011076,Closed,False,0,0,1,True,Caller 2206,Opened by  17,2016-03-24 13:01:00,?,,Updated by 908,2016-03-29 13:59:00,Phone,Location 51,Category 42,Subcategory 223,Symptom 534,?,2 - Medium,2 - Medium,3 - Moderate,Group 70,Resolver 13,False,False,Do Not Notify,?,?,?,?,code 6,Resolved by 11,,2016-03-29 13:59:00,True,True,False,True,True,False,,False,False
INC0011083,Closed,False,0,0,1,True,Caller 2685,Opened by  17,2016-03-24 13:20:00,?,,Updated by 908,2016-03-29 13:59:00,Phone,Location 204,Category 32,Subcategory 174,?,?,2 - Medium,2 - Medium,3 - Moderate,Group 70,Resolver 13,False,False,Do Not Notify,?,?,?,?,code 9,Resolved by 11,,2016-03-29 13:59:00,True,True,False,True,True,False,,False,False
INC0011089,Closed,False,0,0,1,True,Caller 7,Opened by  17,2016-03-24 13:26:00,?,,Updated by 908,2016-03-29 13:59:00,Phone,Location 143,Category 42,Subcategory 174,Symptom 491,?,2 - Medium,2 - Medium,3 - Moderate,Group 70,Resolver 13,False,False,Do Not Notify,?,?,?,?,code 7,Resolved by 11,,2016-03-29 13:59:00,True,True,False,True,True,False,,False,False
INC0011114,Closed,False,0,0,1,True,Caller 4084,Opened by  17,2016-03-24 14:02:00,?,,Updated by 908,2016-03-29 14:59:00,Phone,Location 143,Category 46,Subcategory 174,Symptom 491,?,2 - Medium,2 - Medium,3 - Moderate,Group 70,Resolver 13,False,False,Do Not Notify,?,?,?,?,code 7,Resolved by 11,,2016-03-29 14:59:00,True,True,False,True,True,False,,False,False
INC0011116,Closed,False,0,0,1,True,Caller 1197,Opened by  17,2016-03-24 14:07:00,?,,Updated by 908,2016-03-29 14:59:00,Phone,Location 143,Category 26,Subcategory 275,Symptom 116,?,2 - Medium,2 - Medium,3 - Moderate,Group 70,Resolver 13,False,False,Do Not Notify,?,?,?,?,code 7,Resolved by 11,,2016-03-29 14:59:00,True,True,False,True,True,False,,False,False
INC0011120,Closed,False,0,0,1,True,Caller 3925,Opened by  55,2016-03-24 14:11:00,?,,Updated by 908,2016-03-29 14:59:00,Phone,Location 204,Category 32,Subcategory 174,?,?,2 - Medium,2 - Medium,3 - Moderate,Group 70,Resolver 28,False,False,Do Not Notify,?,?,?,?,code 6,Resolved by 27,,2016-03-29 14:59:00,True,True,False,True,True,False,,False,False
INC0011125,Closed,False,0,0,1,True,Caller 3160,Opened by  17,2016-03-24 14:17:00,?,,Updated by 908,2016-03-29 14:59:00,Phone,Location 204,Category 42,Subcategory 223,Symptom 534,?,2 - Medium,2 - Medium,3 - Moderate,Group 70,Resolver 13,False,False,Do Not Notify,?,?,?,?,code 6,Resolved by 11,,2016-03-29 14:59:00,True,True,False,True,True,False,,False,False
INC0011127,Closed,False,0,0,1,True,Caller 99,Opened by  17,2016-03-24 14:20:00,?,,Updated by 908,2016-03-29 14:59:00,Phone,Location 51,Category 32,Subcategory 9,Symptom 491,?,2 - Medium,2 - Medium,3 - Moderate,Group 70,Resolver 13,False,False,Do Not Notify,?,?,?,?,code 7,Resolved by 11,,2016-03-29 14:59:00,True,True,False,True,True,False,,False,False
INC0011130,Closed,False,0,0,1,True,Caller 3828,Opened by  17,2016-03-24 14:21:00,?,,Updated by 908,2016-03-29 14:59:00,Phone,Location 161,Category 53,Subcategory 174,Symptom 491,?,2 - Medium,2 - Medium,3 - Moderate,Group 70,Resolver 13,False,False,Do Not Notify,?,?,?,?,code 6,Resolved by 11,,2016-03-29 14:59:00,True,True,False,True,True,False,,False,False
INC0011144,Closed,False,0,0,1,True,Caller 1197,Opened by  500,2016-03-24 14:47:00,?,,Updated by 908,2016-03-29 17:59:00,Phone,Location 143,Category 42,Subcategory 223,Symptom 534,?,2 - Medium,2 - Medium,3 - Moderate,Group 70,Resolver 232,False,False,Do Not Notify,?,?,?,?,code 9,Resolved by 211,,2016-03-29 17:59:00,True,True,False,True,True,False,,False,False
INC0011146,Closed,False,0,0,1,True,Caller 125,Opened by  17,2016-03-24 14:49:00,?,,Updated by 908,2016-03-29 15:59:00,Phone,Location 143,Category 53,Subcategory 174,Symptom 491,?,2 - Medium,2 - Medium,3 - Moderate,Group 70,Resolver 13,False,False,Do Not Notify,?,?,?,?,code 7,Resolved by 11,,2016-03-29 15:59:00,True,True,False,True,True,False,,False,False
INC0011179,Closed,False,0,0,1,True,Caller 3138,Opened by  108,2016-03-24 15:27:00,?,,Updated by 908,2016-03-29 15:59:00,Phone,Location 204,Category 26,Subcategory 175,Symptom 491,?,2 - Medium,2 - Medium,3 - Moderate,Group 70,Resolver 56,False,False,Do Not Notify,?,?,?,?,code 6,Resolved by 52,,2016-03-29 15:59:00,True,True,False,True,True,False,,False,False
INC0011185,Closed,False,0,0,1,True,Caller 2171,Opened by  55,2016-03-24 15:33:00,?,,Updated by 908,2016-03-29 15:59:00,Phone,Location 143,Category 46,Subcategory 223,?,?,2 - Medium,2 - Medium,3 - Moderate,Group 70,Resolver 28,False,False,Do Not Notify,?,?,?,?,code 6,Resolved by 27,,2016-03-29 15:59:00,True,True,False,True,True,False,,False,False
INC0011186,Closed,False,0,0,1,True,Caller 2011,Opened by  17,2016-03-24 15:33:00,?,,Updated by 908,2016-03-29 15:59:00,Phone,Location 161,Category 53,Subcategory 174,Symptom 491,?,2 - Medium,2 - Medium,3 - Moderate,Group 70,Resolver 13,False,False,Do Not Notify,?,?,?,?,code 6,Resolved by 11,,2016-03-29 15:59:00,True,True,False,True,True,False,,False,False
INC0011196,Closed,False,0,0,1,True,Caller 883,Opened by  55,2016-03-24 15:50:00,?,,Updated by 908,2016-03-29 16:59:00,Phone,Location 161,Category 28,Subcategory 174,?,?,2 - Medium,2 - Medium,3 - Moderate,Group 70,Resolver 28,False,False,Do Not Notify,?,?,?,?,code 7,Resolved by 27,,2016-03-29 16:59:00,True,True,False,True,True,False,,False,False
INC0011200,Closed,False,0,0,1,True,Caller 388,Opened by  301,2016-03-24 15:55:00,?,,Updated by 908,2016-03-29 16:59:00,Phone,Location 93,Category 32,Subcategory 174,Symptom 491,?,2 - Medium,2 - Medium,3 - Moderate,Group 70,Resolver 149,False,False,Do Not Notify,?,?,?,?,code 9,Resolved by 133,,2016-03-29 16:59:00,True,True,False,True,True,False,,False,False
INC0011211,Closed,False,0,0,1,True,Caller 3038,Opened by  500,2016-03-24 16:07:00,?,,Updated by 908,2016-03-29 16:59:00,Phone,Location 204,Category 42,Subcategory 223,Symptom 534,?,2 - Medium,2 - Medium,3 - Moderate,Group 70,Resolver 232,False,False,Do Not Notify,?,?,?,?,code 9,Resolved by 211,,2016-03-29 16:59:00,True,True,False,True,True,False,,False,False
INC0011239,Closed,False,0,0,1,True,Caller 368,Opened by  17,2016-03-24 16:46:00,?,,Updated by 908,2016-03-29 17:59:00,Phone,Location 108,Category 53,Subcategory 174,Symptom 491,?,2 - Medium,2 - Medium,3 - Moderate,Group 70,Resolver 13,False,False,Do Not Notify,?,?,?,?,code 6,Resolved by 11,,2016-03-29 17:59:00,True,True,False,True,True,False,,False,False
INC0011244,Closed,False,0,0,1,True,Caller 4254,Opened by  55,2016-03-24 16:54:00,?,,Updated by 908,2016-03-29 16:59:00,Phone,Location 161,Category 26,Subcategory 175,?,?,2 - Medium,2 - Medium,3 - Moderate,Group 70,Resolver 28,False,False,Do Not Notify,?,?,?,?,code 6,Resolved by 27,,2016-03-29 16:59:00,True,True,False,True,True,False,,False,False
INC0011246,Closed,False,0,0,1,True,Caller 3796,Opened by  108,2016-03-24 16:58:00,?,,Updated by 908,2016-03-29 17:59:00,Phone,Location 161,Category 40,Subcategory 44,Symptom 5,?,2 - Medium,2 - Medium,3 - Moderate,Group 70,Resolver 56,False,False,Do Not Notify,?,?,?,?,code 6,Resolved by 52,,2016-03-29 17:59:00,True,True,False,True,True,False,,False,False
INC0011287,Closed,False,0,0,1,True,Caller 4936,Opened by  47,2016-03-24 18:50:00,?,,Updated by 908,2016-03-29 18:59:00,Phone,Location 93,Category 37,Subcategory 174,Symptom 491,?,2 - Medium,2 - Medium,3 - Moderate,Group 70,Resolver 26,False,False,Do Not Notify,?,?,?,?,code 10,Resolved by 24,,2016-03-29 18:59:00,True,True,False,True,True,False,,False,False
INC0011297,Closed,False,0,0,1,True,Caller 5523,Opened by  58,2016-03-24 19:44:00,?,,Updated by 908,2016-03-29 20:59:00,Phone,Location 143,Category 46,Subcategory 223,Symptom 491,?,2 - Medium,2 - Medium,3 - Moderate,Group 70,Resolver 126,False,False,Do Not Notify,?,?,?,?,code 6,Resolved by 29,,2016-03-29 20:59:00,True,True,False,True,True,False,,False,False
INC0011299,Closed,False,0,0,1,True,Caller 5242,Opened by  47,2016-03-24 19:59:00,?,,Updated by 908,2016-03-29 20:59:00,Phone,Location 108,Category 32,Subcategory 9,Symptom 491,?,2 - Medium,2 - Medium,3 - Moderate,Group 70,Resolver 26,False,False,Do Not Notify,?,?,?,?,code 6,Resolved by 24,,2016-03-29 20:59:00,True,True,False,True,True,False,,False,False
INC0011307,Closed,False,0,0,1,True,Caller 859,Opened by  305,2016-03-24 20:42:00,?,,Updated by 908,2016-03-29 20:59:00,Phone,Location 204,Category 9,Subcategory 145,?,?,2 - Medium,2 - Medium,3 - Moderate,Group 70,Resolver 150,False,False,Do Not Notify,?,?,?,?,code 10,Resolved by 134,,2016-03-29 20:59:00,True,True,False,True,True,False,,False,False
INC0011308,Closed,False,0,0,1,True,Caller 290,Opened by  20,2016-03-24 20:47:00,?,,Updated by 908,2016-03-29 20:59:00,Phone,Location 204,Category 46,Subcategory 223,?,?,3 - Low,3 - Low,4 - Low,Group 70,Resolver 15,False,False,Do Not Notify,?,?,?,?,code 6,Resolved by 13,,2016-03-29 20:59:00,True,True,False,True,True,False,,False,False
INC0011309,Closed,False,0,0,1,True,Caller 290,Opened by  20,2016-03-24 20:50:00,?,,Updated by 908,2016-03-29 20:59:00,Phone,Location 204,Category 42,Subcategory 183,Symptom 491,?,3 - Low,3 - Low,4 - Low,Group 70,Resolver 15,False,False,Do Not Notify,?,?,?,?,code 6,Resolved by 13,,2016-03-29 20:59:00,True,True,False,True,True,False,,False,False
INC0011312,Closed,False,0,0,1,True,Caller 290,Opened by  20,2016-03-24 20:57:00,?,,Updated by 908,2016-03-29 20:59:00,Phone,Location 204,Category 42,Subcategory 223,?,?,3 - Low,3 - Low,4 - Low,Group 70,Resolver 15,False,False,Do Not Notify,?,?,?,?,code 6,Resolved by 13,,2016-03-29 20:59:00,True,True,False,True,True,False,,False,False
INC0011313,Closed,False,0,0,1,True,Caller 290,Opened by  20,2016-03-24 21:16:00,?,,Updated by 908,2016-03-29 21:59:00,Phone,Location 204,Category 42,Subcategory 223,Symptom 491,?,3 - Low,3 - Low,4 - Low,Group 70,Resolver 15,False,False,Do Not Notify,?,?,?,?,code 6,Resolved by 13,,2016-03-29 21:59:00,True,True,False,True,True,False,,False,False
INC0011314,Closed,False,0,0,1,True,Caller 290,Opened by  20,2016-03-24 21:17:00,?,,Updated by 908,2016-03-29 21:59:00,Phone,Location 204,Category 42,Subcategory 223,?,?,3 - Low,3 - Low,4 - Low,Group 70,Resolver 15,False,False,Do Not Notify,?,?,?,?,code 6,Resolved by 13,,2016-03-29 21:59:00,True,True,False,True,True,False,,False,False
INC0011315,Closed,False,0,0,1,True,Caller 290,Opened by  20,2016-03-24 21:19:00,?,,Updated by 908,2016-03-29 21:59:00,Phone,Location 204,Category 42,Subcategory 223,?,?,3 - Low,3 - Low,4 - Low,Group 70,Resolver 15,False,False,Do Not Notify,?,?,?,?,code 6,Resolved by 13,,2016-03-29 21:59:00,True,True,False,True,True,False,,False,False
INC0011316,Closed,False,0,0,1,True,Caller 290,Opened by  20,2016-03-24 21:19:00,?,,Updated by 908,2016-03-29 21:59:00,Phone,Location 204,Category 42,Subcategory 223,?,?,3 - Low,3 - Low,4 - Low,Group 70,Resolver 15,False,False,Do Not Notify,?,?,?,?,code 6,Resolved by 13,,2016-03-29 21:59:00,True,True,False,True,True,False,,False,False
INC0011317,Closed,False,0,0,1,True,Caller 290,Opened by  20,2016-03-24 21:20:00,?,,Updated by 908,2016-03-29 21:59:00,Phone,Location 204,Category 42,Subcategory 223,?,?,3 - Low,3 - Low,4 - Low,Group 70,Resolver 15,False,False,Do Not Notify,?,?,?,?,code 6,Resolved by 13,,2016-03-29 21:59:00,True,True,False,True,True,False,,False,False
INC0011318,Closed,False,0,0,1,True,Caller 290,Opened by  20,2016-03-24 21:21:00,?,,Updated by 908,2016-03-29 21:59:00,Phone,Location 204,Category 42,Subcategory 223,?,?,3 - Low,3 - Low,4 - Low,Group 70,Resolver 15,False,False,Do Not Notify,?,?,?,?,code 6,Resolved by 13,,2016-03-29 21:59:00,True,True,False,True,True,False,,False,False
INC0011319,Closed,False,0,0,1,True,Caller 290,Opened by  20,2016-03-24 21:21:00,?,,Updated by 908,2016-03-29 21:59:00,Phone,Location 204,Category 42,Subcategory 223,?,?,3 - Low,3 - Low,4 - Low,Group 70,Resolver 15,False,False,Do Not Notify,?,?,?,?,code 6,Resolved by 13,,2016-03-29 21:59:00,True,True,False,True,True,False,,False,False
INC0011325,Closed,False,0,0,1,True,Caller 290,Opened by  20,2016-03-24 21:58:00,?,,Updated by 908,2016-03-29 21:59:00,Phone,Location 204,Category 51,Subcategory 174,?,?,3 - Low,3 - Low,4 - Low,Group 70,Resolver 15,False,False,Do Not Notify,?,?,?,?,code 6,Resolved by 13,,2016-03-29 21:59:00,True,True,False,True,True,False,,False,False
INC0011326,Closed,False,0,0,1,True,Caller 290,Opened by  20,2016-03-24 21:59:00,?,,Updated by 908,2016-03-29 22:59:00,Phone,Location 204,Category 42,Subcategory 223,?,?,3 - Low,3 - Low,4 - Low,Group 70,Resolver 15,False,False,Do Not Notify,?,?,?,?,code 6,Resolved by 13,,2016-03-29 22:59:00,True,True,False,True,True,False,,False,False
INC0011328,Closed,False,0,0,1,True,Caller 2357,Opened by  305,2016-03-24 22:28:00,?,,Updated by 908,2016-03-29 23:59:00,Phone,Location 204,Category 26,Subcategory 175,?,?,2 - Medium,2 - Medium,3 - Moderate,Group 70,Resolver 150,False,False,Do Not Notify,?,?,?,?,code 10,Resolved by 134,,2016-03-29 23:59:00,True,True,False,True,True,False,,False,False
INC0011330,Closed,False,0,0,1,True,Caller 290,Opened by  20,2016-03-24 23:09:00,?,,Updated by 908,2016-03-29 23:59:00,Phone,Location 204,Category 42,Subcategory 223,?,?,3 - Low,3 - Low,4 - Low,Group 70,Resolver 15,False,False,Do Not Notify,?,?,?,?,code 6,Resolved by 13,,2016-03-29 23:59:00,True,True,False,True,True,False,,False,False
INC0011338,Closed,False,0,0,1,True,Caller 1933,Opened by  443,2016-03-25 01:10:00,?,,Updated by 908,2016-03-30 01:59:00,Phone,Location 161,Category 42,Subcategory 223,Symptom 534,?,2 - Medium,2 - Medium,3 - Moderate,Group 70,Resolver 208,False,False,Do Not Notify,?,?,?,?,code 7,Resolved by 189,,2016-03-30 01:59:00,True,True,False,True,True,False,,False,False
INC0011345,Closed,False,0,0,1,True,Caller 2672,Opened by  443,2016-03-25 02:32:00,?,,Updated by 908,2016-03-30 02:59:00,Phone,Location 204,Category 26,Subcategory 174,Symptom 491,?,2 - Medium,2 - Medium,3 - Moderate,Group 70,Resolver 208,False,False,Do Not Notify,?,?,?,?,code 6,Resolved by 189,,2016-03-30 02:59:00,True,True,False,True,True,False,,False,False
INC0011364,Closed,False,0,0,1,True,Caller 1488,Opened by  17,2016-03-25 08:18:00,?,,Updated by 908,2016-03-30 08:59:00,Phone,Location 108,Category 26,Subcategory 175,Symptom 120,?,2 - Medium,2 - Medium,3 - Moderate,Group 70,Resolver 13,False,False,Do Not Notify,?,?,?,?,code 9,Resolved by 11,,2016-03-30 08:59:00,True,True,False,True,True,False,,False,False
INC0011380,Closed,False,0,0,1,True,Caller 360,Opened by  131,2016-03-25 11:14:00,?,,Updated by 908,2016-03-30 11:59:00,Phone,Location 96,Category 32,Subcategory 9,Symptom 491,?,3 - Low,3 - Low,4 - Low,Group 70,Resolver 73,False,False,Do Not Notify,?,?,?,?,code 7,Resolved by 66,,2016-03-30 11:59:00,True,True,False,True,True,False,,False,False
INC0011385,Closed,False,0,0,1,True,Caller 2716,Opened by  17,2016-03-25 11:47:00,?,,Updated by 908,2016-03-30 11:59:00,Phone,Location 111,Category 32,Subcategory 174,Symptom 491,?,2 - Medium,2 - Medium,3 - Moderate,Group 70,Resolver 13,False,False,Do Not Notify,?,?,?,?,code 9,Resolved by 11,,2016-03-30 11:59:00,True,True,False,True,True,False,,False,False
INC0011408,Closed,False,0,0,1,True,Caller 461,Opened by  17,2016-03-25 14:35:00,?,,Updated by 908,2016-03-30 14:59:00,Phone,Location 204,Category 26,Subcategory 164,Symptom 594,?,2 - Medium,2 - Medium,3 - Moderate,Group 70,Resolver 13,False,False,Do Not Notify,?,?,?,?,code 6,Resolved by 11,,2016-03-30 14:59:00,True,True,False,True,True,False,,False,False
INC0011416,Closed,False,0,0,1,True,Caller 5230,Opened by  55,2016-03-25 17:25:00,?,,Updated by 908,2016-03-30 18:59:00,Phone,Location 179,Category 26,Subcategory 175,?,?,2 - Medium,2 - Medium,3 - Moderate,Group 70,Resolver 28,False,False,Do Not Notify,?,?,?,?,code 6,Resolved by 27,,2016-03-30 18:59:00,True,True,False,True,True,False,,False,False
INC0011421,Closed,False,0,0,1,True,Caller 4764,Opened by  17,2016-03-25 20:00:00,?,,Updated by 908,2016-03-30 20:59:00,Phone,Location 161,Category 42,Subcategory 223,Symptom 534,?,2 - Medium,2 - Medium,3 - Moderate,Group 70,Resolver 13,False,False,Do Not Notify,?,?,?,?,code 6,Resolved by 11,,2016-03-30 20:59:00,True,True,False,True,True,False,,False,False
INC0011456,Closed,False,0,0,1,True,Caller 4220,Opened by  17,2016-03-26 08:30:00,?,,Updated by 908,2016-03-31 08:59:00,Phone,Location 143,Category 32,Subcategory 174,?,?,2 - Medium,2 - Medium,3 - Moderate,Group 70,Resolver 13,False,False,Do Not Notify,?,?,?,?,code 9,Resolved by 11,,2016-03-31 08:59:00,True,True,False,True,True,False,,False,False
INC0011460,Closed,False,0,0,1,True,Caller 2710,Opened by  17,2016-03-26 09:24:00,?,,Updated by 908,2016-03-31 11:59:00,Phone,Location 108,Category 26,Subcategory 175,Symptom 116,?,2 - Medium,2 - Medium,3 - Moderate,Group 70,Resolver 13,False,False,Do Not Notify,?,?,?,?,code 7,Resolved by 11,,2016-03-31 11:59:00,True,True,False,True,True,False,,False,False
INC0011476,Closed,False,0,0,1,True,Caller 3836,Opened by  17,2016-03-26 10:54:00,?,,Updated by 908,2016-03-31 11:59:00,Phone,Location 204,Category 32,Subcategory 174,?,?,2 - Medium,2 - Medium,3 - Moderate,Group 70,Resolver 13,False,False,Do Not Notify,?,?,?,?,code 9,Resolved by 11,,2016-03-31 11:59:00,True,True,False,True,True,False,,False,False
INC0011478,Closed,False,0,0,1,True,Caller 2710,Opened by  17,2016-03-26 11:15:00,?,,Updated by 908,2016-03-31 11:59:00,Phone,Location 108,Category 53,Subcategory 303,Symptom 571,?,2 - Medium,2 - Medium,3 - Moderate,Group 70,Resolver 13,False,False,Do Not Notify,?,?,?,?,code 7,Resolved by 11,,2016-03-31 11:59:00,True,True,False,True,True,False,,False,False
INC0011516,Closed,False,0,0,1,True,Caller 1488,Opened by  305,2016-03-26 18:42:00,?,,Updated by 908,2016-03-31 19:59:00,Phone,Location 108,Category 26,Subcategory 175,?,?,2 - Medium,2 - Medium,3 - Moderate,Group 70,Resolver 150,False,False,Do Not Notify,?,?,?,?,code 10,Resolved by 134,,2016-03-31 19:59:00,True,True,False,True,True,False,,False,False
INC0011519,Closed,False,0,0,2,True,Caller 2906,Opened by  305,2016-03-26 19:58:00,?,,Updated by 908,2016-03-31 20:59:00,Phone,Location 161,Category 26,Subcategory 175,?,?,2 - Medium,2 - Medium,3 - Moderate,Group 70,Resolver 150,False,False,Do Not Notify,?,?,?,?,code 10,Resolved by 134,,2016-03-31 20:59:00,True,True,False,True,True,False,,False,False
INC0011520,Closed,False,0,0,1,True,Caller 5283,Opened by  47,2016-03-26 19:59:00,?,,Updated by 908,2016-03-31 20:59:00,Phone,Location 204,Category 20,Subcategory 125,Symptom 491,?,2 - Medium,2 - Medium,3 - Moderate,Group 70,Resolver 26,False,False,Do Not Notify,?,?,?,?,code 6,Resolved by 24,,2016-03-31 20:59:00,True,True,False,True,True,False,,False,False
INC0011527,Closed,False,0,0,1,True,Caller 5272,Opened by  305,2016-03-26 22:32:00,?,,Updated by 908,2016-03-31 22:59:00,Phone,Location 179,Category 32,Subcategory 9,?,?,2 - Medium,2 - Medium,3 - Moderate,Group 70,Resolver 150,False,False,Do Not Notify,?,?,?,?,code 7,Resolved by 134,,2016-03-31 22:59:00,True,True,False,True,True,False,,False,False
INC0011533,Closed,False,0,0,1,True,Caller 815,Opened by  397,2016-03-27 03:22:00,?,,Updated by 908,2016-04-01 03:59:00,Phone,Location 161,Category 26,Subcategory 175,Symptom 571,?,2 - Medium,2 - Medium,3 - Moderate,Group 70,Resolver 191,False,False,Do Not Notify,?,?,?,?,code 7,Resolved by 174,,2016-04-01 03:59:00,True,True,False,True,True,False,,False,False
INC0011551,Closed,False,0,0,1,True,Caller 5589,Opened by  17,2016-03-27 08:30:00,?,,Updated by 908,2016-04-01 08:59:00,Phone,Location 204,Category 32,Subcategory 174,Symptom 491,?,2 - Medium,2 - Medium,3 - Moderate,Group 70,Resolver 13,False,False,Do Not Notify,?,?,?,?,code 7,Resolved by 11,,2016-04-01 08:59:00,True,True,False,True,True,False,,False,False
INC0011581,Closed,False,0,0,1,True,Caller 2038,Opened by  500,2016-03-27 14:06:00,?,,Updated by 908,2016-04-01 14:59:00,Phone,Location 161,Category 26,Subcategory 175,Symptom 120,?,2 - Medium,2 - Medium,3 - Moderate,Group 70,Resolver 232,False,False,Do Not Notify,?,?,?,?,code 9,Resolved by 211,,2016-04-01 14:59:00,True,True,False,True,True,False,,False,False
INC0011587,Closed,False,0,0,1,True,Caller 188,Opened by  17,2016-03-27 16:40:00,?,,Updated by 908,2016-04-01 16:59:00,Phone,Location 204,Category 20,Subcategory 125,Symptom 491,?,2 - Medium,2 - Medium,3 - Moderate,Group 70,Resolver 13,False,False,Do Not Notify,?,?,?,?,code 6,Resolved by 11,,2016-04-01 16:59:00,True,True,False,True,True,False,,False,False
INC0011589,Closed,False,0,0,1,True,Caller 683,Opened by  500,2016-03-27 17:33:00,?,,Updated by 908,2016-04-01 17:59:00,Phone,Location 190,Category 32,Subcategory 174,Symptom 491,?,2 - Medium,2 - Medium,3 - Moderate,Group 70,Resolver 232,False,False,Do Not Notify,?,?,?,?,code 9,Resolved by 211,,2016-04-01 17:59:00,True,True,False,True,True,False,,False,False
INC0011592,Closed,False,0,0,1,True,Caller 683,Opened by  47,2016-03-27 18:18:00,?,,Updated by 908,2016-04-01 18:59:00,Phone,Location 190,Category 32,Subcategory 9,Symptom 105,?,2 - Medium,2 - Medium,3 - Moderate,Group 70,Resolver 26,False,False,Do Not Notify,?,?,?,?,code 6,Resolved by 24,,2016-04-01 18:59:00,True,True,False,True,True,False,,False,False
INC0011594,Closed,False,0,0,1,True,Caller 1626,Opened by  17,2016-03-27 18:49:00,?,,Updated by 908,2016-04-01 18:59:00,Phone,Location 161,Category 42,Subcategory 223,Symptom 534,?,2 - Medium,2 - Medium,3 - Moderate,Group 70,Resolver 13,False,False,Do Not Notify,?,?,?,?,code 6,Resolved by 11,,2016-04-01 18:59:00,True,True,False,True,True,False,,False,False
INC0011596,Closed,False,0,0,1,True,Caller 641,Opened by  47,2016-03-27 20:48:00,?,,Updated by 908,2016-04-01 21:59:00,Phone,Location 161,Category 13,Subcategory 209,Symptom 379,?,2 - Medium,2 - Medium,3 - Moderate,Group 70,Resolver 26,False,False,Do Not Notify,?,?,?,?,code 6,Resolved by 24,,2016-04-01 21:59:00,True,True,False,True,True,False,,False,False
INC0011597,Closed,False,0,0,1,True,Caller 2090,Opened by  58,2016-03-27 21:11:00,?,,Updated by 908,2016-04-01 21:59:00,Phone,Location 143,Category 26,Subcategory 174,Symptom 491,?,2 - Medium,2 - Medium,3 - Moderate,Group 70,Resolver 30,False,False,Do Not Notify,?,?,?,?,code 6,Resolved by 29,,2016-04-01 21:59:00,True,True,False,True,True,False,,False,False
INC0011600,Closed,False,0,0,1,True,Caller 3934,Opened by  47,2016-03-27 21:41:00,?,,Updated by 908,2016-04-01 22:59:00,Phone,Location 108,Category 32,Subcategory 9,Symptom 105,?,2 - Medium,2 - Medium,3 - Moderate,Group 70,Resolver 26,False,False,Do Not Notify,?,?,?,?,code 6,Resolved by 24,,2016-04-01 22:59:00,True,True,False,True,True,False,,False,False
INC0011612,Closed,False,0,0,1,True,Caller 1789,Opened by  397,2016-03-28 02:02:00,?,,Updated by 908,2016-04-02 02:59:00,Phone,Location 204,Category 26,Subcategory 174,?,?,2 - Medium,2 - Medium,3 - Moderate,Group 70,Resolver 191,False,False,Do Not Notify,?,?,?,?,code 7,Resolved by 174,,2016-04-02 02:59:00,True,True,False,True,True,False,,False,False
INC0011615,Closed,False,0,0,1,True,Caller 2173,Opened by  397,2016-03-28 03:46:00,?,,Updated by 908,2016-04-02 03:59:00,Phone,Location 108,Category 26,Subcategory 175,?,?,2 - Medium,2 - Medium,3 - Moderate,Group 70,Resolver 191,False,False,Do Not Notify,?,?,?,?,code 7,Resolved by 174,,2016-04-02 03:59:00,True,True,False,True,True,False,,False,False
INC0011640,Closed,False,0,0,1,True,Caller 80,Opened by  17,2016-03-28 07:50:00,?,,Updated by 908,2016-04-02 08:59:00,Phone,Location 179,Category 32,Subcategory 9,Symptom 491,?,2 - Medium,2 - Medium,3 - Moderate,Group 70,Resolver 13,False,False,Do Not Notify,?,?,?,?,code 6,Resolved by 11,,2016-04-02 08:59:00,True,True,False,True,True,False,,False,False
INC0011655,Closed,False,0,0,1,True,Caller 4182,Opened by  24,2016-03-28 08:20:00,?,,Updated by 908,2016-04-02 08:59:00,Phone,Location 161,Category 26,Subcategory 275,Symptom 54,?,2 - Medium,2 - Medium,3 - Moderate,Group 70,Resolver 17,False,False,Do Not Notify,?,?,?,?,code 7,Resolved by 15,,2016-04-02 08:59:00,True,True,False,True,True,False,,False,False
INC0011657,Closed,False,0,0,1,True,Caller 3422,Opened by  17,2016-03-28 08:21:00,?,,Updated by 908,2016-04-02 08:59:00,Phone,Location 108,Category 35,Subcategory 28,Symptom 506,?,2 - Medium,2 - Medium,3 - Moderate,Group 70,Resolver 13,False,False,Do Not Notify,?,?,?,?,code 6,Resolved by 11,,2016-04-02 08:59:00,True,True,False,True,True,False,,False,False
INC0011660,Closed,False,0,0,1,True,Caller 830,Opened by  17,2016-03-28 08:25:00,?,,Updated by 908,2016-04-02 08:59:00,Phone,Location 111,Category 26,Subcategory 175,Symptom 116,?,2 - Medium,2 - Medium,3 - Moderate,Group 70,Resolver 13,False,False,Do Not Notify,?,?,?,?,code 6,Resolved by 11,,2016-04-02 08:59:00,True,True,False,True,True,False,,False,False
INC0011662,Closed,False,0,0,1,True,Caller 3236,Opened by  24,2016-03-28 08:26:00,?,,Updated by 908,2016-04-02 08:59:00,Phone,Location 108,Category 26,Subcategory 175,Symptom 120,?,2 - Medium,2 - Medium,3 - Moderate,Group 70,Resolver 17,False,False,Do Not Notify,?,?,?,?,code 7,Resolved by 15,,2016-04-02 08:59:00,True,True,False,True,True,False,,False,False
INC0011670,Closed,False,0,0,1,True,Caller 2483,Opened by  24,2016-03-28 08:34:00,?,,Updated by 908,2016-04-02 08:59:00,Phone,Location 143,Category 26,Subcategory 174,Symptom 491,?,2 - Medium,2 - Medium,3 - Moderate,Group 70,Resolver 17,False,False,Do Not Notify,?,?,?,?,code 6,Resolved by 15,,2016-04-02 08:59:00,True,True,False,True,True,False,,False,False
INC0011671,Closed,False,0,0,1,True,Caller 4242,Opened by  17,2016-03-28 08:36:00,?,,Updated by 908,2016-04-02 09:59:00,Phone,Location 161,Category 26,Subcategory 175,Symptom 120,?,2 - Medium,2 - Medium,3 - Moderate,Group 70,Resolver 13,False,False,Do Not Notify,?,?,?,?,code 6,Resolved by 11,,2016-04-02 09:59:00,True,True,False,True,True,False,,False,False
INC0011678,Closed,False,0,0,1,True,Caller 398,Opened by  17,2016-03-28 08:46:00,?,,Updated by 908,2016-04-02 08:59:00,Phone,Location 43,Category 42,Subcategory 223,Symptom 534,?,2 - Medium,2 - Medium,3 - Moderate,Group 70,Resolver 13,False,False,Do Not Notify,?,?,?,?,code 6,Resolved by 11,,2016-04-02 08:59:00,True,True,False,True,True,False,,False,False
INC0011679,Closed,False,0,0,1,True,Caller 4933,Opened by  24,2016-03-28 08:46:00,?,,Updated by 908,2016-04-02 08:59:00,Phone,Location 10,Category 26,Subcategory 175,?,?,2 - Medium,2 - Medium,3 - Moderate,Group 70,Resolver 17,False,False,Do Not Notify,?,?,?,?,code 6,Resolved by 15,,2016-04-02 08:59:00,True,True,False,True,True,False,,False,False
INC0011680,Closed,False,0,0,1,True,Caller 4182,?,2016-03-28 08:46:00,?,,Updated by 908,2016-04-02 09:59:00,Phone,Location 161,Category 42,Subcategory 223,Symptom 534,?,2 - Medium,2 - Medium,3 - Moderate,Group 70,Resolver 94,False,False,Do Not Notify,?,?,?,?,code 7,?,,2016-04-02 09:59:00,True,True,False,True,True,False,,False,False
INC0011689,Closed,False,0,0,1,True,Caller 2517,Opened by  17,2016-03-28 08:53:00,?,,Updated by 908,2016-04-02 09:59:00,Phone,Location 108,Category 9,Subcategory 110,Symptom 491,?,2 - Medium,2 - Medium,3 - Moderate,Group 70,Resolver 13,False,False,Do Not Notify,?,?,?,?,code 7,Resolved by 11,,2016-04-02 09:59:00,True,True,False,True,True,False,,False,False
INC0011692,Closed,False,0,0,1,True,Caller 984,Opened by  24,2016-03-28 08:54:00,?,,Updated by 908,2016-04-02 09:59:00,Phone,Location 93,Category 42,Subcategory 223,Symptom 534,?,2 - Medium,2 - Medium,3 - Moderate,Group 70,Resolver 17,False,False,Do Not Notify,?,?,?,?,code 6,Resolved by 15,,2016-04-02 09:59:00,True,True,False,True,True,False,,False,False
INC0011694,Closed,False,0,0,1,True,Caller 1735,Opened by  17,2016-03-28 08:55:00,?,,Updated by 908,2016-04-02 09:59:00,Phone,Location 204,Category 46,Subcategory 223,Symptom 491,?,2 - Medium,2 - Medium,3 - Moderate,Group 70,Resolver 13,False,False,Do Not Notify,?,?,?,?,code 6,Resolved by 11,,2016-04-02 09:59:00,True,True,False,True,True,False,,False,False
INC0011695,Closed,False,0,0,1,True,Caller 1513,Opened by  17,2016-03-28 08:57:00,?,,Updated by 908,2016-04-02 09:59:00,Phone,Location 46,Category 9,Subcategory 174,Symptom 491,?,2 - Medium,2 - Medium,3 - Moderate,Group 70,Resolver 13,False,False,Do Not Notify,?,?,?,?,code 7,Resolved by 11,,2016-04-02 09:59:00,True,True,False,True,True,False,,False,False
INC0011697,Closed,False,0,0,1,True,Caller 1625,Opened by  40,2016-03-28 08:57:00,?,,Updated by 908,2016-04-02 09:59:00,Phone,Location 161,Category 26,Subcategory 175,Symptom 120,?,2 - Medium,2 - Medium,3 - Moderate,Group 70,Resolver 23,False,False,Do Not Notify,?,?,?,?,code 7,Resolved by 21,,2016-04-02 09:59:00,True,True,False,True,True,False,,False,False
INC0011698,Closed,False,0,0,1,True,Caller 2448,Opened by  24,2016-03-28 08:58:00,?,,Updated by 908,2016-04-02 09:59:00,Phone,Location 143,Category 26,Subcategory 175,Symptom 116,?,2 - Medium,2 - Medium,3 - Moderate,Group 70,Resolver 17,False,False,Do Not Notify,?,?,?,?,code 7,Resolved by 15,,2016-04-02 09:59:00,True,True,False,True,True,False,,False,False
INC0011702,Closed,False,0,0,1,True,Caller 1995,Opened by  24,2016-03-28 09:01:00,?,,Updated by 908,2016-04-02 09:59:00,Phone,Location 96,Category 24,Subcategory 202,Symptom 70,?,2 - Medium,2 - Medium,3 - Moderate,Group 70,Resolver 17,False,False,Do Not Notify,?,?,?,?,code 6,Resolved by 15,,2016-04-02 09:59:00,True,True,False,True,True,False,,False,False
INC0011719,Closed,False,0,0,1,True,Caller 2269,Opened by  40,2016-03-28 09:15:00,?,,Updated by 908,2016-04-02 09:59:00,Phone,Location 36,Category 26,Subcategory 175,Symptom 491,?,2 - Medium,2 - Medium,3 - Moderate,Group 70,Resolver 23,False,False,Do Not Notify,?,?,?,?,code 7,Resolved by 21,,2016-04-02 09:59:00,True,True,False,True,True,False,,False,False
INC0011723,Closed,False,0,0,1,True,Caller 798,Opened by  501,2016-03-28 09:16:00,?,,Updated by 908,2016-04-02 09:59:00,Phone,Location 37,Category 26,Subcategory 175,?,?,2 - Medium,2 - Medium,3 - Moderate,Group 70,Resolver 233,False,False,Do Not Notify,?,?,?,?,code 6,Resolved by 212,,2016-04-02 09:59:00,True,True,False,True,True,False,,False,False
INC0011729,Closed,False,0,0,1,True,Caller 3231,Opened by  24,2016-03-28 09:20:00,?,,Updated by 908,2016-04-02 09:59:00,Phone,Location 93,Category 13,Subcategory 174,Symptom 491,?,2 - Medium,2 - Medium,3 - Moderate,Group 70,Resolver 17,False,False,Do Not Notify,?,?,?,?,code 6,Resolved by 15,,2016-04-02 09:59:00,True,True,False,True,True,False,,False,False
INC0011743,Closed,False,0,0,1,True,Caller 3739,Opened by  40,2016-03-28 09:33:00,?,,Updated by 908,2016-04-02 09:59:00,Phone,Location 143,Category 42,Subcategory 223,Symptom 534,?,2 - Medium,2 - Medium,3 - Moderate,Group 70,Resolver 23,False,False,Do Not Notify,?,?,?,?,code 7,Resolved by 21,,2016-04-02 09:59:00,True,True,False,True,True,False,,False,False
INC0011749,Closed,False,0,0,1,True,Caller 228,Opened by  24,2016-03-28 09:37:00,?,,Updated by 908,2016-04-02 09:59:00,Phone,Location 143,Category 42,Subcategory 223,Symptom 65,?,2 - Medium,2 - Medium,3 - Moderate,Group 70,Resolver 17,False,False,Do Not Notify,?,?,?,?,code 7,Resolved by 15,,2016-04-02 09:59:00,True,True,False,True,True,False,,False,False
INC0011758,Closed,False,0,0,1,True,Caller 411,Opened by  17,2016-03-28 09:45:00,?,,Updated by 908,2016-04-02 09:59:00,Phone,Location 98,Category 26,Subcategory 175,Symptom 116,?,2 - Medium,2 - Medium,3 - Moderate,Group 70,Resolver 13,False,False,Do Not Notify,?,?,?,?,code 6,Resolved by 11,,2016-04-02 09:59:00,True,True,False,True,True,False,,False,False
INC0011779,Closed,False,0,0,1,True,Caller 2457,Opened by  301,2016-03-28 10:01:00,?,,Updated by 908,2016-04-02 10:59:00,Phone,Location 242,Category 26,Subcategory 174,Symptom 491,?,2 - Medium,2 - Medium,3 - Moderate,Group 70,Resolver 149,False,False,Do Not Notify,?,?,?,?,code 9,Resolved by 133,,2016-04-02 10:59:00,True,True,False,True,True,False,,False,False
INC0011782,Closed,False,0,0,1,True,Caller 2826,Opened by  24,2016-03-28 10:03:00,?,,Updated by 908,2016-04-02 10:59:00,Phone,Location 204,Category 42,Subcategory 223,Symptom 65,?,2 - Medium,2 - Medium,3 - Moderate,Group 70,Resolver 17,False,False,Do Not Notify,?,?,?,?,code 6,Resolved by 15,,2016-04-02 10:59:00,True,True,False,True,True,False,,False,False
INC0011796,Closed,False,0,0,1,True,Caller 3231,Opened by  40,2016-03-28 10:11:00,?,,Updated by 908,2016-04-02 10:59:00,Phone,Location 93,Category 42,Subcategory 223,Symptom 534,?,2 - Medium,2 - Medium,3 - Moderate,Group 70,Resolver 23,False,False,Do Not Notify,?,?,?,?,code 6,Resolved by 21,,2016-04-02 10:59:00,True,True,False,True,True,False,,False,False
INC0011797,Closed,False,0,0,1,True,Caller 3793,Opened by  17,2016-03-28 10:12:00,?,,Updated by 908,2016-04-02 10:59:00,Phone,Location 204,Category 26,Subcategory 175,Symptom 120,?,2 - Medium,2 - Medium,3 - Moderate,Group 70,Resolver 13,False,False,Do Not Notify,?,?,?,?,code 9,Resolved by 11,,2016-04-02 10:59:00,True,True,False,True,True,False,,False,False
INC0011804,Closed,False,0,0,1,True,Caller 1462,Opened by  301,2016-03-28 10:16:00,?,,Updated by 908,2016-04-02 10:59:00,Phone,Location 204,Category 26,Subcategory 174,Symptom 491,?,2 - Medium,2 - Medium,3 - Moderate,Group 70,Resolver 149,False,False,Do Not Notify,?,?,?,?,code 9,Resolved by 133,,2016-04-02 10:59:00,True,True,False,True,True,False,,False,False
INC0011806,Closed,False,0,0,1,True,Caller 5242,Opened by  17,2016-03-28 10:16:00,?,,Updated by 908,2016-04-02 10:59:00,Phone,Location 108,Category 32,Subcategory 9,Symptom 491,?,2 - Medium,2 - Medium,3 - Moderate,Group 70,Resolver 13,False,False,Do Not Notify,?,?,?,?,code 7,Resolved by 11,,2016-04-02 10:59:00,True,True,False,True,True,False,,False,False
INC0011826,Closed,False,0,0,1,True,Caller 5123,Opened by  17,2016-03-28 10:28:00,?,,Updated by 908,2016-04-02 10:59:00,Phone,Location 161,Category 26,Subcategory 175,?,?,2 - Medium,2 - Medium,3 - Moderate,Group 70,Resolver 13,False,False,Do Not Notify,?,?,?,?,code 9,Resolved by 11,,2016-04-02 10:59:00,True,True,False,True,True,False,,False,False
INC0011835,Closed,False,0,0,1,True,Caller 3513,Opened by  17,2016-03-28 10:36:00,?,,Updated by 908,2016-04-02 11:59:00,Phone,Location 204,Category 53,Subcategory 174,Symptom 491,?,2 - Medium,2 - Medium,3 - Moderate,Group 70,Resolver 13,False,False,Do Not Notify,?,?,?,?,code 8,Resolved by 11,,2016-04-02 11:59:00,True,True,False,True,True,False,,False,False
INC0011848,Closed,False,0,1,4,True,Caller 661,Opened by  24,2016-03-28 10:45:00,?,,Updated by 908,2016-04-03 22:59:00,Phone,Location 143,Category 42,Subcategory 223,Symptom 534,?,2 - Medium,2 - Medium,3 - Moderate,Group 70,Resolver 26,False,True,Do Not Notify,?,?,?,?,code 9,Resolved by 15,,2016-04-03 22:59:00,True,True,False,True,True,False,,False,False
INC0011864,Closed,False,0,0,1,True,Caller 2470,Opened by  24,2016-03-28 10:55:00,?,,Updated by 908,2016-04-02 10:59:00,Phone,Location 56,Category 42,Subcategory 223,Symptom 534,?,2 - Medium,2 - Medium,3 - Moderate,Group 70,Resolver 17,False,False,Do Not Notify,?,?,?,?,code 6,Resolved by 15,,2016-04-02 10:59:00,True,True,False,True,True,False,,False,False
INC0011870,Closed,False,0,0,1,True,Caller 699,Opened by  301,2016-03-28 11:01:00,?,,Updated by 908,2016-04-02 11:59:00,Phone,Location 161,Category 32,Subcategory 174,Symptom 491,?,2 - Medium,2 - Medium,3 - Moderate,Group 70,Resolver 149,False,False,Do Not Notify,?,?,?,?,code 9,Resolved by 133,,2016-04-02 11:59:00,True,True,False,True,True,False,,False,False
INC0011878,Closed,False,0,0,1,True,Caller 4810,Opened by  402,2016-03-28 11:07:00,?,,Updated by 908,2016-04-02 11:59:00,Phone,Location 161,Category 28,Subcategory 174,Symptom 491,?,2 - Medium,2 - Medium,3 - Moderate,Group 70,Resolver 192,False,False,Do Not Notify,?,?,?,?,code 6,Resolved by 175,,2016-04-02 11:59:00,True,True,False,True,True,False,,False,False
INC0011894,Closed,False,0,0,1,True,Caller 1957,Opened by  301,2016-03-28 11:22:00,?,,Updated by 908,2016-04-02 11:59:00,Phone,Location 135,Category 32,Subcategory 174,Symptom 491,?,2 - Medium,2 - Medium,3 - Moderate,Group 70,Resolver 149,False,False,Do Not Notify,?,?,?,?,code 9,Resolved by 133,,2016-04-02 11:59:00,True,True,False,True,True,False,,False,False
INC0011903,Closed,False,0,0,1,True,Caller 4790,Opened by  24,2016-03-28 11:33:00,?,,Updated by 908,2016-04-02 11:59:00,Phone,Location 204,Category 42,Subcategory 223,Symptom 534,?,2 - Medium,2 - Medium,3 - Moderate,Group 70,Resolver 17,False,False,Do Not Notify,?,?,?,?,code 7,Resolved by 15,,2016-04-02 11:59:00,True,True,False,True,True,False,,False,False
INC0011906,Closed,False,0,0,1,True,Caller 5246,Opened by  17,2016-03-28 11:37:00,?,,Updated by 908,2016-04-02 11:59:00,Phone,Location 204,Category 37,Subcategory 135,Symptom 118,?,2 - Medium,2 - Medium,3 - Moderate,Group 70,Resolver 13,False,False,Do Not Notify,?,?,?,?,code 9,Resolved by 11,,2016-04-02 11:59:00,True,True,False,True,True,False,,False,False
INC0011907,Closed,False,0,0,1,True,Caller 2269,Opened by  17,2016-03-28 11:40:00,?,,Updated by 908,2016-04-02 11:59:00,Phone,Location 36,Category 20,Subcategory 174,Symptom 491,?,2 - Medium,2 - Medium,3 - Moderate,Group 70,Resolver 13,False,False,Do Not Notify,?,?,?,?,code 7,Resolved by 11,,2016-04-02 11:59:00,True,True,False,True,True,False,,False,False
INC0011916,Closed,False,0,0,1,True,Caller 3722,Opened by  17,2016-03-28 11:49:00,?,,Updated by 908,2016-04-02 12:59:00,Phone,Location 161,Category 26,Subcategory 175,?,?,2 - Medium,2 - Medium,3 - Moderate,Group 70,Resolver 13,False,False,Do Not Notify,?,?,?,?,code 9,Resolved by 11,,2016-04-02 12:59:00,True,True,False,True,True,False,,False,False
INC0011920,Closed,False,0,0,1,True,Caller 1513,Opened by  301,2016-03-28 11:52:00,?,,Updated by 908,2016-04-02 12:59:00,Phone,Location 46,Category 32,Subcategory 174,Symptom 491,?,2 - Medium,2 - Medium,3 - Moderate,Group 70,Resolver 149,False,False,Do Not Notify,?,?,?,?,code 9,Resolved by 133,,2016-04-02 12:59:00,True,True,False,True,True,False,,False,False
INC0011926,Closed,False,0,0,1,True,Caller 2269,Opened by  17,2016-03-28 12:04:00,?,,Updated by 908,2016-04-02 12:59:00,Phone,Location 36,Category 46,Subcategory 174,Symptom 491,?,2 - Medium,2 - Medium,3 - Moderate,Group 70,Resolver 13,False,False,Do Not Notify,?,?,?,?,code 7,Resolved by 11,,2016-04-02 12:59:00,True,True,False,True,True,False,,False,False
INC0011927,Closed,False,0,0,1,True,Caller 852,Opened by  17,2016-03-28 12:05:00,?,,Updated by 908,2016-04-02 12:59:00,Phone,Location 161,Category 46,Subcategory 174,Symptom 491,?,2 - Medium,2 - Medium,3 - Moderate,Group 70,Resolver 13,False,False,Do Not Notify,?,?,?,?,code 7,Resolved by 11,,2016-04-02 12:59:00,True,True,False,True,True,False,,False,False
INC0011937,Closed,False,0,0,1,True,Caller 3365,Opened by  500,2016-03-28 12:25:00,?,,Updated by 908,2016-04-02 12:59:00,Phone,Location 91,Category 42,Subcategory 223,Symptom 534,?,2 - Medium,2 - Medium,3 - Moderate,Group 70,Resolver 232,False,False,Do Not Notify,?,?,?,?,code 9,Resolved by 211,,2016-04-02 12:59:00,True,True,False,True,True,False,,False,False
INC0011951,Closed,False,0,0,1,True,Caller 2003,Opened by  500,2016-03-28 12:47:00,?,,Updated by 908,2016-04-02 13:59:00,Phone,Location 143,Category 28,Subcategory 174,Symptom 491,?,2 - Medium,2 - Medium,3 - Moderate,Group 70,Resolver 232,False,False,Do Not Notify,?,?,?,?,code 9,Resolved by 211,,2016-04-02 13:59:00,True,True,False,True,True,False,,False,False
INC0011962,Closed,False,0,0,1,True,Caller 1735,Opened by  24,2016-03-28 13:02:00,?,,Updated by 908,2016-04-02 13:59:00,Phone,Location 204,Category 42,Subcategory 223,Symptom 534,?,2 - Medium,2 - Medium,3 - Moderate,Group 70,Resolver 17,False,False,Do Not Notify,?,?,?,?,code 6,Resolved by 15,,2016-04-02 13:59:00,True,True,False,True,True,False,,False,False
INC0011985,Closed,False,0,0,1,True,Caller 4428,Opened by  500,2016-03-28 13:27:00,?,,Updated by 908,2016-04-02 14:59:00,Phone,Location 108,Category 53,Subcategory 174,Symptom 491,?,2 - Medium,2 - Medium,3 - Moderate,Group 70,Resolver 232,False,False,Do Not Notify,?,?,?,?,code 9,Resolved by 211,,2016-04-02 14:59:00,True,True,False,True,True,False,,False,False
INC0011991,Closed,False,0,0,1,True,Caller 3245,Opened by  17,2016-03-28 13:37:00,?,,Updated by 908,2016-04-02 14:59:00,Phone,Location 143,Category 53,Subcategory 174,?,?,2 - Medium,2 - Medium,3 - Moderate,Group 70,Resolver 13,False,False,Do Not Notify,?,?,?,?,code 9,Resolved by 11,,2016-04-02 14:59:00,True,True,False,True,True,False,,False,False
INC0012010,Closed,False,0,0,1,True,Caller 2312,Opened by  17,2016-03-28 13:54:00,?,,Updated by 908,2016-04-02 14:59:00,Phone,Location 108,Category 26,Subcategory 175,Symptom 491,?,2 - Medium,2 - Medium,3 - Moderate,Group 70,Resolver 13,False,False,Do Not Notify,?,?,?,?,code 7,Resolved by 11,,2016-04-02 14:59:00,True,True,False,True,True,False,,False,False
INC0012016,Closed,False,0,0,1,True,Caller 342,Opened by  24,2016-03-28 13:59:00,?,,Updated by 908,2016-04-02 14:59:00,Phone,Location 108,Category 26,Subcategory 175,Symptom 116,?,2 - Medium,2 - Medium,3 - Moderate,Group 70,Resolver 17,False,False,Do Not Notify,?,?,?,?,code 6,Resolved by 15,,2016-04-02 14:59:00,True,True,False,True,True,False,,False,False
INC0012023,Closed,False,0,0,1,True,Caller 1572,Opened by  24,2016-03-28 14:05:00,?,,Updated by 908,2016-04-02 14:59:00,Phone,Location 135,Category 53,Subcategory 174,Symptom 491,?,2 - Medium,2 - Medium,3 - Moderate,Group 70,Resolver 17,False,False,Do Not Notify,?,?,?,?,code 6,Resolved by 15,,2016-04-02 14:59:00,True,True,False,True,True,False,,False,False
INC0012032,Closed,False,0,0,1,False,Caller 5228,Opened by  24,2016-03-28 14:16:00,?,,Updated by 908,2016-05-23 11:07:00,Phone,Location 204,Category 53,Subcategory 271,Symptom 491,?,2 - Medium,2 - Medium,3 - Moderate,Group 76,Resolver 17,False,False,Do Not Notify,?,?,?,?,code 6,Resolved by 15,,2016-05-23 11:07:00,True,True,False,True,True,False,,False,False
INC0012034,Closed,False,0,0,1,True,Caller 393,?,2016-03-28 14:18:00,?,,Updated by 908,2016-04-02 14:59:00,Phone,Location 51,Category 32,Subcategory 9,Symptom 491,?,2 - Medium,2 - Medium,3 - Moderate,Group 70,Resolver 23,False,False,Do Not Notify,?,?,?,?,code 7,?,,2016-04-02 14:59:00,True,True,False,True,True,False,,False,False
INC0012043,Closed,False,0,0,1,True,Caller 4069,Opened by  17,2016-03-28 14:24:00,?,,Updated by 908,2016-04-02 14:59:00,Phone,Location 56,Category 20,Subcategory 174,?,?,2 - Medium,2 - Medium,3 - Moderate,Group 70,Resolver 13,False,False,Do Not Notify,?,?,?,?,code 9,Resolved by 11,,2016-04-02 14:59:00,True,True,False,True,True,False,,False,False
INC0012047,Closed,False,0,0,1,True,Caller 393,Opened by  17,2016-03-28 14:26:00,?,,Updated by 908,2016-04-02 14:59:00,Phone,Location 51,Category 42,Subcategory 223,Symptom 534,?,2 - Medium,2 - Medium,3 - Moderate,Group 70,Resolver 13,False,False,Do Not Notify,?,?,?,?,code 6,Resolved by 11,,2016-04-02 14:59:00,True,True,False,True,True,False,,False,False
INC0012057,Closed,False,0,0,1,True,Caller 3986,Opened by  301,2016-03-28 14:38:00,?,,Updated by 908,2016-04-02 14:59:00,Phone,Location 179,Category 26,Subcategory 175,Symptom 120,?,2 - Medium,2 - Medium,3 - Moderate,Group 70,Resolver 149,False,False,Do Not Notify,?,?,?,?,code 9,Resolved by 133,,2016-04-02 14:59:00,True,True,False,True,True,False,,False,False
INC0012058,Closed,False,0,0,1,True,Caller 5362,Opened by  24,2016-03-28 14:38:00,?,,Updated by 908,2016-04-02 14:59:00,Phone,Location 108,Category 37,Subcategory 135,Symptom 87,?,2 - Medium,2 - Medium,3 - Moderate,Group 70,Resolver 17,False,False,Do Not Notify,?,?,?,?,code 7,Resolved by 15,,2016-04-02 14:59:00,True,True,False,True,True,False,,False,False
INC0012059,Closed,False,0,0,1,True,Caller 5228,Opened by  24,2016-03-28 14:40:00,?,,Updated by 908,2016-04-02 14:59:00,Phone,Location 204,Category 53,Subcategory 174,Symptom 491,?,2 - Medium,2 - Medium,3 - Moderate,Group 70,Resolver 17,False,False,Do Not Notify,?,?,?,?,code 6,Resolved by 15,,2016-04-02 14:59:00,True,True,False,True,True,False,,False,False
INC0012063,Closed,False,0,0,1,True,Caller 2489,Opened by  17,2016-03-28 14:42:00,?,,Updated by 908,2016-04-02 14:59:00,Phone,Location 34,Category 42,Subcategory 223,Symptom 534,?,2 - Medium,2 - Medium,3 - Moderate,Group 70,Resolver 13,False,False,Do Not Notify,?,?,?,?,code 6,Resolved by 11,,2016-04-02 14:59:00,True,True,False,True,True,False,,False,False
INC0012065,Closed,False,0,0,1,True,Caller 5228,Opened by  24,2016-03-28 14:43:00,?,,Updated by 908,2016-04-02 14:59:00,Phone,Location 204,Category 53,Subcategory 174,Symptom 491,?,2 - Medium,2 - Medium,3 - Moderate,Group 70,Resolver 17,False,False,Do Not Notify,?,?,?,?,code 6,Resolved by 15,,2016-04-02 14:59:00,True,True,False,True,True,False,,False,False
INC0012066,Closed,False,0,0,2,True,Caller 5637,Opened by  17,2016-03-28 14:44:00,?,,Updated by 996,2016-04-03 08:39:00,Phone,Location 229,Category 34,Subcategory 174,?,?,2 - Medium,2 - Medium,3 - Moderate,Group 70,Resolver 13,False,False,Do Not Notify,?,?,?,?,code 9,Resolved by 11,,2016-04-03 08:39:00,True,True,False,True,True,False,,False,False
INC0012077,Closed,False,0,0,1,True,Caller 1498,Opened by  24,2016-03-28 14:52:00,?,,Updated by 908,2016-04-02 15:59:00,Phone,Location 108,Category 42,Subcategory 223,Symptom 66,?,2 - Medium,2 - Medium,3 - Moderate,Group 70,Resolver 17,False,False,Do Not Notify,?,?,?,?,code 7,Resolved by 15,,2016-04-02 15:59:00,True,True,False,True,True,False,,False,False
INC0012080,Closed,False,0,0,1,True,Caller 1574,Opened by  17,2016-03-28 14:54:00,?,,Updated by 908,2016-04-02 15:59:00,Phone,Location 143,Category 26,Subcategory 175,Symptom 491,?,2 - Medium,2 - Medium,3 - Moderate,Group 70,Resolver 13,False,False,Do Not Notify,?,?,?,?,code 6,Resolved by 11,,2016-04-02 15:59:00,True,True,False,True,True,False,,False,False
INC0012088,Closed,False,0,0,1,True,Caller 310,?,2016-03-28 15:00:00,?,,Updated by 908,2016-04-02 15:59:00,Phone,Location 55,Category 26,Subcategory 275,Symptom 491,?,2 - Medium,2 - Medium,3 - Moderate,Group 70,Resolver 128,False,False,Do Not Notify,?,?,?,?,code 10,?,,2016-04-02 15:59:00,True,True,False,True,True,False,,False,False
INC0012097,Closed,False,0,0,1,True,Caller 1002,Opened by  500,2016-03-28 15:06:00,?,,Updated by 908,2016-04-02 15:59:00,Phone,Location 108,Category 42,Subcategory 223,Symptom 534,?,2 - Medium,2 - Medium,3 - Moderate,Group 70,Resolver 232,False,False,Do Not Notify,?,?,?,?,code 9,Resolved by 211,,2016-04-02 15:59:00,True,True,False,True,True,False,,False,False
INC0012099,Closed,False,0,0,1,True,Caller 4996,Opened by  17,2016-03-28 15:06:00,?,,Updated by 908,2016-04-02 15:59:00,Phone,Location 143,Category 42,Subcategory 223,Symptom 534,?,2 - Medium,2 - Medium,3 - Moderate,Group 70,Resolver 13,False,False,Do Not Notify,?,?,?,?,code 6,Resolved by 11,,2016-04-02 15:59:00,True,True,False,True,True,False,,False,False
INC0012111,Closed,False,0,0,1,True,Caller 2392,Opened by  17,2016-03-28 15:21:00,?,,Updated by 908,2016-04-02 16:59:00,Phone,Location 108,Category 26,Subcategory 175,Symptom 120,?,2 - Medium,2 - Medium,3 - Moderate,Group 70,Resolver 13,False,False,Do Not Notify,?,?,?,?,code 6,Resolved by 11,,2016-04-02 16:59:00,True,True,False,True,True,False,,False,False
INC0012112,Closed,False,0,0,1,True,Caller 5434,Opened by  55,2016-03-28 15:22:00,?,,Updated by 908,2016-04-02 15:59:00,Phone,Location 204,Category 53,Subcategory 174,?,?,2 - Medium,2 - Medium,3 - Moderate,Group 70,Resolver 28,False,False,Do Not Notify,?,?,?,?,code 6,Resolved by 27,,2016-04-02 15:59:00,True,True,False,True,True,False,,False,False
INC0012123,Closed,False,0,0,1,True,Caller 5034,Opened by  24,2016-03-28 15:42:00,?,,Updated by 908,2016-04-02 15:59:00,Phone,Location 204,Category 53,Subcategory 174,?,?,2 - Medium,2 - Medium,3 - Moderate,Group 70,Resolver 17,False,False,Do Not Notify,?,?,?,?,code 6,Resolved by 15,,2016-04-02 15:59:00,True,True,False,True,True,False,,False,False
INC0012124,Closed,False,0,0,1,True,Caller 422,Opened by  17,2016-03-28 15:45:00,?,,Updated by 908,2016-04-02 15:59:00,Phone,Location 204,Category 42,Subcategory 223,Symptom 534,?,2 - Medium,2 - Medium,3 - Moderate,Group 70,Resolver 13,False,False,Do Not Notify,?,?,?,?,code 6,Resolved by 11,,2016-04-02 15:59:00,True,True,False,True,True,False,,False,False
INC0012130,Closed,False,0,0,1,True,Caller 179,Opened by  17,2016-03-28 15:53:00,?,,Updated by 908,2016-04-02 16:59:00,Phone,Location 51,Category 42,Subcategory 223,Symptom 534,?,2 - Medium,2 - Medium,3 - Moderate,Group 70,Resolver 13,False,False,Do Not Notify,?,?,?,?,code 6,Resolved by 11,,2016-04-02 16:59:00,True,True,False,True,True,False,,False,False
INC0012135,Closed,False,0,0,1,True,Caller 4271,Opened by  108,2016-03-28 15:59:00,?,,Updated by 908,2016-04-02 16:59:00,Phone,Location 91,Category 32,Subcategory 9,Symptom 491,?,2 - Medium,2 - Medium,3 - Moderate,Group 70,Resolver 56,False,False,Do Not Notify,?,?,?,?,code 6,Resolved by 52,,2016-04-02 16:59:00,True,True,False,True,True,False,,False,False
INC0012140,Closed,False,0,0,1,True,Caller 2603,Opened by  24,2016-03-28 16:05:00,?,,Updated by 908,2016-04-02 16:59:00,Phone,Location 204,Category 42,Subcategory 223,Symptom 534,?,2 - Medium,2 - Medium,3 - Moderate,Group 70,Resolver 17,False,False,Do Not Notify,?,?,?,?,code 7,Resolved by 15,,2016-04-02 16:59:00,True,True,False,True,True,False,,False,False
INC0012143,Closed,False,0,0,1,True,Caller 2589,Opened by  24,2016-03-28 16:08:00,?,,Updated by 908,2016-04-02 16:59:00,Phone,Location 108,Category 53,Subcategory 303,?,?,2 - Medium,2 - Medium,3 - Moderate,Group 70,Resolver 17,False,False,Do Not Notify,?,?,?,?,code 7,Resolved by 15,,2016-04-02 16:59:00,True,True,False,True,True,False,,False,False
INC0012146,Closed,False,0,0,1,True,Caller 2534,Opened by  24,2016-03-28 16:12:00,?,,Updated by 908,2016-04-02 16:59:00,Phone,Location 108,Category 26,Subcategory 175,?,?,2 - Medium,2 - Medium,3 - Moderate,Group 70,Resolver 17,False,False,Do Not Notify,?,?,?,?,code 6,Resolved by 15,,2016-04-02 16:59:00,True,True,False,True,True,False,,False,False
INC0012148,Closed,False,0,0,1,True,Caller 4509,Opened by  24,2016-03-28 16:15:00,?,,Updated by 908,2016-04-02 16:59:00,Phone,Location 136,Category 53,Subcategory 174,?,?,2 - Medium,2 - Medium,3 - Moderate,Group 70,Resolver 17,False,False,Do Not Notify,?,?,?,?,code 6,Resolved by 15,,2016-04-02 16:59:00,True,True,False,True,True,False,,False,False
INC0012153,Closed,False,0,0,1,True,Caller 4279,Opened by  55,2016-03-28 16:21:00,?,,Updated by 908,2016-04-02 16:59:00,Phone,Location 93,Category 32,Subcategory 174,?,?,2 - Medium,2 - Medium,3 - Moderate,Group 70,Resolver 28,False,False,Do Not Notify,?,?,?,?,code 6,Resolved by 27,,2016-04-02 16:59:00,True,True,False,True,True,False,,False,False
INC0012157,Closed,False,0,0,1,True,Caller 1930,Opened by  24,2016-03-28 16:23:00,?,,Updated by 908,2016-04-02 16:59:00,Phone,Location 161,Category 20,Subcategory 174,Symptom 491,?,2 - Medium,2 - Medium,3 - Moderate,Group 70,Resolver 17,False,False,Do Not Notify,?,?,?,?,code 7,Resolved by 15,,2016-04-02 16:59:00,True,True,False,True,True,False,,False,False
INC0012160,Closed,False,0,0,1,True,Caller 1441,Opened by  24,2016-03-28 16:27:00,?,,Updated by 908,2016-04-02 16:59:00,Phone,Location 179,Category 32,Subcategory 9,Symptom 105,?,2 - Medium,2 - Medium,3 - Moderate,Group 70,Resolver 17,False,False,Do Not Notify,?,?,?,?,code 7,Resolved by 15,,2016-04-02 16:59:00,True,True,False,True,True,False,,False,False
INC0012164,Closed,False,0,0,1,True,Caller 2536,Opened by  24,2016-03-28 16:33:00,?,,Updated by 908,2016-04-02 16:59:00,Phone,Location 38,Category 32,Subcategory 9,?,?,2 - Medium,2 - Medium,3 - Moderate,Group 70,Resolver 17,False,False,Do Not Notify,?,?,?,?,code 6,Resolved by 15,,2016-04-02 16:59:00,True,True,False,True,True,False,,False,False
INC0012166,Closed,False,0,0,1,True,Caller 3470,Opened by  17,2016-03-28 16:35:00,?,,Updated by 908,2016-04-02 16:59:00,Phone,Location 44,Category 24,Subcategory 164,Symptom 491,?,2 - Medium,2 - Medium,3 - Moderate,Group 70,Resolver 13,False,False,Do Not Notify,?,?,?,?,code 6,Resolved by 11,,2016-04-02 16:59:00,True,True,False,True,True,False,,False,False
INC0012169,Closed,False,0,0,1,True,Caller 2440,Opened by  500,2016-03-28 16:39:00,?,,Updated by 908,2016-04-02 16:59:00,Phone,Location 46,Category 42,Subcategory 223,Symptom 534,?,2 - Medium,2 - Medium,3 - Moderate,Group 70,Resolver 232,False,False,Do Not Notify,?,?,?,?,code 9,Resolved by 211,,2016-04-02 16:59:00,True,True,False,True,True,False,,False,False
INC0012170,Closed,False,0,0,1,True,Caller 732,Opened by  55,2016-03-28 16:39:00,?,,Updated by 908,2016-04-02 16:59:00,Phone,Location 43,Category 35,Subcategory 28,?,?,2 - Medium,2 - Medium,3 - Moderate,Group 70,Resolver 28,False,False,Do Not Notify,?,?,?,?,code 6,Resolved by 27,,2016-04-02 16:59:00,True,True,False,True,True,False,,False,False
INC0012171,Closed,False,0,0,1,True,Caller 4353,Opened by  24,2016-03-28 16:41:00,?,,Updated by 908,2016-04-02 17:59:00,Phone,Location 38,Category 20,Subcategory 103,Symptom 387,?,2 - Medium,2 - Medium,3 - Moderate,Group 70,Resolver 17,False,False,Do Not Notify,?,?,?,?,code 7,Resolved by 15,,2016-04-02 17:59:00,True,True,False,True,True,False,,False,False
INC0012183,Closed,False,0,0,1,True,Caller 5060,Opened by  500,2016-03-28 16:56:00,?,,Updated by 908,2016-04-02 17:59:00,Phone,Location 108,Category 42,Subcategory 223,Symptom 534,?,2 - Medium,2 - Medium,3 - Moderate,Group 70,Resolver 232,False,False,Do Not Notify,?,?,?,?,code 9,Resolved by 211,,2016-04-02 17:59:00,True,True,False,True,True,False,,False,False
INC0012187,Closed,False,0,0,1,True,Caller 4874,Opened by  500,2016-03-28 17:06:00,?,,Updated by 908,2016-04-02 17:59:00,Phone,Location 51,Category 42,Subcategory 223,Symptom 491,?,2 - Medium,2 - Medium,3 - Moderate,Group 70,Resolver 232,False,False,Do Not Notify,?,?,?,?,code 9,Resolved by 211,,2016-04-02 17:59:00,True,True,False,True,True,False,,False,False
INC0012190,Closed,False,0,0,1,True,Caller 5322,Opened by  17,2016-03-28 17:07:00,?,,Updated by 908,2016-04-02 17:59:00,Phone,Location 51,Category 42,Subcategory 223,Symptom 534,?,2 - Medium,2 - Medium,3 - Moderate,Group 70,Resolver 13,False,False,Do Not Notify,?,?,?,?,code 6,Resolved by 11,,2016-04-02 17:59:00,True,True,False,True,True,False,,False,False
INC0012199,Closed,False,0,0,1,True,Caller 544,Opened by  58,2016-03-28 17:37:00,?,,Updated by 908,2016-04-02 17:59:00,Phone,Location 204,Category 46,Subcategory 223,Symptom 491,?,2 - Medium,2 - Medium,3 - Moderate,Group 70,Resolver 126,False,False,Do Not Notify,?,?,?,?,code 6,Resolved by 29,,2016-04-02 17:59:00,True,True,False,True,True,False,,False,False
INC0012208,Closed,False,0,0,1,True,Caller 1154,Opened by  47,2016-03-28 18:07:00,?,,Updated by 908,2016-04-02 18:59:00,Phone,Location 93,Category 46,Subcategory 223,Symptom 491,?,2 - Medium,2 - Medium,3 - Moderate,Group 70,Resolver 26,False,False,Do Not Notify,?,?,?,?,code 6,Resolved by 24,,2016-04-02 18:59:00,True,True,False,True,True,False,,False,False
INC0012227,Closed,False,0,0,1,True,Caller 1553,Opened by  47,2016-03-28 20:20:00,?,,Updated by 908,2016-04-02 20:59:00,Phone,Location 143,Category 40,Subcategory 174,Symptom 491,?,2 - Medium,2 - Medium,3 - Moderate,Group 70,Resolver 26,False,False,Do Not Notify,?,?,?,?,code 9,Resolved by 24,,2016-04-02 20:59:00,True,True,False,True,True,False,,False,False
INC0012241,Closed,False,0,0,1,True,Caller 1838,Opened by  47,2016-03-28 22:39:00,?,,Updated by 908,2016-04-02 23:59:00,Phone,Location 54,Category 32,Subcategory 9,Symptom 105,?,2 - Medium,2 - Medium,3 - Moderate,Group 70,Resolver 26,False,False,Do Not Notify,?,?,?,?,code 9,Resolved by 24,,2016-04-02 23:59:00,True,True,False,True,True,False,,False,False
INC0012243,Closed,False,0,0,1,True,Caller 4760,Opened by  305,2016-03-28 23:01:00,?,,Updated by 908,2016-04-02 23:59:00,Phone,Location 143,Category 46,Subcategory 223,?,?,2 - Medium,2 - Medium,3 - Moderate,Group 70,Resolver 150,False,False,Do Not Notify,?,?,?,?,code 7,Resolved by 134,,2016-04-02 23:59:00,True,True,False,True,True,False,,False,False
INC0012262,Closed,False,0,0,1,True,Caller 2685,Opened by  397,2016-03-29 04:30:00,?,,Updated by 908,2016-04-03 04:59:00,Phone,Location 204,Category 42,Subcategory 223,Symptom 491,?,2 - Medium,2 - Medium,3 - Moderate,Group 70,Resolver 191,False,False,Do Not Notify,?,?,?,?,code 7,Resolved by 174,,2016-04-03 04:59:00,True,True,False,True,True,False,,False,False
INC0012271,Closed,False,0,0,3,True,Caller 3187,Opened by  17,2016-03-29 06:54:00,?,,Updated by 908,2016-04-03 07:59:00,Phone,Location 143,Category 26,Subcategory 175,Symptom 116,?,2 - Medium,2 - Medium,3 - Moderate,Group 70,Resolver 13,False,False,Do Not Notify,?,?,?,?,code 6,Resolved by 11,,2016-04-03 07:59:00,True,True,False,True,True,False,,False,False
INC0012277,Closed,False,0,0,1,True,Caller 2726,Opened by  17,2016-03-29 07:42:00,?,,Updated by 908,2016-04-03 07:59:00,Phone,Location 229,Category 26,Subcategory 175,Symptom 491,?,2 - Medium,2 - Medium,3 - Moderate,Group 70,Resolver 13,False,False,Do Not Notify,?,?,?,?,code 6,Resolved by 11,,2016-04-03 07:59:00,True,True,False,True,True,False,,False,False
INC0012280,Closed,False,0,0,1,True,Caller 2088,Opened by  24,2016-03-29 08:02:00,?,,Updated by 908,2016-04-03 08:59:00,Phone,Location 161,Category 42,Subcategory 223,Symptom 534,?,2 - Medium,2 - Medium,3 - Moderate,Group 70,Resolver 17,False,False,Do Not Notify,?,?,?,?,code 6,Resolved by 15,,2016-04-03 08:59:00,True,True,False,True,True,False,,False,False
INC0012283,Closed,False,0,0,1,True,Caller 3854,Opened by  17,2016-03-29 08:06:00,?,,Updated by 908,2016-04-03 08:59:00,Phone,Location 135,Category 26,Subcategory 275,Symptom 571,?,2 - Medium,2 - Medium,3 - Moderate,Group 70,Resolver 13,False,False,Do Not Notify,?,?,?,?,code 9,Resolved by 11,,2016-04-03 08:59:00,True,True,False,True,True,False,,False,False
INC0012284,Closed,False,0,0,1,True,Caller 969,Opened by  40,2016-03-29 08:12:00,?,,Updated by 908,2016-04-03 08:59:00,Phone,Location 229,Category 26,Subcategory 174,?,?,2 - Medium,2 - Medium,3 - Moderate,Group 70,Resolver 23,False,False,Do Not Notify,?,?,?,?,code 7,Resolved by 21,,2016-04-03 08:59:00,True,True,False,True,True,False,,False,False
INC0012292,Closed,False,0,0,1,True,Caller 5523,Opened by  17,2016-03-29 08:24:00,?,,Updated by 908,2016-04-03 08:59:00,Phone,Location 143,Category 42,Subcategory 223,Symptom 534,?,2 - Medium,2 - Medium,3 - Moderate,Group 70,Resolver 13,False,False,Do Not Notify,?,?,?,?,code 9,Resolved by 11,,2016-04-03 08:59:00,True,True,False,True,True,False,,False,False
INC0012306,Closed,False,0,0,1,True,Caller 2918,Opened by  17,2016-03-29 08:46:00,?,,Updated by 908,2016-04-03 09:59:00,Phone,Location 93,Category 35,Subcategory 174,Symptom 491,?,2 - Medium,2 - Medium,3 - Moderate,Group 70,Resolver 13,False,False,Do Not Notify,?,?,?,?,code 7,Resolved by 11,,2016-04-03 09:59:00,True,True,False,True,True,False,,False,False
INC0012309,Closed,False,0,0,1,True,Caller 1824,Opened by  17,2016-03-29 08:52:00,?,,Updated by 908,2016-04-03 09:59:00,Phone,Location 51,Category 42,Subcategory 223,Symptom 534,?,2 - Medium,2 - Medium,3 - Moderate,Group 70,Resolver 13,False,False,Do Not Notify,?,?,?,?,code 6,Resolved by 11,,2016-04-03 09:59:00,True,True,False,True,True,False,,False,False
INC0012315,Closed,False,0,0,1,True,Caller 3879,Opened by  17,2016-03-29 08:57:00,?,,Updated by 908,2016-04-03 09:59:00,Phone,Location 43,Category 53,Subcategory 174,?,?,2 - Medium,2 - Medium,3 - Moderate,Group 70,Resolver 13,False,False,Do Not Notify,?,?,?,?,code 9,Resolved by 11,,2016-04-03 09:59:00,True,True,False,True,True,False,,False,False
INC0012327,Closed,False,0,0,1,True,Caller 3077,Opened by  301,2016-03-29 09:12:00,?,,Updated by 908,2016-04-03 09:59:00,Phone,Location 143,Category 32,Subcategory 174,Symptom 491,?,2 - Medium,2 - Medium,3 - Moderate,Group 70,Resolver 149,False,False,Do Not Notify,?,?,?,?,code 9,Resolved by 133,,2016-04-03 09:59:00,True,True,False,True,True,False,,False,False
INC0012328,Closed,False,0,0,1,True,Caller 3005,Opened by  24,2016-03-29 09:12:00,?,,Updated by 908,2016-04-03 09:59:00,Phone,Location 161,Category 26,Subcategory 275,Symptom 116,?,2 - Medium,2 - Medium,3 - Moderate,Group 70,Resolver 17,False,False,Do Not Notify,?,?,?,?,code 6,Resolved by 15,,2016-04-03 09:59:00,True,True,False,True,True,False,,False,False
INC0012330,Closed,False,0,0,1,True,Caller 3302,Opened by  17,2016-03-29 09:15:00,?,,Updated by 908,2016-04-03 09:59:00,Phone,Location 97,Category 26,Subcategory 275,Symptom 491,?,2 - Medium,2 - Medium,3 - Moderate,Group 70,Resolver 13,False,False,Do Not Notify,?,?,?,?,code 7,Resolved by 11,,2016-04-03 09:59:00,True,True,False,True,True,False,,False,False
INC0012334,Closed,False,0,0,1,True,Caller 2739,Opened by  24,2016-03-29 09:19:00,?,,Updated by 908,2016-04-03 09:59:00,Phone,Location 204,Category 42,Subcategory 223,Symptom 65,?,2 - Medium,2 - Medium,3 - Moderate,Group 70,Resolver 17,False,False,Do Not Notify,?,?,?,?,code 7,Resolved by 15,,2016-04-03 09:59:00,True,True,False,True,True,False,,False,False
INC0012341,Closed,False,0,0,1,True,Caller 1350,Opened by  24,2016-03-29 09:31:00,?,,Updated by 908,2016-04-03 09:59:00,Phone,Location 43,Category 20,Subcategory 103,Symptom 517,?,2 - Medium,2 - Medium,3 - Moderate,Group 70,Resolver 17,False,False,Do Not Notify,?,?,?,?,code 7,Resolved by 15,,2016-04-03 09:59:00,True,True,False,True,True,False,,False,False
INC0012343,Closed,False,0,0,1,True,Caller 2206,Opened by  501,2016-03-29 09:32:00,?,,Updated by 908,2016-04-03 09:59:00,Phone,Location 51,Category 42,Subcategory 223,?,?,2 - Medium,2 - Medium,3 - Moderate,Group 70,Resolver 233,False,False,Do Not Notify,?,?,?,?,code 6,Resolved by 212,,2016-04-03 09:59:00,True,True,False,True,True,False,,False,False
INC0012349,Closed,False,0,0,1,True,Caller 1314,Opened by  24,2016-03-29 09:36:00,?,,Updated by 908,2016-04-03 09:59:00,Phone,Location 51,Category 42,Subcategory 223,Symptom 534,?,2 - Medium,2 - Medium,3 - Moderate,Group 70,Resolver 17,False,False,Do Not Notify,?,?,?,?,code 6,Resolved by 15,,2016-04-03 09:59:00,True,True,False,True,True,False,,False,False
INC0012353,Closed,False,0,0,1,True,Caller 2223,Opened by  301,2016-03-29 09:38:00,?,,Updated by 908,2016-04-03 09:59:00,Phone,Location 51,Category 32,Subcategory 174,Symptom 491,?,2 - Medium,2 - Medium,3 - Moderate,Group 70,Resolver 149,False,False,Do Not Notify,?,?,?,?,code 9,Resolved by 133,,2016-04-03 09:59:00,True,True,False,True,True,False,,False,False
INC0012354,Closed,False,0,0,1,True,Caller 3146,Opened by  24,2016-03-29 09:38:00,?,,Updated by 908,2016-04-03 09:59:00,Phone,Location 204,Category 42,Subcategory 223,Symptom 534,?,2 - Medium,2 - Medium,3 - Moderate,Group 70,Resolver 17,False,False,Do Not Notify,?,?,?,?,code 7,Resolved by 15,,2016-04-03 09:59:00,True,True,False,True,True,False,,False,False
INC0012358,Closed,False,0,0,1,True,Caller 902,Opened by  17,2016-03-29 09:41:00,?,,Updated by 908,2016-04-03 09:59:00,Phone,Location 204,Category 20,Subcategory 174,?,?,2 - Medium,2 - Medium,3 - Moderate,Group 70,Resolver 13,False,False,Do Not Notify,?,?,?,?,code 9,Resolved by 11,,2016-04-03 09:59:00,True,True,False,True,True,False,,False,False
INC0012376,Closed,False,0,0,1,True,Caller 2944,Opened by  17,2016-03-29 09:54:00,?,,Updated by 908,2016-04-03 09:59:00,Phone,Location 161,Category 32,Subcategory 9,Symptom 491,?,2 - Medium,2 - Medium,3 - Moderate,Group 70,Resolver 13,False,False,Do Not Notify,?,?,?,?,code 6,Resolved by 11,,2016-04-03 09:59:00,True,True,False,True,True,False,,False,False
INC0012382,Closed,False,0,0,1,True,Caller 4175,Opened by  17,2016-03-29 09:58:00,?,,Updated by 908,2016-04-03 10:59:00,Phone,Location 204,Category 42,Subcategory 223,Symptom 534,?,2 - Medium,2 - Medium,3 - Moderate,Group 70,Resolver 13,False,False,Do Not Notify,?,?,?,?,code 6,Resolved by 11,,2016-04-03 10:59:00,True,True,False,True,True,False,,False,False
INC0012387,Closed,False,0,0,1,True,Caller 3422,Opened by  17,2016-03-29 10:01:00,?,,Updated by 908,2016-04-03 10:59:00,Phone,Location 108,Category 46,Subcategory 174,Symptom 491,?,2 - Medium,2 - Medium,3 - Moderate,Group 70,Resolver 13,False,False,Do Not Notify,?,?,?,?,code 7,Resolved by 11,,2016-04-03 10:59:00,True,True,False,True,True,False,,False,False
INC0012388,Closed,False,0,0,1,False,Caller 1652,Opened by  24,2016-03-29 10:01:00,?,,Updated by 908,2016-05-23 11:07:00,Phone,Location 161,Category 53,Subcategory 114,?,?,2 - Medium,2 - Medium,3 - Moderate,Group 66,Resolver 17,False,False,Do Not Notify,?,?,?,?,code 6,Resolved by 15,,2016-05-23 11:07:00,True,True,False,True,True,False,,False,False
INC0012401,Closed,False,0,0,1,True,Caller 1340,Opened by  17,2016-03-29 10:13:00,?,,Updated by 908,2016-04-03 10:59:00,Phone,Location 108,Category 42,Subcategory 223,Symptom 532,?,2 - Medium,2 - Medium,3 - Moderate,Group 70,Resolver 13,False,False,Do Not Notify,?,?,?,?,code 6,Resolved by 11,,2016-04-03 10:59:00,True,True,False,True,True,False,,False,False
INC0012404,Closed,False,0,0,1,True,Caller 3729,Opened by  17,2016-03-29 10:14:00,?,,Updated by 908,2016-04-03 10:59:00,Phone,Location 107,Category 37,Subcategory 123,Symptom 491,?,2 - Medium,2 - Medium,3 - Moderate,Group 70,Resolver 13,False,False,Do Not Notify,?,?,?,?,code 7,Resolved by 11,,2016-04-03 10:59:00,True,True,False,True,True,False,,False,False
INC0012407,Closed,False,0,0,1,True,Caller 4388,Opened by  17,2016-03-29 10:15:00,?,,Updated by 908,2016-04-03 11:59:00,Phone,Location 204,Category 26,Subcategory 174,Symptom 491,?,2 - Medium,2 - Medium,3 - Moderate,Group 70,Resolver 13,False,False,Do Not Notify,?,?,?,?,code 7,Resolved by 11,,2016-04-03 11:59:00,True,True,False,True,True,False,,False,False
INC0012422,Closed,False,0,0,1,True,Caller 5332,Opened by  17,2016-03-29 10:34:00,?,,Updated by 908,2016-04-03 10:59:00,Phone,Location 51,Category 42,Subcategory 223,Symptom 534,?,2 - Medium,2 - Medium,3 - Moderate,Group 70,Resolver 13,False,False,Do Not Notify,?,?,?,?,code 7,Resolved by 11,,2016-04-03 10:59:00,True,True,False,True,True,False,,False,False
INC0012431,Closed,False,0,0,1,True,Caller 3745,Opened by  17,2016-03-29 10:47:00,?,,Updated by 908,2016-04-03 11:59:00,Phone,Location 51,Category 37,Subcategory 174,Symptom 491,?,2 - Medium,2 - Medium,3 - Moderate,Group 70,Resolver 13,False,False,Do Not Notify,?,?,?,?,code 7,Resolved by 11,,2016-04-03 11:59:00,True,True,False,True,True,False,,False,False
INC0012434,Closed,False,0,0,1,True,Caller 1493,Opened by  301,2016-03-29 10:51:00,?,,Updated by 908,2016-04-03 11:59:00,Phone,Location 204,Category 32,Subcategory 174,Symptom 491,?,2 - Medium,2 - Medium,3 - Moderate,Group 70,Resolver 149,False,False,Do Not Notify,?,?,?,?,code 9,Resolved by 133,,2016-04-03 11:59:00,True,True,False,True,True,False,,False,False
INC0012438,Closed,False,0,0,1,True,Caller 2071,Opened by  24,2016-03-29 10:56:00,?,,Updated by 908,2016-04-03 11:59:00,Phone,Location 204,Category 26,Subcategory 175,Symptom 120,?,2 - Medium,2 - Medium,3 - Moderate,Group 70,Resolver 17,False,False,Do Not Notify,?,?,?,?,code 7,Resolved by 15,,2016-04-03 11:59:00,True,True,False,True,True,False,,False,False
INC0012444,Closed,False,0,0,1,True,Caller 3216,Opened by  24,2016-03-29 10:59:00,?,,Updated by 908,2016-04-03 11:59:00,Phone,Location 161,Category 32,Subcategory 9,Symptom 105,?,2 - Medium,2 - Medium,3 - Moderate,Group 70,Resolver 17,False,False,Do Not Notify,?,?,?,?,code 7,Resolved by 15,,2016-04-03 11:59:00,True,True,False,True,True,False,,False,False
INC0012447,Closed,False,0,0,1,True,Caller 2342,Opened by  24,2016-03-29 11:01:00,?,,Updated by 908,2016-04-03 11:59:00,Phone,Location 93,Category 32,Subcategory 9,Symptom 105,?,2 - Medium,2 - Medium,3 - Moderate,Group 70,Resolver 17,False,False,Do Not Notify,?,?,?,?,code 6,Resolved by 15,,2016-04-03 11:59:00,True,True,False,True,True,False,,False,False
INC0012453,Closed,False,0,0,1,False,Caller 248,Opened by  24,2016-03-29 11:04:00,?,,Updated by 908,2016-05-23 11:07:00,Phone,Location 135,Category 53,Subcategory 13,Symptom 50,?,2 - Medium,2 - Medium,3 - Moderate,Group 69,Resolver 17,False,False,Do Not Notify,?,?,?,?,code 7,Resolved by 15,,2016-05-23 11:07:00,True,True,False,True,True,False,,False,False
INC0012476,Closed,False,0,0,1,True,Caller 3038,Opened by  17,2016-03-29 11:25:00,?,,Updated by 908,2016-04-03 11:59:00,Phone,Location 204,Category 40,Subcategory 174,Symptom 491,?,2 - Medium,2 - Medium,3 - Moderate,Group 70,Resolver 13,False,False,Do Not Notify,?,?,?,?,code 6,Resolved by 11,,2016-04-03 11:59:00,True,True,False,True,True,False,,False,False
INC0012480,Closed,False,0,0,1,True,Caller 2111,Opened by  17,2016-03-29 11:32:00,?,,Updated by 908,2016-04-03 11:59:00,Phone,Location 25,Category 53,Subcategory 174,Symptom 491,?,2 - Medium,2 - Medium,3 - Moderate,Group 70,Resolver 13,False,False,Do Not Notify,?,?,?,?,code 7,Resolved by 11,,2016-04-03 11:59:00,True,True,False,True,True,False,,False,False
INC0012490,Closed,False,0,0,1,True,Caller 992,Opened by  301,2016-03-29 11:38:00,?,,Updated by 908,2016-04-03 11:59:00,Phone,Location 108,Category 42,Subcategory 223,Symptom 491,?,2 - Medium,2 - Medium,3 - Moderate,Group 70,Resolver 149,False,False,Do Not Notify,?,?,?,?,code 9,Resolved by 133,,2016-04-03 11:59:00,True,True,False,True,True,False,,False,False
INC0012512,Closed,False,0,0,1,True,Caller 1481,Opened by  500,2016-03-29 12:03:00,?,,Updated by 908,2016-04-03 12:59:00,Phone,Location 143,Category 42,Subcategory 223,Symptom 534,?,2 - Medium,2 - Medium,3 - Moderate,Group 70,Resolver 232,False,False,Do Not Notify,?,?,?,?,code 9,Resolved by 211,,2016-04-03 12:59:00,True,True,False,True,True,False,,False,False
INC0012527,Closed,False,0,0,1,True,Caller 203,Opened by  17,2016-03-29 12:31:00,?,,Updated by 908,2016-04-03 12:59:00,Phone,Location 108,Category 42,Subcategory 174,Symptom 491,?,2 - Medium,2 - Medium,3 - Moderate,Group 70,Resolver 13,False,False,Do Not Notify,?,?,?,?,code 1,Resolved by 11,,2016-04-03 12:59:00,True,True,False,True,True,False,,False,False
INC0012531,Closed,False,0,0,1,True,Caller 1766,Opened by  17,2016-03-29 12:38:00,?,,Updated by 908,2016-04-03 13:59:00,Phone,Location 34,Category 53,Subcategory 174,Symptom 491,?,2 - Medium,2 - Medium,3 - Moderate,Group 70,Resolver 13,False,False,Do Not Notify,?,?,?,?,code 7,Resolved by 11,,2016-04-03 13:59:00,True,True,False,True,True,False,,False,False
INC0012536,Closed,False,0,0,1,True,Caller 1032,Opened by  17,2016-03-29 12:49:00,?,,Updated by 908,2016-04-03 12:59:00,Phone,Location 33,Category 32,Subcategory 9,Symptom 491,?,2 - Medium,2 - Medium,3 - Moderate,Group 70,Resolver 13,False,False,Do Not Notify,?,?,?,?,code 6,Resolved by 11,,2016-04-03 12:59:00,True,True,False,True,True,False,,False,False
INC0012552,Closed,False,0,0,1,True,Caller 2206,Opened by  17,2016-03-29 13:26:00,?,,Updated by 908,2016-04-03 13:59:00,Phone,Location 51,Category 42,Subcategory 223,Symptom 534,?,2 - Medium,2 - Medium,3 - Moderate,Group 70,Resolver 13,False,False,Do Not Notify,?,?,?,?,code 6,Resolved by 11,,2016-04-03 13:59:00,True,True,False,True,True,False,,False,False
INC0012555,Closed,False,0,0,1,True,Caller 280,Opened by  17,2016-03-29 13:29:00,?,,Updated by 908,2016-04-03 13:59:00,Phone,Location 161,Category 20,Subcategory 174,?,?,2 - Medium,2 - Medium,3 - Moderate,Group 70,Resolver 13,False,False,Do Not Notify,?,?,?,?,code 9,Resolved by 11,,2016-04-03 13:59:00,True,True,False,True,True,False,,False,False
INC0012559,Closed,False,0,0,1,True,Caller 3624,Opened by  17,2016-03-29 13:32:00,?,,Updated by 908,2016-04-03 13:59:00,Phone,Location 161,Category 20,Subcategory 125,Symptom 491,?,2 - Medium,2 - Medium,3 - Moderate,Group 70,Resolver 13,False,False,Do Not Notify,?,?,?,?,code 6,Resolved by 11,,2016-04-03 13:59:00,True,True,False,True,True,False,,False,False
INC0012573,Closed,False,0,0,1,True,Caller 4168,Opened by  55,2016-03-29 13:50:00,?,,Updated by 908,2016-04-03 13:59:00,Phone,Location 51,Category 32,Subcategory 174,Symptom 491,?,2 - Medium,2 - Medium,3 - Moderate,Group 70,Resolver 28,False,False,Do Not Notify,?,?,?,?,code 6,Resolved by 27,,2016-04-03 13:59:00,True,True,False,True,True,False,,False,False
INC0012574,Closed,False,0,0,1,True,Caller 3160,Opened by  17,2016-03-29 13:51:00,?,,Updated by 908,2016-04-03 14:59:00,Phone,Location 204,Category 46,Subcategory 174,Symptom 491,?,2 - Medium,2 - Medium,3 - Moderate,Group 70,Resolver 13,False,False,Do Not Notify,?,?,?,?,code 7,Resolved by 11,,2016-04-03 14:59:00,True,True,False,True,True,False,,False,False
INC0012577,Closed,False,0,0,1,True,Caller 3040,Opened by  17,2016-03-29 13:56:00,?,,Updated by 908,2016-04-03 14:59:00,Phone,Location 51,Category 42,Subcategory 223,Symptom 534,?,2 - Medium,2 - Medium,3 - Moderate,Group 70,Resolver 13,False,False,Do Not Notify,?,?,?,?,code 6,Resolved by 11,,2016-04-03 14:59:00,True,True,False,True,True,False,,False,False
INC0012590,Closed,False,0,0,1,True,Caller 2016,Opened by  17,2016-03-29 14:10:00,?,,Updated by 908,2016-04-03 14:59:00,Phone,Location 143,Category 42,Subcategory 223,Symptom 534,?,2 - Medium,2 - Medium,3 - Moderate,Group 70,Resolver 13,False,False,Do Not Notify,?,?,?,?,code 6,Resolved by 11,,2016-04-03 14:59:00,True,True,False,True,True,False,,False,False
INC0012605,Closed,False,0,0,1,True,Caller 5257,Opened by  55,2016-03-29 14:29:00,?,,Updated by 908,2016-04-03 14:59:00,Phone,Location 51,Category 37,Subcategory 174,?,?,2 - Medium,2 - Medium,3 - Moderate,Group 70,Resolver 28,False,False,Do Not Notify,?,?,?,?,code 6,Resolved by 27,,2016-04-03 14:59:00,True,True,False,True,True,False,,False,False
INC0012607,Closed,False,0,0,1,True,Caller 512,Opened by  17,2016-03-29 14:31:00,?,,Updated by 908,2016-04-03 14:59:00,Phone,Location 93,Category 42,Subcategory 223,Symptom 534,?,2 - Medium,2 - Medium,3 - Moderate,Group 70,Resolver 13,False,False,Do Not Notify,?,?,?,?,code 6,Resolved by 11,,2016-04-03 14:59:00,True,True,False,True,True,False,,False,False
INC0012611,Closed,False,0,0,1,True,Caller 203,Opened by  17,2016-03-29 14:36:00,?,,Updated by 908,2016-04-03 14:59:00,Phone,Location 108,Category 42,Subcategory 223,Symptom 534,?,2 - Medium,2 - Medium,3 - Moderate,Group 70,Resolver 13,False,False,Do Not Notify,?,?,?,?,code 7,Resolved by 11,,2016-04-03 14:59:00,True,True,False,True,True,False,,False,False
INC0012613,Closed,False,0,0,1,True,Caller 2449,Opened by  24,2016-03-29 14:39:00,?,,Updated by 908,2016-04-03 14:59:00,Phone,Location 161,Category 20,Subcategory 125,Symptom 517,?,2 - Medium,2 - Medium,3 - Moderate,Group 70,Resolver 17,False,False,Do Not Notify,?,?,?,?,code 6,Resolved by 15,,2016-04-03 14:59:00,True,True,False,True,True,False,,False,False
INC0012618,Closed,False,0,0,1,True,Caller 3421,Opened by  301,2016-03-29 14:48:00,?,,Updated by 908,2016-04-03 14:59:00,Phone,Location 204,Category 40,Subcategory 44,Symptom 5,?,2 - Medium,2 - Medium,3 - Moderate,Group 70,Resolver 149,False,False,Do Not Notify,?,?,?,?,code 1,Resolved by 133,,2016-04-03 14:59:00,True,True,False,True,True,False,,False,False
INC0012619,Closed,False,0,0,1,True,Caller 3201,Opened by  500,2016-03-29 14:48:00,?,,Updated by 908,2016-04-03 15:59:00,Phone,Location 204,Category 26,Subcategory 275,Symptom 115,?,2 - Medium,2 - Medium,3 - Moderate,Group 70,Resolver 232,False,False,Do Not Notify,?,?,?,?,code 9,Resolved by 211,,2016-04-03 15:59:00,True,True,False,True,True,False,,False,False
INC0012621,Closed,False,0,0,1,True,Caller 4404,Opened by  24,2016-03-29 14:51:00,?,,Updated by 908,2016-04-03 14:59:00,Phone,Location 161,Category 32,Subcategory 9,Symptom 105,?,2 - Medium,2 - Medium,3 - Moderate,Group 70,Resolver 17,False,False,Do Not Notify,?,?,?,?,code 7,Resolved by 15,,2016-04-03 14:59:00,True,True,False,True,True,False,,False,False
INC0012624,Closed,False,0,0,1,True,Caller 5224,Opened by  108,2016-03-29 14:54:00,?,,Updated by 908,2016-04-03 15:59:00,Phone,Location 51,Category 26,Subcategory 174,Symptom 491,?,2 - Medium,2 - Medium,3 - Moderate,Group 70,Resolver 56,False,False,Do Not Notify,?,?,?,?,code 6,Resolved by 52,,2016-04-03 15:59:00,True,True,False,True,True,False,,False,False
INC0012627,Closed,False,0,0,1,True,Caller 1293,Opened by  17,2016-03-29 14:56:00,?,,Updated by 908,2016-04-03 15:59:00,Phone,Location 204,Category 20,Subcategory 174,Symptom 491,?,2 - Medium,2 - Medium,3 - Moderate,Group 70,Resolver 13,False,False,Do Not Notify,?,?,?,?,code 7,Resolved by 11,,2016-04-03 15:59:00,True,True,False,True,True,False,,False,False
INC0012628,Closed,False,0,0,1,True,Caller 1593,Opened by  24,2016-03-29 14:57:00,?,,Updated by 908,2016-04-03 15:59:00,Phone,Location 204,Category 26,Subcategory 175,?,?,2 - Medium,2 - Medium,3 - Moderate,Group 70,Resolver 17,False,False,Do Not Notify,?,?,?,?,code 6,Resolved by 15,,2016-04-03 15:59:00,True,True,False,True,True,False,,False,False
INC0012633,Closed,False,0,0,1,True,Caller 3201,Opened by  500,2016-03-29 15:02:00,?,,Updated by 908,2016-04-03 15:59:00,Phone,Location 204,Category 20,Subcategory 103,Symptom 387,?,2 - Medium,2 - Medium,3 - Moderate,Group 70,Resolver 232,False,False,Do Not Notify,?,?,?,?,code 9,Resolved by 211,,2016-04-03 15:59:00,True,True,False,True,True,False,,False,False
INC0012651,Closed,False,0,0,1,True,Caller 4175,Opened by  17,2016-03-29 15:32:00,?,,Updated by 908,2016-04-03 15:59:00,Phone,Location 204,Category 42,Subcategory 223,Symptom 534,?,2 - Medium,2 - Medium,3 - Moderate,Group 70,Resolver 13,False,False,Do Not Notify,?,?,?,?,code 6,Resolved by 11,,2016-04-03 15:59:00,True,True,False,True,True,False,,False,False
INC0012654,Closed,False,0,0,1,True,Caller 289,Opened by  55,2016-03-29 15:34:00,?,,Updated by 908,2016-04-03 15:59:00,Phone,Location 51,Category 32,Subcategory 174,?,?,2 - Medium,2 - Medium,3 - Moderate,Group 70,Resolver 28,False,False,Do Not Notify,?,?,?,?,code 6,Resolved by 27,,2016-04-03 15:59:00,True,True,False,True,True,False,,False,False
INC0012657,Closed,False,0,0,1,True,Caller 3775,Opened by  17,2016-03-29 15:38:00,?,,Updated by 908,2016-04-03 16:59:00,Phone,Location 204,Category 40,Subcategory 44,Symptom 491,?,2 - Medium,2 - Medium,3 - Moderate,Group 70,Resolver 13,False,False,Do Not Notify,?,?,?,?,code 6,Resolved by 11,,2016-04-03 16:59:00,True,True,False,True,True,False,,False,False
INC0012660,Closed,False,0,0,1,True,Caller 5351,Opened by  55,2016-03-29 15:46:00,?,,Updated by 908,2016-04-03 16:59:00,Phone,Location 143,Category 26,Subcategory 175,?,?,2 - Medium,2 - Medium,3 - Moderate,Group 70,Resolver 28,False,False,Do Not Notify,?,?,?,?,code 6,Resolved by 27,,2016-04-03 16:59:00,True,True,False,True,True,False,,False,False
INC0012695,Closed,False,0,0,1,True,Caller 2325,Opened by  500,2016-03-29 16:41:00,?,,Updated by 908,2016-04-03 17:59:00,Phone,Location 179,Category 20,Subcategory 125,Symptom 491,?,2 - Medium,2 - Medium,3 - Moderate,Group 70,Resolver 232,False,False,Do Not Notify,?,?,?,?,code 9,Resolved by 211,,2016-04-03 17:59:00,True,True,False,True,True,False,,False,False
INC0012703,Closed,False,0,0,1,True,Caller 1120,Opened by  55,2016-03-29 16:55:00,?,,Updated by 908,2016-04-03 17:59:00,Phone,Location 204,Category 20,Subcategory 125,?,?,2 - Medium,2 - Medium,3 - Moderate,Group 70,Resolver 28,False,False,Do Not Notify,?,?,?,?,code 6,Resolved by 27,,2016-04-03 17:59:00,True,True,False,True,True,False,,False,False
INC0012717,Closed,False,0,0,1,True,Caller 2325,Opened by  500,2016-03-29 17:20:00,?,,Updated by 908,2016-04-03 17:59:00,Phone,Location 179,Category 40,Subcategory 44,Symptom 5,?,2 - Medium,2 - Medium,3 - Moderate,Group 70,Resolver 232,False,False,Do Not Notify,?,?,?,?,code 9,Resolved by 211,,2016-04-03 17:59:00,True,True,False,True,True,False,,False,False
INC0012718,Closed,False,0,0,1,True,Caller 2325,Opened by  500,2016-03-29 17:20:00,?,,Updated by 908,2016-04-03 17:59:00,Phone,Location 179,Category 40,Subcategory 44,Symptom 5,?,2 - Medium,2 - Medium,3 - Moderate,Group 70,Resolver 232,False,False,Do Not Notify,?,?,?,?,code 9,Resolved by 211,,2016-04-03 17:59:00,True,True,False,True,True,False,,False,False
INC0012719,Closed,False,0,0,1,True,Caller 2325,Opened by  500,2016-03-29 17:20:00,?,,Updated by 908,2016-04-03 17:59:00,Phone,Location 179,Category 40,Subcategory 44,Symptom 5,?,2 - Medium,2 - Medium,3 - Moderate,Group 70,Resolver 232,False,False,Do Not Notify,?,?,?,?,code 10,Resolved by 211,,2016-04-03 17:59:00,True,True,False,True,True,False,,False,False
INC0012729,Closed,False,0,0,1,True,Caller 799,?,2016-03-29 17:30:00,?,,Updated by 908,2016-04-03 17:59:00,Phone,Location 51,Category 32,Subcategory 174,?,?,2 - Medium,2 - Medium,3 - Moderate,Group 70,Resolver 127,False,False,Do Not Notify,?,?,?,?,code 7,?,,2016-04-03 17:59:00,True,True,False,True,True,False,,False,False
INC0012732,Closed,False,0,0,1,True,Caller 2502,Opened by  55,2016-03-29 17:50:00,?,,Updated by 908,2016-04-03 18:59:00,Phone,Location 108,Category 53,Subcategory 174,?,?,2 - Medium,2 - Medium,3 - Moderate,Group 70,Resolver 28,False,False,Do Not Notify,?,?,?,?,code 6,Resolved by 27,,2016-04-03 18:59:00,True,True,False,True,True,False,,False,False
INC0012743,Closed,False,0,0,1,True,Caller 388,Opened by  305,2016-03-29 18:27:00,?,,Updated by 908,2016-04-03 18:59:00,Phone,Location 93,Category 42,Subcategory 223,?,?,2 - Medium,2 - Medium,3 - Moderate,Group 70,Resolver 150,False,False,Do Not Notify,?,?,?,?,code 7,Resolved by 134,,2016-04-03 18:59:00,True,True,False,True,True,False,,False,False
INC0012744,Closed,False,0,0,1,True,Caller 388,Opened by  305,2016-03-29 18:37:00,?,,Updated by 908,2016-04-03 18:59:00,Phone,Location 93,Category 42,Subcategory 223,Symptom 491,?,2 - Medium,2 - Medium,3 - Moderate,Group 70,Resolver 150,False,False,Do Not Notify,?,?,?,?,code 7,Resolved by 134,,2016-04-03 18:59:00,True,True,False,True,True,False,,False,False
INC0012745,Closed,False,0,0,1,True,Caller 9,Opened by  17,2016-03-29 18:38:00,?,,Updated by 908,2016-04-03 18:59:00,Phone,Location 161,Category 42,Subcategory 223,Symptom 534,?,2 - Medium,2 - Medium,3 - Moderate,Group 70,Resolver 13,False,False,Do Not Notify,?,?,?,?,code 6,Resolved by 11,,2016-04-03 18:59:00,True,True,False,True,True,False,,False,False
INC0012751,Closed,False,0,0,1,True,Caller 1688,Opened by  397,2016-03-30 00:42:00,?,,Updated by 908,2016-04-04 00:59:00,Phone,Location 108,Category 32,Subcategory 174,Symptom 491,?,2 - Medium,2 - Medium,3 - Moderate,Group 70,Resolver 191,False,False,Do Not Notify,?,?,?,?,code 6,Resolved by 174,,2016-04-04 00:59:00,True,True,False,True,True,False,,False,False
INC0012757,Closed,False,0,0,1,True,Caller 2777,Opened by  397,2016-03-30 01:33:00,?,,Updated by 908,2016-04-04 01:59:00,Phone,Location 108,Category 26,Subcategory 175,?,?,2 - Medium,2 - Medium,3 - Moderate,Group 70,Resolver 191,False,False,Do Not Notify,?,?,?,?,code 6,Resolved by 174,,2016-04-04 01:59:00,True,True,False,True,True,False,,False,False
INC0012761,Closed,False,0,0,1,True,Caller 1053,Opened by  397,2016-03-30 02:57:00,?,,Updated by 908,2016-04-04 03:59:00,Phone,Location 161,Category 28,Subcategory 174,?,?,2 - Medium,2 - Medium,3 - Moderate,Group 70,Resolver 191,False,False,Do Not Notify,?,?,?,?,code 8,Resolved by 174,,2016-04-04 03:59:00,True,True,False,True,True,False,,False,False
INC0012775,Closed,False,0,0,1,True,Caller 2000,Opened by  17,2016-03-30 06:16:00,?,,Updated by 908,2016-04-04 06:59:00,Phone,Location 179,Category 26,Subcategory 175,Symptom 116,?,2 - Medium,2 - Medium,3 - Moderate,Group 70,Resolver 13,False,False,Do Not Notify,?,?,?,?,code 6,Resolved by 11,,2016-04-04 06:59:00,True,True,False,True,True,False,,False,False
INC0012790,Closed,False,0,0,1,True,Caller 3739,Opened by  17,2016-03-30 07:43:00,?,,Updated by 908,2016-04-04 08:59:00,Phone,Location 143,Category 53,Subcategory 174,Symptom 491,?,2 - Medium,2 - Medium,3 - Moderate,Group 70,Resolver 13,False,False,Do Not Notify,?,?,?,?,code 6,Resolved by 11,,2016-04-04 08:59:00,True,True,False,True,True,False,,False,False
INC0012802,Closed,False,0,0,1,True,Caller 4473,Opened by  17,2016-03-30 08:03:00,?,,Updated by 908,2016-04-04 08:59:00,Phone,Location 108,Category 26,Subcategory 174,Symptom 491,?,2 - Medium,2 - Medium,3 - Moderate,Group 70,Resolver 13,False,False,Do Not Notify,?,?,?,?,code 7,Resolved by 11,,2016-04-04 08:59:00,True,True,False,True,True,False,,False,False
INC0012810,Closed,False,0,0,1,True,Caller 3326,Opened by  17,2016-03-30 08:10:00,?,,Updated by 908,2016-04-04 08:59:00,Phone,Location 43,Category 35,Subcategory 28,Symptom 506,?,2 - Medium,2 - Medium,3 - Moderate,Group 70,Resolver 13,False,False,Do Not Notify,?,?,?,?,code 6,Resolved by 11,,2016-04-04 08:59:00,True,True,False,True,True,False,,False,False
INC0012816,Closed,False,0,0,1,True,Caller 4326,Opened by  24,2016-03-30 08:22:00,?,,Updated by 908,2016-04-04 08:59:00,Phone,Location 59,Category 9,Subcategory 164,Symptom 491,?,2 - Medium,2 - Medium,3 - Moderate,Group 70,Resolver 17,False,False,Do Not Notify,?,?,?,?,code 7,Resolved by 15,,2016-04-04 08:59:00,True,True,False,True,True,False,,False,False
INC0012823,Closed,False,0,0,1,True,Caller 619,Opened by  24,2016-03-30 08:28:00,?,,Updated by 908,2016-04-04 08:59:00,Phone,Location 161,Category 20,Subcategory 174,?,?,2 - Medium,2 - Medium,3 - Moderate,Group 70,Resolver 17,False,False,Do Not Notify,?,?,?,?,code 6,Resolved by 15,,2016-04-04 08:59:00,True,True,False,True,True,False,,False,False
INC0012843,Closed,False,0,0,1,False,Caller 932,?,2016-03-30 08:44:00,?,,Updated by 908,2016-05-23 11:07:00,Phone,Location 161,Category 26,Subcategory 174,Symptom 491,?,2 - Medium,2 - Medium,3 - Moderate,Group 70,Resolver 253,False,False,Do Not Notify,?,?,?,?,code 7,?,,2016-05-23 11:07:00,True,True,False,True,True,False,,False,False
INC0012846,Closed,False,0,0,1,True,Caller 1754,Opened by  17,2016-03-30 08:46:00,?,,Updated by 908,2016-04-04 08:59:00,Phone,Location 51,Category 42,Subcategory 223,Symptom 534,?,2 - Medium,2 - Medium,3 - Moderate,Group 70,Resolver 13,False,False,Do Not Notify,?,?,?,?,code 9,Resolved by 11,,2016-04-04 08:59:00,True,True,False,True,True,False,,False,False
INC0012853,Closed,False,0,0,1,True,Caller 5256,Opened by  17,2016-03-30 08:55:00,?,,Updated by 908,2016-04-04 09:59:00,Phone,Location 93,Category 32,Subcategory 9,Symptom 491,?,2 - Medium,2 - Medium,3 - Moderate,Group 70,Resolver 13,False,False,Do Not Notify,?,?,?,?,code 7,Resolved by 11,,2016-04-04 09:59:00,True,True,False,True,True,False,,False,False
INC0012855,Closed,False,0,0,1,True,Caller 44,Opened by  24,2016-03-30 08:57:00,?,,Updated by 908,2016-04-04 09:59:00,Phone,Location 161,Category 26,Subcategory 174,Symptom 491,?,2 - Medium,2 - Medium,3 - Moderate,Group 70,Resolver 17,False,False,Do Not Notify,?,?,?,?,code 6,Resolved by 15,,2016-04-04 09:59:00,True,True,False,True,True,False,,False,False
INC0012859,Closed,False,0,0,1,True,Caller 4812,Opened by  40,2016-03-30 09:01:00,?,,Updated by 908,2016-04-04 09:59:00,Phone,Location 161,Category 26,Subcategory 275,Symptom 54,?,2 - Medium,2 - Medium,3 - Moderate,Group 70,Resolver 23,False,False,Do Not Notify,?,?,?,?,code 7,Resolved by 21,,2016-04-04 09:59:00,True,True,False,True,True,False,,False,False
INC0012866,Closed,False,0,0,1,True,Caller 1328,Opened by  24,2016-03-30 09:08:00,?,,Updated by 908,2016-04-04 09:59:00,Phone,Location 143,Category 32,Subcategory 9,Symptom 491,?,2 - Medium,2 - Medium,3 - Moderate,Group 70,Resolver 17,False,False,Do Not Notify,?,?,?,?,code 6,Resolved by 15,,2016-04-04 09:59:00,True,True,False,True,True,False,,False,False
INC0012882,Closed,False,0,0,1,True,Caller 1159,Opened by  62,2016-03-30 09:20:00,?,,Updated by 908,2016-04-04 09:59:00,Phone,Location 161,Category 42,Subcategory 223,?,?,2 - Medium,2 - Medium,3 - Moderate,Group 70,Resolver 33,False,False,Do Not Notify,?,?,?,?,code 6,Resolved by 32,,2016-04-04 09:59:00,True,True,False,True,True,False,,False,False
INC0012886,Closed,False,0,0,1,True,Caller 456,Opened by  17,2016-03-30 09:26:00,?,,Updated by 908,2016-04-04 09:59:00,Phone,Location 204,Category 26,Subcategory 175,?,?,2 - Medium,2 - Medium,3 - Moderate,Group 70,Resolver 13,False,False,Do Not Notify,?,?,?,?,code 9,Resolved by 11,,2016-04-04 09:59:00,True,True,False,True,True,False,,False,False
INC0012888,Closed,False,0,0,1,True,Caller 1393,Opened by  17,2016-03-30 09:28:00,?,,Updated by 908,2016-04-04 09:59:00,Phone,Location 15,Category 42,Subcategory 174,Symptom 491,?,2 - Medium,2 - Medium,3 - Moderate,Group 70,Resolver 13,False,False,Do Not Notify,?,?,?,?,code 1,Resolved by 11,,2016-04-04 09:59:00,True,True,False,True,True,False,,False,False
INC0012911,Closed,False,0,0,1,True,Caller 2366,?,2016-03-30 09:51:00,?,,Updated by 908,2016-04-04 10:59:00,Phone,Location 111,Category 26,Subcategory 275,Symptom 474,?,2 - Medium,2 - Medium,3 - Moderate,Group 70,Resolver 23,False,False,Do Not Notify,?,?,?,?,code 7,?,,2016-04-04 10:59:00,True,True,False,True,True,False,,False,False
INC0012938,Closed,False,0,0,1,True,Caller 2723,Opened by  17,2016-03-30 10:13:00,?,,Updated by 908,2016-04-04 10:59:00,Phone,Location 204,Category 20,Subcategory 174,Symptom 491,?,2 - Medium,2 - Medium,3 - Moderate,Group 70,Resolver 13,False,False,Do Not Notify,?,?,?,?,code 7,Resolved by 11,,2016-04-04 10:59:00,True,True,False,True,True,False,,False,False
INC0012941,Closed,False,0,0,1,True,Caller 983,Opened by  17,2016-03-30 10:15:00,?,,Updated by 908,2016-04-04 10:59:00,Phone,Location 204,Category 9,Subcategory 174,Symptom 491,?,2 - Medium,2 - Medium,3 - Moderate,Group 70,Resolver 13,False,False,Do Not Notify,?,?,?,?,code 7,Resolved by 11,,2016-04-04 10:59:00,True,True,False,True,True,False,,False,False
INC0012946,Closed,False,0,0,1,True,Caller 3515,Opened by  17,2016-03-30 10:23:00,?,,Updated by 908,2016-04-04 10:59:00,Phone,Location 51,Category 42,Subcategory 223,Symptom 534,?,2 - Medium,2 - Medium,3 - Moderate,Group 70,Resolver 13,False,False,Do Not Notify,?,?,?,?,code 9,Resolved by 11,,2016-04-04 10:59:00,True,True,False,True,True,False,,False,False
INC0012947,Closed,False,0,0,1,True,Caller 4684,Opened by  17,2016-03-30 10:23:00,?,,Updated by 908,2016-04-04 10:59:00,Phone,Location 97,Category 24,Subcategory 174,Symptom 491,?,2 - Medium,2 - Medium,3 - Moderate,Group 70,Resolver 13,False,False,Do Not Notify,?,?,?,?,code 7,Resolved by 11,,2016-04-04 10:59:00,True,True,False,True,True,False,,False,False
INC0012949,Closed,False,0,0,1,True,Caller 732,Opened by  17,2016-03-30 10:26:00,?,,Updated by 908,2016-04-04 10:59:00,Phone,Location 43,Category 42,Subcategory 174,Symptom 491,?,2 - Medium,2 - Medium,3 - Moderate,Group 70,Resolver 13,False,False,Do Not Notify,?,?,?,?,code 7,Resolved by 11,,2016-04-04 10:59:00,True,True,False,True,True,False,,False,False
INC0012961,Closed,False,0,0,1,True,Caller 2649,Opened by  301,2016-03-30 10:37:00,?,,Updated by 908,2016-04-04 10:59:00,Phone,Location 93,Category 32,Subcategory 174,Symptom 491,?,2 - Medium,2 - Medium,3 - Moderate,Group 70,Resolver 149,False,False,Do Not Notify,?,?,?,?,code 9,Resolved by 133,,2016-04-04 10:59:00,True,True,False,True,True,False,,False,False
INC0012965,Closed,False,0,0,1,True,Caller 2517,Opened by  24,2016-03-30 10:41:00,?,,Updated by 908,2016-04-04 10:59:00,Phone,Location 108,Category 20,Subcategory 125,Symptom 116,?,2 - Medium,2 - Medium,3 - Moderate,Group 70,Resolver 17,False,False,Do Not Notify,?,?,?,?,code 7,Resolved by 15,,2016-04-04 10:59:00,True,True,False,True,True,False,,False,False
INC0012969,Closed,False,0,0,1,True,Caller 5543,Opened by  24,2016-03-30 10:44:00,?,,Updated by 908,2016-04-04 10:59:00,Phone,Location 161,Category 42,Subcategory 223,Symptom 534,?,2 - Medium,2 - Medium,3 - Moderate,Group 70,Resolver 17,False,False,Do Not Notify,?,?,?,?,code 7,Resolved by 15,,2016-04-04 10:59:00,True,True,False,True,True,False,,False,False
INC0012970,Closed,False,0,0,1,True,Caller 3331,?,2016-03-30 10:46:00,?,,Updated by 908,2016-04-04 10:59:00,Phone,Location 51,Category 42,Subcategory 223,?,?,2 - Medium,2 - Medium,3 - Moderate,Group 70,Resolver 17,False,False,Do Not Notify,?,?,?,?,code 7,?,,2016-04-04 10:59:00,True,True,False,True,True,False,,False,False
INC0012975,Closed,False,0,0,1,True,Caller 805,Opened by  17,2016-03-30 10:51:00,?,,Updated by 908,2016-04-04 11:59:00,Phone,Location 21,Category 42,Subcategory 223,Symptom 534,?,2 - Medium,2 - Medium,3 - Moderate,Group 70,Resolver 13,False,False,Do Not Notify,?,?,?,?,code 9,Resolved by 11,,2016-04-04 11:59:00,True,True,False,True,True,False,,False,False
INC0012982,Closed,False,0,0,1,True,Caller 1385,Opened by  24,2016-03-30 10:58:00,?,,Updated by 908,2016-04-04 11:59:00,Phone,Location 96,Category 53,Subcategory 174,Symptom 491,?,2 - Medium,2 - Medium,3 - Moderate,Group 70,Resolver 17,False,False,Do Not Notify,?,?,?,?,code 7,Resolved by 15,,2016-04-04 11:59:00,True,True,False,True,True,False,,False,False
INC0012987,Closed,False,0,0,1,True,Caller 5249,Opened by  62,2016-03-30 11:05:00,?,,Updated by 908,2016-04-04 11:59:00,Phone,Location 143,Category 42,Subcategory 223,?,?,2 - Medium,2 - Medium,3 - Moderate,Group 70,Resolver 33,False,False,Do Not Notify,?,?,?,?,code 6,Resolved by 32,,2016-04-04 11:59:00,True,True,False,True,True,False,,False,False
INC0013005,Closed,False,0,0,1,True,Caller 813,Opened by  17,2016-03-30 11:39:00,?,,Updated by 908,2016-04-04 12:59:00,Phone,Location 35,Category 37,Subcategory 174,Symptom 491,?,2 - Medium,2 - Medium,3 - Moderate,Group 70,Resolver 13,False,False,Do Not Notify,?,?,?,?,code 6,Resolved by 11,,2016-04-04 12:59:00,True,True,False,True,True,False,,False,False
INC0013013,Closed,False,0,0,1,True,Caller 231,Opened by  62,2016-03-30 11:53:00,?,,Updated by 908,2016-04-04 12:59:00,Phone,Location 18,Category 42,Subcategory 223,?,?,2 - Medium,2 - Medium,3 - Moderate,Group 70,Resolver 33,False,False,Do Not Notify,?,?,?,?,code 6,Resolved by 32,,2016-04-04 12:59:00,True,True,False,True,True,False,,False,False
INC0013026,Closed,False,0,0,1,True,Caller 936,Opened by  55,2016-03-30 12:16:00,?,,Updated by 908,2016-04-04 12:59:00,Phone,Location 204,Category 35,Subcategory 28,Symptom 506,?,2 - Medium,2 - Medium,3 - Moderate,Group 70,Resolver 28,False,False,Do Not Notify,?,?,?,?,code 6,Resolved by 27,,2016-04-04 12:59:00,True,True,False,True,True,False,,False,False
INC0013031,Closed,False,0,0,1,True,Caller 3514,Opened by  55,2016-03-30 12:28:00,?,,Updated by 908,2016-04-04 13:59:00,Phone,Location 204,Category 26,Subcategory 175,?,?,2 - Medium,2 - Medium,3 - Moderate,Group 70,Resolver 28,False,False,Do Not Notify,?,?,?,?,code 6,Resolved by 27,,2016-04-04 13:59:00,True,True,False,True,True,False,,False,False
INC0013045,Closed,False,0,0,1,True,Caller 1243,Opened by  17,2016-03-30 13:02:00,?,,Updated by 908,2016-04-04 13:59:00,Phone,Location 204,Category 53,Subcategory 174,Symptom 491,?,2 - Medium,2 - Medium,3 - Moderate,Group 70,Resolver 13,False,False,Do Not Notify,?,?,?,?,code 7,Resolved by 11,,2016-04-04 13:59:00,True,True,False,True,True,False,,False,False
INC0013047,Closed,False,0,0,1,True,Caller 5404,Opened by  40,2016-03-30 13:11:00,?,,Updated by 908,2016-04-04 13:59:00,Phone,Location 204,Category 53,Subcategory 174,?,?,2 - Medium,2 - Medium,3 - Moderate,Group 70,Resolver 23,False,False,Do Not Notify,?,?,?,?,code 6,Resolved by 21,,2016-04-04 13:59:00,True,True,False,True,True,False,,False,False
INC0013048,Closed,False,0,0,1,True,Caller 169,Opened by  500,2016-03-30 13:13:00,?,,Updated by 908,2016-04-04 14:59:00,Phone,Location 143,Category 9,Subcategory 164,Symptom 571,?,2 - Medium,2 - Medium,3 - Moderate,Group 70,Resolver 232,False,False,Do Not Notify,?,?,?,?,code 9,Resolved by 211,,2016-04-04 14:59:00,True,True,False,True,True,False,,False,False
INC0013051,Closed,False,0,0,1,True,Caller 3514,Opened by  55,2016-03-30 13:18:00,?,,Updated by 908,2016-04-04 13:59:00,Phone,Location 204,Category 20,Subcategory 103,Symptom 387,?,2 - Medium,2 - Medium,3 - Moderate,Group 70,Resolver 28,False,False,Do Not Notify,?,?,?,?,code 6,Resolved by 27,,2016-04-04 13:59:00,True,True,False,True,True,False,,False,False
INC0013053,Closed,False,0,0,1,True,Caller 4710,Opened by  17,2016-03-30 13:28:00,?,,Updated by 908,2016-04-04 13:59:00,Phone,Location 51,Category 42,Subcategory 223,Symptom 534,?,2 - Medium,2 - Medium,3 - Moderate,Group 70,Resolver 13,False,False,Do Not Notify,?,?,?,?,code 6,Resolved by 11,,2016-04-04 13:59:00,True,True,False,True,True,False,,False,False
INC0013054,Closed,False,0,0,1,True,Caller 512,Opened by  17,2016-03-30 13:29:00,?,,Updated by 908,2016-04-04 13:59:00,Phone,Location 93,Category 42,Subcategory 174,Symptom 491,?,2 - Medium,2 - Medium,3 - Moderate,Group 70,Resolver 13,False,False,Do Not Notify,?,?,?,?,code 7,Resolved by 11,,2016-04-04 13:59:00,True,True,False,True,True,False,,False,False
INC0013064,Closed,False,0,0,1,True,Caller 3701,Opened by  55,2016-03-30 13:52:00,?,,Updated by 908,2016-04-04 14:59:00,Phone,Location 108,Category 32,Subcategory 174,Symptom 491,?,2 - Medium,2 - Medium,3 - Moderate,Group 70,Resolver 28,False,False,Do Not Notify,?,?,?,?,code 6,Resolved by 27,,2016-04-04 14:59:00,True,True,False,True,True,False,,False,False
INC0013071,Closed,False,0,0,1,True,Caller 3701,Opened by  55,2016-03-30 14:04:00,?,,Updated by 908,2016-04-04 14:59:00,Phone,Location 108,Category 53,Subcategory 174,?,?,2 - Medium,2 - Medium,3 - Moderate,Group 70,Resolver 28,False,False,Do Not Notify,?,?,?,?,code 6,Resolved by 27,,2016-04-04 14:59:00,True,True,False,True,True,False,,False,False
INC0013083,Closed,False,0,0,1,True,Caller 2135,Opened by  17,2016-03-30 14:14:00,?,,Updated by 908,2016-04-04 14:59:00,Phone,Location 143,Category 32,Subcategory 9,Symptom 491,?,2 - Medium,2 - Medium,3 - Moderate,Group 70,Resolver 13,False,False,Do Not Notify,?,?,?,?,code 6,Resolved by 11,,2016-04-04 14:59:00,True,True,False,True,True,False,,False,False
INC0013090,Closed,False,0,0,1,True,Caller 3189,Opened by  17,2016-03-30 14:26:00,?,,Updated by 908,2016-04-04 14:59:00,Phone,Location 108,Category 42,Subcategory 223,Symptom 534,?,2 - Medium,2 - Medium,3 - Moderate,Group 70,Resolver 13,False,False,Do Not Notify,?,?,?,?,code 6,Resolved by 11,,2016-04-04 14:59:00,True,True,False,True,True,False,,False,False
INC0013094,Closed,False,0,0,1,True,Caller 3794,Opened by  500,2016-03-30 14:32:00,?,,Updated by 908,2016-04-04 14:59:00,Phone,Location 93,Category 20,Subcategory 103,Symptom 387,?,2 - Medium,2 - Medium,3 - Moderate,Group 70,Resolver 232,False,False,Do Not Notify,?,?,?,?,code 9,Resolved by 211,,2016-04-04 14:59:00,True,True,False,True,True,False,,False,False
INC0013099,Closed,False,0,0,1,True,Caller 298,Opened by  62,2016-03-30 14:41:00,?,,Updated by 908,2016-04-04 14:59:00,Phone,Location 143,Category 42,Subcategory 223,?,?,2 - Medium,2 - Medium,3 - Moderate,Group 70,Resolver 33,False,False,Do Not Notify,?,?,?,?,code 6,Resolved by 32,,2016-04-04 14:59:00,True,True,False,True,True,False,,False,False
INC0013103,Closed,False,0,0,1,True,Caller 4860,Opened by  55,2016-03-30 14:43:00,?,,Updated by 908,2016-04-04 14:59:00,Phone,Location 86,Category 32,Subcategory 174,Symptom 491,?,2 - Medium,2 - Medium,3 - Moderate,Group 70,Resolver 28,False,False,Do Not Notify,?,?,?,?,code 6,Resolved by 27,,2016-04-04 14:59:00,True,True,False,True,True,False,,False,False
INC0013105,Closed,False,0,0,1,True,Caller 2630,Opened by  55,2016-03-30 14:49:00,?,,Updated by 908,2016-04-04 15:59:00,Phone,Location 204,Category 32,Subcategory 174,Symptom 491,?,2 - Medium,2 - Medium,3 - Moderate,Group 70,Resolver 28,False,False,Do Not Notify,?,?,?,?,code 6,Resolved by 27,,2016-04-04 15:59:00,True,True,False,True,True,False,,False,False
INC0013106,Closed,False,0,0,1,True,Caller 1262,Opened by  24,2016-03-30 14:50:00,?,,Updated by 908,2016-04-04 14:59:00,Phone,Location 204,Category 42,Subcategory 223,Symptom 65,?,2 - Medium,2 - Medium,3 - Moderate,Group 70,Resolver 17,False,False,Do Not Notify,?,?,?,?,code 6,Resolved by 15,,2016-04-04 14:59:00,True,True,False,True,True,False,,False,False
INC0013108,Closed,False,0,0,1,True,Caller 726,Opened by  386,2016-03-30 14:51:00,?,,Updated by 908,2016-04-04 15:59:00,Phone,Location 99,Category 42,Subcategory 223,?,?,2 - Medium,2 - Medium,3 - Moderate,Group 70,Resolver 186,False,False,Do Not Notify,?,?,?,?,code 7,Resolved by 169,,2016-04-04 15:59:00,True,True,False,True,True,False,,False,False
INC0013110,Closed,False,0,0,1,True,Caller 1262,Opened by  24,2016-03-30 14:52:00,?,,Updated by 908,2016-04-04 14:59:00,Phone,Location 204,Category 20,Subcategory 103,Symptom 387,?,2 - Medium,2 - Medium,3 - Moderate,Group 70,Resolver 17,False,False,Do Not Notify,?,?,?,?,code 6,Resolved by 15,,2016-04-04 14:59:00,True,True,False,True,True,False,,False,False
INC0013115,Closed,False,0,0,1,True,Caller 5197,Opened by  62,2016-03-30 14:55:00,?,,Updated by 908,2016-04-04 15:59:00,Phone,Location 56,Category 42,Subcategory 223,Symptom 534,?,2 - Medium,2 - Medium,3 - Moderate,Group 70,Resolver 33,False,False,Do Not Notify,?,?,?,?,code 6,Resolved by 32,,2016-04-04 15:59:00,True,True,False,True,True,False,,False,False
INC0013132,Closed,False,0,0,1,True,Caller 3308,Opened by  500,2016-03-30 15:12:00,?,,Updated by 908,2016-04-04 15:59:00,Phone,Location 204,Category 42,Subcategory 223,Symptom 534,?,2 - Medium,2 - Medium,3 - Moderate,Group 70,Resolver 232,False,False,Do Not Notify,?,?,?,?,code 9,Resolved by 211,,2016-04-04 15:59:00,True,True,False,True,True,False,,False,False
INC0013133,Closed,False,0,0,1,True,Caller 3306,Opened by  108,2016-03-30 15:13:00,?,,Updated by 908,2016-04-04 15:59:00,Phone,Location 96,Category 20,Subcategory 174,Symptom 491,?,2 - Medium,2 - Medium,3 - Moderate,Group 70,Resolver 56,False,False,Do Not Notify,?,?,?,?,code 6,Resolved by 52,,2016-04-04 15:59:00,True,True,False,True,True,False,,False,False
INC0013134,Closed,False,0,0,1,True,Caller 3330,Opened by  17,2016-03-30 15:14:00,?,,Updated by 908,2016-04-04 15:59:00,Phone,Location 47,Category 53,Subcategory 303,?,?,2 - Medium,2 - Medium,3 - Moderate,Group 70,Resolver 13,False,False,Do Not Notify,?,?,?,?,code 6,Resolved by 11,,2016-04-04 15:59:00,True,True,False,True,True,False,,False,False
INC0013138,Closed,False,0,0,1,True,Caller 313,Opened by  500,2016-03-30 15:15:00,?,,Updated by 908,2016-04-04 16:59:00,Phone,Location 51,Category 42,Subcategory 223,Symptom 534,?,2 - Medium,2 - Medium,3 - Moderate,Group 70,Resolver 232,False,False,Do Not Notify,?,?,?,?,code 9,Resolved by 211,,2016-04-04 16:59:00,True,True,False,True,True,False,,False,False
INC0013160,Closed,False,0,0,1,True,Caller 4064,Opened by  55,2016-03-30 15:36:00,?,,Updated by 908,2016-04-04 15:59:00,Phone,Location 128,Category 32,Subcategory 174,Symptom 491,?,2 - Medium,2 - Medium,3 - Moderate,Group 70,Resolver 28,False,False,Do Not Notify,?,?,?,?,code 6,Resolved by 27,,2016-04-04 15:59:00,True,True,False,True,True,False,,False,False
INC0013174,Closed,False,0,0,1,False,Caller 608,?,2016-03-30 15:44:00,?,,Updated by 908,2016-05-23 11:07:00,Phone,Location 204,Category 26,Subcategory 175,?,?,2 - Medium,2 - Medium,3 - Moderate,Group 70,Resolver 57,False,False,Do Not Notify,?,?,?,?,code 7,?,,2016-05-23 11:07:00,True,True,False,True,True,False,,False,False
INC0013175,Closed,False,0,0,1,True,Caller 3077,Opened by  17,2016-03-30 15:45:00,?,,Updated by 908,2016-04-04 15:59:00,Phone,Location 143,Category 37,Subcategory 135,Symptom 127,?,2 - Medium,2 - Medium,3 - Moderate,Group 70,Resolver 13,False,False,Do Not Notify,?,?,?,?,code 6,Resolved by 11,,2016-04-04 15:59:00,True,True,False,True,True,False,,False,False
INC0013209,Closed,False,0,0,1,True,Caller 2936,Opened by  17,2016-03-30 16:17:00,?,,Updated by 908,2016-04-04 16:59:00,Phone,Location 42,Category 37,Subcategory 135,Symptom 87,?,2 - Medium,2 - Medium,3 - Moderate,Group 70,Resolver 13,False,False,Do Not Notify,?,?,?,?,code 6,Resolved by 11,,2016-04-04 16:59:00,True,True,False,True,True,False,,False,False
INC0013216,Closed,False,0,0,1,True,Caller 4610,Opened by  55,2016-03-30 16:29:00,?,,Updated by 908,2016-04-04 16:59:00,Phone,Location 143,Category 53,Subcategory 174,?,?,2 - Medium,2 - Medium,3 - Moderate,Group 70,Resolver 28,False,False,Do Not Notify,?,?,?,?,code 6,Resolved by 27,,2016-04-04 16:59:00,True,True,False,True,True,False,,False,False
INC0013223,Closed,False,0,0,1,True,Caller 4725,Opened by  17,2016-03-30 16:39:00,?,,Updated by 908,2016-04-04 16:59:00,Phone,Location 161,Category 42,Subcategory 223,Symptom 534,?,2 - Medium,2 - Medium,3 - Moderate,Group 70,Resolver 13,False,False,Do Not Notify,?,?,?,?,code 6,Resolved by 11,,2016-04-04 16:59:00,True,True,False,True,True,False,,False,False
INC0013246,Closed,False,0,0,1,True,Caller 671,Opened by  240,2016-03-30 17:09:00,?,,Updated by 908,2016-04-04 17:59:00,Phone,Location 108,Category 26,Subcategory 175,Symptom 491,?,2 - Medium,2 - Medium,3 - Moderate,Group 70,Resolver 127,False,False,Do Not Notify,?,?,?,?,code 7,Resolved by 115,,2016-04-04 17:59:00,True,True,False,True,True,False,,False,False
INC0013275,Closed,False,0,0,1,True,Caller 5635,Opened by  58,2016-03-30 20:14:00,?,,Updated by 908,2016-04-04 20:59:00,Phone,Location 91,Category 46,Subcategory 174,Symptom 491,?,2 - Medium,2 - Medium,3 - Moderate,Group 70,Resolver 126,False,False,Do Not Notify,?,?,?,?,code 6,Resolved by 29,,2016-04-04 20:59:00,True,True,False,True,True,False,,False,False
INC0013276,Closed,False,0,0,1,True,Caller 2989,Opened by  58,2016-03-30 21:13:00,?,,Updated by 908,2016-04-04 21:59:00,Phone,Location 204,Category 20,Subcategory 125,Symptom 491,?,2 - Medium,2 - Medium,3 - Moderate,Group 70,Resolver 30,False,False,Do Not Notify,?,?,?,?,code 6,Resolved by 29,,2016-04-04 21:59:00,True,True,False,True,True,False,,False,False
INC0013277,Closed,False,0,0,1,True,Caller 5305,Opened by  305,2016-03-30 22:00:00,?,,Updated by 908,2016-04-04 22:59:00,Phone,Location 161,Category 46,Subcategory 223,?,?,2 - Medium,2 - Medium,3 - Moderate,Group 70,Resolver 150,False,False,Do Not Notify,?,?,?,?,code 10,Resolved by 134,,2016-04-04 22:59:00,True,True,False,True,True,False,,False,False
INC0013284,Closed,False,0,0,1,True,Caller 598,Opened by  397,2016-03-31 00:43:00,?,,Updated by 908,2016-04-05 00:59:00,Phone,Location 204,Category 26,Subcategory 175,?,?,2 - Medium,2 - Medium,3 - Moderate,Group 70,Resolver 191,False,False,Do Not Notify,?,?,?,?,code 6,Resolved by 174,,2016-04-05 00:59:00,True,True,False,True,True,False,,False,False
INC0013299,Closed,False,0,0,1,True,Caller 452,Opened by  17,2016-03-31 06:52:00,?,,Updated by 908,2016-04-05 06:59:00,Phone,Location 42,Category 37,Subcategory 174,Symptom 491,?,2 - Medium,2 - Medium,3 - Moderate,Group 70,Resolver 13,False,False,Do Not Notify,?,?,?,?,code 6,Resolved by 11,,2016-04-05 06:59:00,True,True,False,True,True,False,,False,False
INC0013305,Closed,False,0,0,1,True,Caller 4311,Opened by  17,2016-03-31 07:21:00,?,,Updated by 908,2016-04-05 07:59:00,Phone,Location 204,Category 40,Subcategory 44,Symptom 491,?,2 - Medium,2 - Medium,3 - Moderate,Group 70,Resolver 13,False,False,Do Not Notify,?,?,?,?,code 6,Resolved by 11,,2016-04-05 07:59:00,True,True,False,True,True,False,,False,False
INC0013311,Closed,False,0,0,1,True,Caller 3509,Opened by  17,2016-03-31 07:44:00,?,,Updated by 908,2016-04-05 08:59:00,Phone,Location 204,Category 26,Subcategory 175,Symptom 116,?,2 - Medium,2 - Medium,3 - Moderate,Group 70,Resolver 13,False,False,Do Not Notify,?,?,?,?,code 6,Resolved by 11,,2016-04-05 08:59:00,True,True,False,True,True,False,,False,False
INC0013320,Closed,False,0,0,1,True,Caller 1811,Opened by  17,2016-03-31 08:23:00,?,,Updated by 908,2016-04-05 08:59:00,Phone,Location 172,Category 20,Subcategory 174,Symptom 491,?,2 - Medium,2 - Medium,3 - Moderate,Group 70,Resolver 13,False,False,Do Not Notify,?,?,?,?,code 1,Resolved by 11,,2016-04-05 08:59:00,True,True,False,True,True,False,,False,False
INC0013322,Closed,False,0,0,1,True,Caller 1032,Opened by  40,2016-03-31 08:26:00,?,,Updated by 908,2016-04-05 08:59:00,Phone,Location 33,Category 32,Subcategory 9,Symptom 491,?,2 - Medium,2 - Medium,3 - Moderate,Group 70,Resolver 23,False,False,Do Not Notify,?,?,?,?,code 7,Resolved by 21,,2016-04-05 08:59:00,True,True,False,True,True,False,,False,False
INC0013335,Closed,False,0,0,1,True,Caller 78,Opened by  17,2016-03-31 08:37:00,?,,Updated by 908,2016-04-05 08:59:00,Phone,Location 51,Category 42,Subcategory 223,Symptom 534,?,2 - Medium,2 - Medium,3 - Moderate,Group 70,Resolver 13,False,False,Do Not Notify,?,?,?,?,code 6,Resolved by 11,,2016-04-05 08:59:00,True,True,False,True,True,False,,False,False
INC0013336,Closed,False,0,0,1,True,Caller 889,Opened by  40,2016-03-31 08:38:00,?,,Updated by 908,2016-04-05 08:59:00,Phone,Location 34,Category 32,Subcategory 9,Symptom 491,?,2 - Medium,2 - Medium,3 - Moderate,Group 70,Resolver 23,False,False,Do Not Notify,?,?,?,?,code 6,Resolved by 21,,2016-04-05 08:59:00,True,True,False,True,True,False,,False,False
INC0013339,Closed,False,0,0,1,True,Caller 2489,Opened by  17,2016-03-31 08:39:00,?,,Updated by 908,2016-04-05 08:59:00,Phone,Location 34,Category 42,Subcategory 223,Symptom 534,?,2 - Medium,2 - Medium,3 - Moderate,Group 70,Resolver 94,False,False,Do Not Notify,?,?,?,?,code 6,Resolved by 11,,2016-04-05 08:59:00,True,True,False,True,True,False,,False,False
INC0013349,Closed,False,0,0,1,True,Caller 1979,Opened by  24,2016-03-31 08:48:00,?,,Updated by 908,2016-04-05 09:59:00,Phone,Location 229,Category 26,Subcategory 175,Symptom 491,?,2 - Medium,2 - Medium,3 - Moderate,Group 70,Resolver 17,False,False,Do Not Notify,?,?,?,?,code 7,Resolved by 15,,2016-04-05 09:59:00,True,True,False,True,True,False,,False,False
INC0013352,Closed,False,0,0,1,True,Caller 5124,Opened by  17,2016-03-31 08:49:00,?,,Updated by 908,2016-04-05 08:59:00,Phone,Location 161,Category 20,Subcategory 174,Symptom 491,?,2 - Medium,2 - Medium,3 - Moderate,Group 70,Resolver 13,False,False,Do Not Notify,?,?,?,?,code 6,Resolved by 11,,2016-04-05 08:59:00,True,True,False,True,True,False,,False,False
INC0013353,Closed,False,0,0,1,True,Caller 986,Opened by  501,2016-03-31 08:51:00,?,,Updated by 908,2016-04-05 09:59:00,Phone,Location 66,Category 37,Subcategory 135,Symptom 127,?,2 - Medium,2 - Medium,3 - Moderate,Group 70,Resolver 233,False,False,Do Not Notify,?,?,?,?,code 6,Resolved by 212,,2016-04-05 09:59:00,True,True,False,True,True,False,,False,False
INC0013355,Closed,False,0,0,1,True,Caller 3160,Opened by  24,2016-03-31 08:53:00,?,,Updated by 908,2016-04-05 09:59:00,Phone,Location 204,Category 42,Subcategory 223,Symptom 534,?,2 - Medium,2 - Medium,3 - Moderate,Group 70,Resolver 17,False,False,Do Not Notify,?,?,?,?,code 6,Resolved by 15,,2016-04-05 09:59:00,True,True,False,True,True,False,,False,False
INC0013371,Closed,False,0,0,1,True,Caller 3601,Opened by  17,2016-03-31 09:05:00,?,,Updated by 908,2016-04-05 09:59:00,Phone,Location 204,Category 37,Subcategory 135,?,?,2 - Medium,2 - Medium,3 - Moderate,Group 70,Resolver 13,False,False,Do Not Notify,?,?,?,?,code 9,Resolved by 11,,2016-04-05 09:59:00,True,True,False,True,True,False,,False,False
INC0013373,Closed,False,0,0,1,True,Caller 2745,Opened by  24,2016-03-31 09:05:00,?,,Updated by 908,2016-04-05 09:59:00,Phone,Location 161,Category 26,Subcategory 174,?,?,2 - Medium,2 - Medium,3 - Moderate,Group 70,Resolver 17,False,False,Do Not Notify,?,?,?,?,code 6,Resolved by 15,,2016-04-05 09:59:00,True,True,False,True,True,False,,False,False
INC0013381,Closed,False,0,0,1,True,Caller 3601,Opened by  17,2016-03-31 09:12:00,?,,Updated by 908,2016-04-05 09:59:00,Phone,Location 204,Category 20,Subcategory 174,?,?,2 - Medium,2 - Medium,3 - Moderate,Group 70,Resolver 13,False,False,Do Not Notify,?,?,?,?,code 9,Resolved by 11,,2016-04-05 09:59:00,True,True,False,True,True,False,,False,False
INC0013383,Closed,False,0,0,1,True,Caller 4361,Opened by  17,2016-03-31 09:15:00,?,,Updated by 908,2016-04-05 09:59:00,Phone,Location 204,Category 20,Subcategory 174,Symptom 491,?,2 - Medium,2 - Medium,3 - Moderate,Group 70,Resolver 13,False,False,Do Not Notify,?,?,?,?,code 6,Resolved by 11,,2016-04-05 09:59:00,True,True,False,True,True,False,,False,False
INC0013386,Closed,False,0,0,1,True,Caller 480,Opened by  501,2016-03-31 09:21:00,?,,Updated by 908,2016-04-05 09:59:00,Phone,Location 56,Category 35,Subcategory 28,?,?,2 - Medium,2 - Medium,3 - Moderate,Group 70,Resolver 233,False,False,Do Not Notify,?,?,?,?,code 6,Resolved by 212,,2016-04-05 09:59:00,True,True,False,True,True,False,,False,False
INC0013392,Closed,False,0,0,1,True,Caller 3593,Opened by  24,2016-03-31 09:31:00,?,,Updated by 908,2016-04-05 09:59:00,Phone,Location 143,Category 9,Subcategory 164,Symptom 471,?,2 - Medium,2 - Medium,3 - Moderate,Group 70,Resolver 17,False,False,Do Not Notify,?,?,?,?,code 7,Resolved by 15,,2016-04-05 09:59:00,True,True,False,True,True,False,,False,False
INC0013396,Closed,False,0,0,1,True,Caller 2117,Opened by  17,2016-03-31 09:33:00,?,,Updated by 908,2016-04-05 09:59:00,Phone,Location 229,Category 32,Subcategory 174,?,?,2 - Medium,2 - Medium,3 - Moderate,Group 70,Resolver 13,False,False,Do Not Notify,?,?,?,?,code 9,Resolved by 11,,2016-04-05 09:59:00,True,True,False,True,True,False,,False,False
INC0013397,Closed,False,0,0,1,True,Caller 4888,Opened by  24,2016-03-31 09:35:00,?,,Updated by 908,2016-04-05 10:59:00,Phone,Location 44,Category 42,Subcategory 223,Symptom 491,?,2 - Medium,2 - Medium,3 - Moderate,Group 70,Resolver 17,False,False,Do Not Notify,?,?,?,?,code 6,Resolved by 15,,2016-04-05 10:59:00,True,True,False,True,True,False,,False,False
INC0013401,Closed,False,0,0,1,True,Caller 2616,Opened by  24,2016-03-31 09:38:00,?,,Updated by 908,2016-04-05 09:59:00,Phone,Location 161,Category 26,Subcategory 175,Symptom 491,?,2 - Medium,2 - Medium,3 - Moderate,Group 70,Resolver 17,False,False,Do Not Notify,?,?,?,?,code 7,Resolved by 15,,2016-04-05 09:59:00,True,True,False,True,True,False,,False,False
INC0013411,Closed,False,0,0,1,True,Caller 3566,Opened by  17,2016-03-31 09:49:00,?,,Updated by 908,2016-04-05 09:59:00,Phone,Location 161,Category 32,Subcategory 174,Symptom 491,?,2 - Medium,2 - Medium,3 - Moderate,Group 70,Resolver 13,False,False,Do Not Notify,?,?,?,?,code 6,Resolved by 11,,2016-04-05 09:59:00,True,True,False,True,True,False,,False,False
INC0013427,Closed,False,0,0,1,True,Caller 5228,Opened by  17,2016-03-31 10:07:00,?,,Updated by 908,2016-04-05 10:59:00,Phone,Location 204,Category 37,Subcategory 135,Symptom 127,?,2 - Medium,2 - Medium,3 - Moderate,Group 70,Resolver 13,False,False,Do Not Notify,?,?,?,?,code 7,Resolved by 11,,2016-04-05 10:59:00,True,True,False,True,True,False,,False,False
INC0013435,Closed,False,0,0,1,True,Caller 616,Opened by  17,2016-03-31 10:17:00,?,,Updated by 908,2016-04-05 10:59:00,Phone,Location 161,Category 46,Subcategory 174,Symptom 491,?,2 - Medium,2 - Medium,3 - Moderate,Group 70,Resolver 13,False,False,Do Not Notify,?,?,?,?,code 7,Resolved by 11,,2016-04-05 10:59:00,True,True,False,True,True,False,,False,False
INC0013446,Closed,False,0,0,1,True,Caller 4559,Opened by  17,2016-03-31 10:44:00,?,,Updated by 908,2016-04-05 11:59:00,Phone,Location 143,Category 9,Subcategory 174,?,?,2 - Medium,2 - Medium,3 - Moderate,Group 70,Resolver 13,False,False,Do Not Notify,?,?,?,?,code 9,Resolved by 11,,2016-04-05 11:59:00,True,True,False,True,True,False,,False,False
INC0013463,Closed,False,0,0,1,True,Caller 5134,Opened by  62,2016-03-31 11:11:00,?,,Updated by 908,2016-04-05 11:59:00,Phone,Location 143,Category 42,Subcategory 223,Symptom 534,?,2 - Medium,2 - Medium,3 - Moderate,Group 70,Resolver 33,False,False,Do Not Notify,?,?,?,?,code 9,Resolved by 32,,2016-04-05 11:59:00,True,True,False,True,True,False,,False,False
INC0013466,Closed,False,0,0,1,True,Caller 575,Opened by  62,2016-03-31 11:16:00,?,,Updated by 908,2016-04-05 11:59:00,Phone,Location 143,Category 26,Subcategory 175,?,?,2 - Medium,2 - Medium,3 - Moderate,Group 70,Resolver 33,False,False,Do Not Notify,?,?,?,?,code 6,Resolved by 32,,2016-04-05 11:59:00,True,True,False,True,True,False,,False,False
INC0013472,Closed,False,0,0,1,True,Caller 4747,Opened by  17,2016-03-31 11:24:00,?,,Updated by 908,2016-04-05 11:59:00,Phone,Location 97,Category 42,Subcategory 223,Symptom 534,?,2 - Medium,2 - Medium,3 - Moderate,Group 70,Resolver 13,False,False,Do Not Notify,?,?,?,?,code 7,Resolved by 11,,2016-04-05 11:59:00,True,True,False,True,True,False,,False,False
INC0013482,Closed,False,0,0,1,True,Caller 4158,Opened by  17,2016-03-31 11:36:00,?,,Updated by 908,2016-04-05 11:59:00,Phone,Location 161,Category 20,Subcategory 103,Symptom 387,?,2 - Medium,2 - Medium,3 - Moderate,Group 70,Resolver 13,False,False,Do Not Notify,?,?,?,?,code 6,Resolved by 11,,2016-04-05 11:59:00,True,True,False,True,True,False,,False,False
INC0013484,Closed,False,0,0,1,True,Caller 4377,Opened by  17,2016-03-31 11:37:00,?,,Updated by 908,2016-04-05 11:59:00,Phone,Location 204,Category 32,Subcategory 9,Symptom 491,?,2 - Medium,2 - Medium,3 - Moderate,Group 70,Resolver 13,False,False,Do Not Notify,?,?,?,?,code 7,Resolved by 11,,2016-04-05 11:59:00,True,True,False,True,True,False,,False,False
INC0013488,Closed,False,0,0,1,True,Caller 1317,Opened by  500,2016-03-31 11:47:00,?,,Updated by 908,2016-04-05 12:59:00,Phone,Location 97,Category 42,Subcategory 223,Symptom 534,?,2 - Medium,2 - Medium,3 - Moderate,Group 70,Resolver 232,False,False,Do Not Notify,?,?,?,?,code 9,Resolved by 211,,2016-04-05 12:59:00,True,True,False,True,True,False,,False,False
INC0013491,Closed,False,0,0,1,True,Caller 2239,Opened by  17,2016-03-31 11:51:00,?,,Updated by 908,2016-04-05 11:59:00,Phone,Location 93,Category 42,Subcategory 223,Symptom 534,?,2 - Medium,2 - Medium,3 - Moderate,Group 70,Resolver 13,False,False,Do Not Notify,?,?,?,?,code 7,Resolved by 11,,2016-04-05 11:59:00,True,True,False,True,True,False,,False,False
INC0013493,Closed,False,0,0,1,True,Caller 3948,Opened by  17,2016-03-31 11:56:00,?,,Updated by 908,2016-04-05 12:59:00,Phone,Location 110,Category 26,Subcategory 174,Symptom 491,?,2 - Medium,2 - Medium,3 - Moderate,Group 70,Resolver 13,False,False,Do Not Notify,?,?,?,?,code 7,Resolved by 11,,2016-04-05 12:59:00,True,True,False,True,True,False,,False,False
INC0013496,Closed,False,0,0,1,True,Caller 2926,Opened by  17,2016-03-31 11:58:00,?,,Updated by 908,2016-04-05 12:59:00,Phone,Location 51,Category 42,Subcategory 223,Symptom 534,?,2 - Medium,2 - Medium,3 - Moderate,Group 70,Resolver 13,False,False,Do Not Notify,?,?,?,?,code 7,Resolved by 11,,2016-04-05 12:59:00,True,True,False,True,True,False,,False,False
INC0013514,Closed,False,0,0,1,True,Caller 1771,?,2016-03-31 12:30:00,?,,Updated by 908,2016-04-05 12:59:00,Phone,Location 143,Category 32,Subcategory 174,?,?,2 - Medium,2 - Medium,3 - Moderate,Group 70,Resolver 127,False,False,Do Not Notify,?,?,?,?,code 7,?,,2016-04-05 12:59:00,True,True,False,True,True,False,,False,False
INC0013516,Closed,False,0,0,1,True,Caller 477,Opened by  55,2016-03-31 12:44:00,?,,Updated by 908,2016-04-05 12:59:00,Phone,Location 204,Category 32,Subcategory 174,Symptom 491,?,2 - Medium,2 - Medium,3 - Moderate,Group 70,Resolver 28,False,False,Do Not Notify,?,?,?,?,code 6,Resolved by 27,,2016-04-05 12:59:00,True,True,False,True,True,False,,False,False
INC0013520,Closed,False,0,0,1,True,Caller 4475,Opened by  17,2016-03-31 12:52:00,?,,Updated by 908,2016-04-05 14:59:00,Phone,Location 108,Category 20,Subcategory 103,Symptom 387,?,2 - Medium,2 - Medium,3 - Moderate,Group 70,Resolver 13,False,False,Do Not Notify,?,?,?,?,code 7,Resolved by 11,,2016-04-05 14:59:00,True,True,False,True,True,False,,False,False
INC0013545,Closed,False,0,0,1,True,Caller 3654,Opened by  55,2016-03-31 13:39:00,?,,Updated by 908,2016-04-05 13:59:00,Phone,Location 204,Category 32,Subcategory 174,Symptom 491,?,2 - Medium,2 - Medium,3 - Moderate,Group 70,Resolver 28,False,False,Do Not Notify,?,?,?,?,code 6,Resolved by 27,,2016-04-05 13:59:00,True,True,False,True,True,False,,False,False
INC0013558,Closed,False,0,0,1,True,Caller 2930,Opened by  108,2016-03-31 13:53:00,?,,Updated by 908,2016-04-05 14:59:00,Phone,Location 204,Category 20,Subcategory 174,?,?,2 - Medium,2 - Medium,3 - Moderate,Group 70,Resolver 56,False,False,Do Not Notify,?,?,?,?,code 6,Resolved by 52,,2016-04-05 14:59:00,True,True,False,True,True,False,,False,False
INC0013561,Closed,False,0,0,1,True,Caller 3293,Opened by  62,2016-03-31 14:02:00,?,,Updated by 908,2016-04-05 14:59:00,Phone,Location 46,Category 42,Subcategory 223,Symptom 534,?,2 - Medium,2 - Medium,3 - Moderate,Group 70,Resolver 33,False,False,Do Not Notify,?,?,?,?,code 6,Resolved by 32,,2016-04-05 14:59:00,True,True,False,True,True,False,,False,False
INC0013566,Closed,False,0,0,1,True,Caller 3741,?,2016-03-31 14:12:00,?,,Updated by 908,2016-04-05 14:59:00,Phone,Location 143,Category 32,Subcategory 174,?,?,2 - Medium,2 - Medium,3 - Moderate,Group 70,Resolver 127,False,False,Do Not Notify,?,?,?,?,code 7,?,,2016-04-05 14:59:00,True,True,False,True,True,False,,False,False
INC0013568,Closed,False,0,0,1,True,Caller 2557,Opened by  500,2016-03-31 14:12:00,?,,Updated by 908,2016-04-05 14:59:00,Phone,Location 161,Category 9,Subcategory 164,Symptom 571,?,2 - Medium,2 - Medium,3 - Moderate,Group 70,Resolver 232,False,False,Do Not Notify,?,?,?,?,code 10,Resolved by 211,,2016-04-05 14:59:00,True,True,False,True,True,False,,False,False
INC0013569,Closed,False,0,0,1,True,Caller 5124,Opened by  62,2016-03-31 14:13:00,?,,Updated by 908,2016-04-05 14:59:00,Phone,Location 161,Category 20,Subcategory 174,?,?,2 - Medium,2 - Medium,3 - Moderate,Group 70,Resolver 33,False,False,Do Not Notify,?,?,?,?,code 6,Resolved by 32,,2016-04-05 14:59:00,True,True,False,True,True,False,,False,False
INC0013572,Closed,False,0,0,1,True,Caller 2930,Opened by  108,2016-03-31 14:14:00,?,,Updated by 908,2016-04-05 14:59:00,Phone,Location 204,Category 35,Subcategory 28,Symptom 506,?,2 - Medium,2 - Medium,3 - Moderate,Group 70,Resolver 56,False,False,Do Not Notify,?,?,?,?,code 6,Resolved by 52,,2016-04-05 14:59:00,True,True,False,True,True,False,,False,False
INC0013577,Closed,False,0,0,1,True,Caller 1485,Opened by  301,2016-03-31 14:18:00,?,,Updated by 908,2016-04-05 14:59:00,Phone,Location 143,Category 32,Subcategory 174,Symptom 491,?,2 - Medium,2 - Medium,3 - Moderate,Group 70,Resolver 149,False,False,Do Not Notify,?,?,?,?,code 9,Resolved by 133,,2016-04-05 14:59:00,True,True,False,True,True,False,,False,False
INC0013579,Closed,False,0,0,1,True,Caller 1945,Opened by  17,2016-03-31 14:26:00,?,,Updated by 908,2016-04-05 14:59:00,Phone,Location 93,Category 42,Subcategory 223,Symptom 534,?,2 - Medium,2 - Medium,3 - Moderate,Group 70,Resolver 13,False,False,Do Not Notify,?,?,?,?,code 6,Resolved by 11,,2016-04-05 14:59:00,True,True,False,True,True,False,,False,False
INC0013594,Closed,False,0,0,1,True,Caller 561,Opened by  17,2016-03-31 14:43:00,?,,Updated by 908,2016-04-05 15:59:00,Phone,Location 39,Category 42,Subcategory 223,Symptom 534,?,2 - Medium,2 - Medium,3 - Moderate,Group 70,Resolver 13,False,False,Do Not Notify,?,?,?,?,code 6,Resolved by 11,,2016-04-05 15:59:00,True,True,False,True,True,False,,False,False
INC0013602,Closed,False,0,0,1,True,Caller 3423,Opened by  301,2016-03-31 14:59:00,?,,Updated by 908,2016-04-05 15:59:00,Phone,Location 143,Category 32,Subcategory 174,Symptom 491,?,2 - Medium,2 - Medium,3 - Moderate,Group 70,Resolver 149,False,False,Do Not Notify,?,?,?,?,code 9,Resolved by 133,,2016-04-05 15:59:00,True,True,False,True,True,False,,False,False
INC0013607,Closed,False,0,0,1,True,Caller 2557,Opened by  17,2016-03-31 15:04:00,?,,Updated by 908,2016-04-05 15:59:00,Phone,Location 161,Category 20,Subcategory 125,Symptom 491,?,2 - Medium,2 - Medium,3 - Moderate,Group 70,Resolver 13,False,False,Do Not Notify,?,?,?,?,code 6,Resolved by 11,,2016-04-05 15:59:00,True,True,False,True,True,False,,False,False
INC0013617,Closed,False,0,0,1,True,Caller 4926,Opened by  17,2016-03-31 15:11:00,?,,Updated by 908,2016-04-05 15:59:00,Phone,Location 204,Category 20,Subcategory 125,Symptom 491,?,2 - Medium,2 - Medium,3 - Moderate,Group 70,Resolver 13,False,False,Do Not Notify,?,?,?,?,code 6,Resolved by 11,,2016-04-05 15:59:00,True,True,False,True,True,False,,False,False
INC0013621,Closed,False,0,0,1,True,Caller 3437,Opened by  55,2016-03-31 15:15:00,?,,Updated by 908,2016-04-05 15:59:00,Phone,Location 136,Category 42,Subcategory 223,?,?,2 - Medium,2 - Medium,3 - Moderate,Group 70,Resolver 28,False,False,Do Not Notify,?,?,?,?,code 6,Resolved by 27,,2016-04-05 15:59:00,True,True,False,True,True,False,,False,False
INC0013629,Closed,False,0,0,1,True,Caller 536,?,2016-03-31 15:26:00,?,,Updated by 908,2016-04-05 15:59:00,Phone,Location 204,Category 42,Subcategory 174,Symptom 491,?,2 - Medium,2 - Medium,3 - Moderate,Group 70,Resolver 17,False,False,Do Not Notify,?,?,?,?,code 7,?,,2016-04-05 15:59:00,True,True,False,True,True,False,,False,False
INC0013635,Closed,False,0,0,1,True,Caller 2550,Opened by  17,2016-03-31 15:34:00,?,,Updated by 908,2016-04-05 15:59:00,Phone,Location 93,Category 42,Subcategory 223,Symptom 534,?,2 - Medium,2 - Medium,3 - Moderate,Group 70,Resolver 13,False,False,Do Not Notify,?,?,?,?,code 6,Resolved by 11,,2016-04-05 15:59:00,True,True,False,True,True,False,,False,False
INC0013638,Closed,False,0,0,1,True,Caller 2737,Opened by  500,2016-03-31 15:34:00,?,,Updated by 908,2016-04-05 16:59:00,Phone,Location 51,Category 42,Subcategory 223,Symptom 534,?,2 - Medium,2 - Medium,3 - Moderate,Group 70,Resolver 232,False,False,Do Not Notify,?,?,?,?,code 9,Resolved by 211,,2016-04-05 16:59:00,True,True,False,True,True,False,,False,False
INC0013659,Closed,False,0,0,1,True,Caller 2284,Opened by  17,2016-03-31 15:57:00,?,,Updated by 908,2016-04-05 16:59:00,Phone,Location 93,Category 42,Subcategory 223,Symptom 534,?,2 - Medium,2 - Medium,3 - Moderate,Group 70,Resolver 13,False,False,Do Not Notify,?,?,?,?,code 6,Resolved by 11,,2016-04-05 16:59:00,True,True,False,True,True,False,,False,False
INC0013674,Closed,False,0,0,1,False,Caller 2341,Opened by  17,2016-03-31 16:32:00,?,,Updated by 908,2016-05-23 11:07:00,Phone,Location 21,Category 53,Subcategory 114,Symptom 296,?,2 - Medium,2 - Medium,3 - Moderate,Group 66,Resolver 13,False,False,Do Not Notify,?,?,?,?,code 6,Resolved by 11,,2016-05-23 11:07:00,True,True,False,True,True,False,,False,False
INC0013689,Closed,False,0,0,1,True,Caller 1240,Opened by  500,2016-03-31 16:57:00,?,,Updated by 908,2016-04-05 18:59:00,Phone,Location 108,Category 20,Subcategory 103,Symptom 387,?,2 - Medium,2 - Medium,3 - Moderate,Group 70,Resolver 232,False,False,Do Not Notify,?,?,?,?,code 9,Resolved by 211,,2016-04-05 18:59:00,True,True,False,True,True,False,,False,False
INC0013704,Closed,False,0,0,1,True,Caller 2269,Opened by  17,2016-03-31 17:17:00,?,,Updated by 908,2016-04-05 17:59:00,Phone,Location 36,Category 37,Subcategory 123,Symptom 127,?,2 - Medium,2 - Medium,3 - Moderate,Group 70,Resolver 13,False,False,Do Not Notify,?,?,?,?,code 6,Resolved by 11,,2016-04-05 17:59:00,True,True,False,True,True,False,,False,False
INC0013706,Closed,False,0,0,1,True,Caller 1790,Opened by  500,2016-03-31 17:19:00,?,,Updated by 908,2016-04-05 18:59:00,Phone,Location 204,Category 26,Subcategory 174,Symptom 491,?,2 - Medium,2 - Medium,3 - Moderate,Group 70,Resolver 232,False,False,Do Not Notify,?,?,?,?,code 9,Resolved by 211,,2016-04-05 18:59:00,True,True,False,True,True,False,,False,False
INC0013712,Closed,False,0,0,1,True,Caller 4620,Opened by  386,2016-03-31 17:25:00,?,,Updated by 908,2016-04-05 18:59:00,Phone,Location 93,Category 42,Subcategory 223,Symptom 534,?,2 - Medium,2 - Medium,3 - Moderate,Group 70,Resolver 186,False,False,Do Not Notify,?,?,?,?,code 7,Resolved by 169,,2016-04-05 18:59:00,True,True,False,True,True,False,,False,False
INC0013721,Closed,False,0,0,1,True,Caller 1030,Opened by  305,2016-03-31 17:59:00,?,,Updated by 908,2016-04-05 18:59:00,Phone,Location 204,Category 20,Subcategory 125,?,?,2 - Medium,2 - Medium,3 - Moderate,Group 70,Resolver 150,False,False,Do Not Notify,?,?,?,?,code 7,Resolved by 134,,2016-04-05 18:59:00,True,True,False,True,True,False,,False,False
INC0013724,Closed,False,0,0,1,True,Caller 4001,Opened by  58,2016-03-31 18:21:00,?,,Updated by 908,2016-04-05 19:59:00,Phone,Location 93,Category 26,Subcategory 175,Symptom 116,?,2 - Medium,2 - Medium,3 - Moderate,Group 70,Resolver 30,False,False,Do Not Notify,?,?,?,?,code 6,Resolved by 29,,2016-04-05 19:59:00,True,True,False,True,True,False,,False,False
INC0013725,Closed,False,0,0,1,True,Caller 4725,Opened by  17,2016-03-31 18:27:00,?,,Updated by 908,2016-04-05 18:59:00,Phone,Location 161,Category 42,Subcategory 223,Symptom 491,?,2 - Medium,2 - Medium,3 - Moderate,Group 70,Resolver 13,False,False,Do Not Notify,?,?,?,?,code 6,Resolved by 11,,2016-04-05 18:59:00,True,True,False,True,True,False,,False,False
INC0013729,Closed,False,0,0,1,True,Caller 2201,Opened by  305,2016-03-31 19:00:00,?,,Updated by 908,2016-04-05 19:59:00,Phone,Location 161,Category 20,Subcategory 125,?,?,2 - Medium,2 - Medium,3 - Moderate,Group 70,Resolver 150,False,False,Do Not Notify,?,?,?,?,code 7,Resolved by 134,,2016-04-05 19:59:00,True,True,False,True,True,False,,False,False
INC0013733,Closed,False,0,0,1,True,Caller 3308,Opened by  47,2016-03-31 19:34:00,?,,Updated by 908,2016-04-05 19:59:00,Phone,Location 204,Category 32,Subcategory 174,?,?,2 - Medium,2 - Medium,3 - Moderate,Group 70,Resolver 26,False,False,Do Not Notify,?,?,?,?,code 6,Resolved by 24,,2016-04-05 19:59:00,True,True,False,True,True,False,,False,False
INC0013734,Closed,False,0,0,1,True,Caller 5425,Opened by  58,2016-03-31 19:34:00,?,,Updated by 908,2016-04-05 19:59:00,Phone,Location 108,Category 43,Subcategory 174,Symptom 491,?,2 - Medium,2 - Medium,3 - Moderate,Group 70,Resolver 30,False,False,Do Not Notify,?,?,?,?,code 6,Resolved by 29,,2016-04-05 19:59:00,True,True,False,True,True,False,,False,False
INC0013739,Closed,False,0,0,1,True,Caller 5465,Opened by  305,2016-03-31 21:08:00,?,,Updated by 908,2016-04-05 21:59:00,Phone,Location 204,Category 20,Subcategory 125,?,?,2 - Medium,2 - Medium,3 - Moderate,Group 70,Resolver 150,False,False,Do Not Notify,?,?,?,?,code 7,Resolved by 134,,2016-04-05 21:59:00,True,True,False,True,True,False,,False,False
INC0013743,Closed,False,0,0,1,True,Caller 203,Opened by  305,2016-03-31 21:39:00,?,,Updated by 908,2016-04-05 21:59:00,Phone,Location 108,Category 42,Subcategory 223,?,?,2 - Medium,2 - Medium,3 - Moderate,Group 70,Resolver 150,False,False,Do Not Notify,?,?,?,?,code 7,Resolved by 134,,2016-04-05 21:59:00,True,True,False,True,True,False,,False,False
INC0013745,Closed,False,0,0,1,True,Caller 203,Opened by  305,2016-03-31 21:44:00,?,,Updated by 908,2016-04-05 21:59:00,Phone,Location 108,Category 42,Subcategory 223,?,?,2 - Medium,2 - Medium,3 - Moderate,Group 70,Resolver 150,False,False,Do Not Notify,?,?,?,?,code 7,Resolved by 134,,2016-04-05 21:59:00,True,True,False,True,True,False,,False,False
INC0013749,Closed,False,0,0,1,True,Caller 725,Opened by  58,2016-03-31 22:45:00,?,,Updated by 908,2016-04-05 22:59:00,Phone,Location 179,Category 26,Subcategory 175,Symptom 116,?,2 - Medium,2 - Medium,3 - Moderate,Group 70,Resolver 30,False,False,Do Not Notify,?,?,?,?,code 6,Resolved by 29,,2016-04-05 22:59:00,True,True,False,True,True,False,,False,False
INC0013752,Closed,False,0,0,1,True,Caller 3962,Opened by  305,2016-03-31 23:47:00,?,,Updated by 908,2016-04-05 23:59:00,Phone,Location 173,Category 42,Subcategory 174,?,?,2 - Medium,2 - Medium,3 - Moderate,Group 70,Resolver 150,False,False,Do Not Notify,?,?,?,?,code 7,Resolved by 134,,2016-04-05 23:59:00,True,True,False,True,True,False,,False,False
INC0013768,Closed,False,0,0,1,True,Caller 4436,Opened by  397,2016-04-01 01:11:00,?,,Updated by 908,2016-04-06 01:59:00,Phone,Location 161,Category 42,Subcategory 174,?,?,2 - Medium,2 - Medium,3 - Moderate,Group 70,Resolver 191,False,False,Do Not Notify,?,?,?,?,code 7,Resolved by 174,,2016-04-06 01:59:00,True,True,False,True,True,False,,False,False
INC0013775,Closed,False,0,0,1,True,Caller 1823,Opened by  397,2016-04-01 03:18:00,?,,Updated by 908,2016-04-06 03:59:00,Phone,Location 161,Category 32,Subcategory 9,?,?,2 - Medium,2 - Medium,3 - Moderate,Group 70,Resolver 191,False,False,Do Not Notify,?,?,?,?,code 6,Resolved by 174,,2016-04-06 03:59:00,True,True,False,True,True,False,,False,False
INC0013781,Closed,False,0,0,1,True,Caller 483,Opened by  17,2016-04-01 06:32:00,?,,Updated by 908,2016-04-06 06:59:00,Phone,Location 143,Category 32,Subcategory 174,Symptom 491,?,2 - Medium,2 - Medium,3 - Moderate,Group 70,Resolver 13,False,False,Do Not Notify,?,?,?,?,code 6,Resolved by 11,,2016-04-06 06:59:00,True,True,False,True,True,False,,False,False
INC0013783,Closed,False,0,0,1,True,Caller 354,Opened by  17,2016-04-01 06:44:00,?,,Updated by 908,2016-04-06 06:59:00,Phone,Location 143,Category 28,Subcategory 174,Symptom 491,?,2 - Medium,2 - Medium,3 - Moderate,Group 70,Resolver 13,False,False,Do Not Notify,?,?,?,?,code 6,Resolved by 11,,2016-04-06 06:59:00,True,True,False,True,True,False,,False,False
INC0013790,Closed,False,0,0,1,True,Caller 2826,Opened by  17,2016-04-01 07:13:00,?,,Updated by 908,2016-04-06 07:59:00,Phone,Location 204,Category 42,Subcategory 223,Symptom 534,?,2 - Medium,2 - Medium,3 - Moderate,Group 70,Resolver 94,False,False,Do Not Notify,?,?,?,?,code 6,Resolved by 11,,2016-04-06 07:59:00,True,True,False,True,True,False,,False,False
INC0013806,Closed,False,0,0,1,True,Caller 2188,Opened by  17,2016-04-01 08:02:00,?,,Updated by 908,2016-04-06 08:59:00,Phone,Location 204,Category 42,Subcategory 223,Symptom 534,?,2 - Medium,2 - Medium,3 - Moderate,Group 70,Resolver 13,False,False,Do Not Notify,?,?,?,?,code 9,Resolved by 11,,2016-04-06 08:59:00,True,True,False,True,True,False,,False,False
INC0013810,Closed,False,0,0,1,True,Caller 3382,Opened by  17,2016-04-01 08:11:00,?,,Updated by 908,2016-04-06 08:59:00,Phone,Location 143,Category 26,Subcategory 174,?,?,2 - Medium,2 - Medium,3 - Moderate,Group 70,Resolver 13,False,False,Do Not Notify,?,?,?,?,code 9,Resolved by 11,,2016-04-06 08:59:00,True,True,False,True,True,False,,False,False
INC0013815,Closed,False,0,0,1,True,Caller 2768,Opened by  17,2016-04-01 08:15:00,?,,Updated by 908,2016-04-06 08:59:00,Phone,Location 143,Category 42,Subcategory 223,Symptom 534,?,2 - Medium,2 - Medium,3 - Moderate,Group 70,Resolver 13,False,False,Do Not Notify,?,?,?,?,code 7,Resolved by 11,,2016-04-06 08:59:00,True,True,False,True,True,False,,False,False
INC0013819,Closed,False,0,0,1,True,Caller 4421,Opened by  24,2016-04-01 08:25:00,?,,Updated by 908,2016-04-06 08:59:00,Phone,Location 108,Category 9,Subcategory 164,Symptom 471,?,2 - Medium,2 - Medium,3 - Moderate,Group 70,Resolver 17,False,False,Do Not Notify,?,?,?,?,code 7,Resolved by 15,,2016-04-06 08:59:00,True,True,False,True,True,False,,False,False
INC0013821,Closed,False,0,0,1,True,Caller 3445,Opened by  17,2016-04-01 08:26:00,?,,Updated by 908,2016-04-06 08:59:00,Phone,Location 204,Category 42,Subcategory 223,Symptom 534,?,2 - Medium,2 - Medium,3 - Moderate,Group 70,Resolver 13,False,False,Do Not Notify,?,?,?,?,code 6,Resolved by 11,,2016-04-06 08:59:00,True,True,False,True,True,False,,False,False
INC0013827,Closed,False,0,0,1,True,Caller 5469,Opened by  17,2016-04-01 08:35:00,?,,Updated by 908,2016-04-06 09:59:00,Phone,Location 108,Category 26,Subcategory 174,Symptom 491,?,2 - Medium,2 - Medium,3 - Moderate,Group 70,Resolver 13,False,False,Do Not Notify,?,?,?,?,code 9,Resolved by 11,,2016-04-06 09:59:00,True,True,False,True,True,False,,False,False
INC0013828,Closed,False,0,0,1,True,Caller 5434,Opened by  17,2016-04-01 08:36:00,?,,Updated by 908,2016-04-06 08:59:00,Phone,Location 204,Category 40,Subcategory 44,Symptom 491,?,2 - Medium,2 - Medium,3 - Moderate,Group 70,Resolver 13,False,False,Do Not Notify,?,?,?,?,code 6,Resolved by 11,,2016-04-06 08:59:00,True,True,False,True,True,False,,False,False
INC0013829,Closed,False,0,0,1,True,Caller 4745,Opened by  24,2016-04-01 08:36:00,?,,Updated by 908,2016-04-06 08:59:00,Phone,Location 143,Category 42,Subcategory 223,Symptom 534,?,2 - Medium,2 - Medium,3 - Moderate,Group 70,Resolver 17,False,False,Do Not Notify,?,?,?,?,code 6,Resolved by 15,,2016-04-06 08:59:00,True,True,False,True,True,False,,False,False
INC0013839,Closed,False,0,0,1,True,Caller 5304,Opened by  17,2016-04-01 08:42:00,?,,Updated by 908,2016-04-06 08:59:00,Phone,Location 108,Category 42,Subcategory 223,Symptom 534,?,2 - Medium,2 - Medium,3 - Moderate,Group 70,Resolver 13,False,False,Do Not Notify,?,?,?,?,code 7,Resolved by 11,,2016-04-06 08:59:00,True,True,False,True,True,False,,False,False
INC0013841,Closed,False,0,0,1,True,Caller 3576,?,2016-04-01 08:44:00,?,,Updated by 908,2016-04-06 08:59:00,Phone,Location 51,Category 32,Subcategory 174,Symptom 491,?,2 - Medium,2 - Medium,3 - Moderate,Group 70,Resolver 17,False,False,Do Not Notify,?,?,?,?,code 7,?,,2016-04-06 08:59:00,True,True,False,True,True,False,,False,False
INC0013844,Closed,False,0,0,1,True,Caller 2072,?,2016-04-01 08:49:00,?,,Updated by 908,2016-04-06 08:59:00,Phone,Location 204,Category 32,Subcategory 174,Symptom 491,?,2 - Medium,2 - Medium,3 - Moderate,Group 70,Resolver 17,False,False,Do Not Notify,?,?,?,?,code 7,?,,2016-04-06 08:59:00,True,True,False,True,True,False,,False,False
INC0013846,Closed,False,0,0,1,True,Caller 1628,Opened by  17,2016-04-01 08:51:00,?,,Updated by 908,2016-04-06 08:59:00,Phone,Location 143,Category 42,Subcategory 223,Symptom 534,?,2 - Medium,2 - Medium,3 - Moderate,Group 70,Resolver 13,False,False,Do Not Notify,?,?,?,?,code 6,Resolved by 11,,2016-04-06 08:59:00,True,True,False,True,True,False,,False,False
INC0013855,Closed,False,0,0,1,True,Caller 2457,Opened by  24,2016-04-01 09:01:00,?,,Updated by 908,2016-04-06 09:59:00,Phone,Location 242,Category 26,Subcategory 174,Symptom 491,?,2 - Medium,2 - Medium,3 - Moderate,Group 70,Resolver 17,False,False,Do Not Notify,?,?,?,?,code 6,Resolved by 15,,2016-04-06 09:59:00,True,True,False,True,True,False,,False,False
INC0013857,Closed,False,0,0,1,True,Caller 3747,?,2016-04-01 09:02:00,?,,Updated by 908,2016-04-06 09:59:00,Phone,Location 204,Category 32,Subcategory 174,?,?,2 - Medium,2 - Medium,3 - Moderate,Group 70,Resolver 127,False,False,Do Not Notify,?,?,?,?,code 7,?,,2016-04-06 09:59:00,True,True,False,True,True,False,,False,False
INC0013859,Closed,False,0,0,1,True,Caller 984,Opened by  17,2016-04-01 09:02:00,?,,Updated by 908,2016-04-06 09:59:00,Phone,Location 93,Category 42,Subcategory 223,Symptom 534,?,2 - Medium,2 - Medium,3 - Moderate,Group 70,Resolver 13,False,False,Do Not Notify,?,?,?,?,code 9,Resolved by 11,,2016-04-06 09:59:00,True,True,False,True,True,False,,False,False
INC0013865,Closed,False,0,0,1,True,Caller 97,Opened by  17,2016-04-01 09:03:00,?,,Updated by 908,2016-04-06 09:59:00,Phone,Location 51,Category 42,Subcategory 223,Symptom 534,?,2 - Medium,2 - Medium,3 - Moderate,Group 70,Resolver 13,False,False,Do Not Notify,?,?,?,?,code 6,Resolved by 11,,2016-04-06 09:59:00,True,True,False,True,True,False,,False,False
INC0013868,Closed,False,0,0,1,True,Caller 3888,Opened by  24,2016-04-01 09:05:00,?,,Updated by 908,2016-04-06 09:59:00,Phone,Location 108,Category 42,Subcategory 223,Symptom 534,?,2 - Medium,2 - Medium,3 - Moderate,Group 70,Resolver 17,False,False,Do Not Notify,?,?,?,?,code 7,Resolved by 15,,2016-04-06 09:59:00,True,True,False,True,True,False,,False,False
INC0013874,Closed,False,0,0,1,True,Caller 1944,Opened by  17,2016-04-01 09:09:00,?,,Updated by 908,2016-04-06 09:59:00,Phone,Location 161,Category 42,Subcategory 223,?,?,2 - Medium,2 - Medium,3 - Moderate,Group 70,Resolver 13,False,False,Do Not Notify,?,?,?,?,code 9,Resolved by 11,,2016-04-06 09:59:00,True,True,False,True,True,False,,False,False
INC0013881,Closed,False,0,0,1,True,Caller 3120,Opened by  17,2016-04-01 09:13:00,?,,Updated by 908,2016-04-06 09:59:00,Phone,Location 161,Category 42,Subcategory 223,Symptom 534,?,2 - Medium,2 - Medium,3 - Moderate,Group 70,Resolver 13,False,False,Do Not Notify,?,?,?,?,code 6,Resolved by 11,,2016-04-06 09:59:00,True,True,False,True,True,False,,False,False
INC0013883,Closed,False,0,0,1,True,Caller 865,Opened by  301,2016-04-01 09:15:00,?,,Updated by 908,2016-04-06 09:59:00,Phone,Location 204,Category 53,Subcategory 303,Symptom 86,?,2 - Medium,2 - Medium,3 - Moderate,Group 70,Resolver 149,False,False,Do Not Notify,?,?,?,?,code 9,Resolved by 133,,2016-04-06 09:59:00,True,True,False,True,True,False,,False,False
INC0013888,Closed,False,0,0,1,True,Caller 1452,Opened by  17,2016-04-01 09:20:00,?,,Updated by 908,2016-04-06 09:59:00,Phone,Location 204,Category 35,Subcategory 28,Symptom 506,?,2 - Medium,2 - Medium,3 - Moderate,Group 70,Resolver 13,False,False,Do Not Notify,?,?,?,?,code 7,Resolved by 11,,2016-04-06 09:59:00,True,True,False,True,True,False,,False,False
INC0013891,Closed,False,0,0,1,True,Caller 394,?,2016-04-01 09:23:00,?,,Updated by 908,2016-04-06 09:59:00,Phone,Location 93,Category 32,Subcategory 174,Symptom 491,?,2 - Medium,2 - Medium,3 - Moderate,Group 70,Resolver 127,False,False,Do Not Notify,?,?,?,?,code 7,?,,2016-04-06 09:59:00,True,True,False,True,True,False,,False,False
INC0013900,Closed,False,0,0,1,True,Caller 2784,Opened by  24,2016-04-01 09:31:00,?,,Updated by 908,2016-04-06 09:59:00,Phone,Location 204,Category 42,Subcategory 223,Symptom 534,?,2 - Medium,2 - Medium,3 - Moderate,Group 70,Resolver 17,False,False,Do Not Notify,?,?,?,?,code 7,Resolved by 15,,2016-04-06 09:59:00,True,True,False,True,True,False,,False,False
INC0013902,Closed,False,0,0,1,True,Caller 826,Opened by  17,2016-04-01 09:32:00,?,,Updated by 908,2016-04-06 09:59:00,Phone,Location 204,Category 42,Subcategory 223,Symptom 534,?,2 - Medium,2 - Medium,3 - Moderate,Group 70,Resolver 13,False,False,Do Not Notify,?,?,?,?,code 6,Resolved by 11,,2016-04-06 09:59:00,True,True,False,True,True,False,,False,False
INC0013905,Closed,False,0,0,1,True,Caller 3707,?,2016-04-01 09:35:00,?,,Updated by 908,2016-04-06 09:59:00,Phone,Location 204,Category 32,Subcategory 174,?,?,2 - Medium,2 - Medium,3 - Moderate,Group 70,Resolver 127,False,False,Do Not Notify,?,?,?,?,code 7,?,,2016-04-06 09:59:00,True,True,False,True,True,False,,False,False
INC0013906,Closed,False,0,0,1,True,Caller 3110,Opened by  62,2016-04-01 09:36:00,?,,Updated by 908,2016-04-06 09:59:00,Phone,Location 43,Category 42,Subcategory 223,Symptom 534,?,2 - Medium,2 - Medium,3 - Moderate,Group 70,Resolver 33,False,False,Do Not Notify,?,?,?,?,code 6,Resolved by 32,,2016-04-06 09:59:00,True,True,False,True,True,False,,False,False
INC0013918,Closed,False,0,0,1,True,Caller 4580,Opened by  17,2016-04-01 09:51:00,?,,Updated by 908,2016-04-06 10:59:00,Phone,Location 204,Category 32,Subcategory 9,Symptom 491,?,2 - Medium,2 - Medium,3 - Moderate,Group 70,Resolver 13,False,False,Do Not Notify,?,?,?,?,code 7,Resolved by 11,,2016-04-06 10:59:00,True,True,False,True,True,False,,False,False
INC0013920,Closed,False,0,0,1,True,Caller 5115,Opened by  62,2016-04-01 09:53:00,?,,Updated by 908,2016-04-06 09:59:00,Phone,Location 204,Category 42,Subcategory 223,Symptom 534,?,2 - Medium,2 - Medium,3 - Moderate,Group 70,Resolver 33,False,False,Do Not Notify,?,?,?,?,code 6,Resolved by 32,,2016-04-06 09:59:00,True,True,False,True,True,False,,False,False
INC0013924,Closed,False,0,0,1,True,Caller 3430,Opened by  17,2016-04-01 09:55:00,?,,Updated by 908,2016-04-06 10:59:00,Phone,Location 143,Category 42,Subcategory 223,?,?,2 - Medium,2 - Medium,3 - Moderate,Group 70,Resolver 13,False,False,Do Not Notify,?,?,?,?,code 9,Resolved by 11,,2016-04-06 10:59:00,True,True,False,True,True,False,,False,False
INC0013938,Closed,False,0,0,1,True,Caller 503,Opened by  17,2016-04-01 10:03:00,?,,Updated by 908,2016-04-06 10:59:00,Phone,Location 43,Category 26,Subcategory 275,Symptom 491,?,2 - Medium,2 - Medium,3 - Moderate,Group 70,Resolver 13,False,False,Do Not Notify,?,?,?,?,code 7,Resolved by 11,,2016-04-06 10:59:00,True,True,False,True,True,False,,False,False
INC0013942,Closed,False,0,0,1,True,Caller 3220,?,2016-04-01 10:05:00,?,,Updated by 908,2016-04-06 10:59:00,Phone,Location 204,Category 32,Subcategory 174,Symptom 491,?,2 - Medium,2 - Medium,3 - Moderate,Group 70,Resolver 94,False,False,Do Not Notify,?,?,?,?,code 7,?,,2016-04-06 10:59:00,True,True,False,True,True,False,,False,False
INC0013952,Closed,False,0,0,1,True,Caller 1245,Opened by  17,2016-04-01 10:13:00,?,,Updated by 908,2016-04-06 10:59:00,Phone,Location 54,Category 20,Subcategory 174,Symptom 491,?,2 - Medium,2 - Medium,3 - Moderate,Group 70,Resolver 13,False,False,Do Not Notify,?,?,?,?,code 7,Resolved by 11,,2016-04-06 10:59:00,True,True,False,True,True,False,,False,False
INC0013954,Closed,False,0,0,1,True,Caller 2493,Opened by  17,2016-04-01 10:15:00,?,,Updated by 908,2016-04-06 10:59:00,Phone,Location 197,Category 42,Subcategory 223,Symptom 534,?,2 - Medium,2 - Medium,3 - Moderate,Group 70,Resolver 13,False,False,Do Not Notify,?,?,?,?,code 7,Resolved by 11,,2016-04-06 10:59:00,True,True,False,True,True,False,,False,False
INC0013955,Closed,False,0,0,1,True,Caller 2124,Opened by  24,2016-04-01 10:15:00,?,,Updated by 908,2016-04-06 10:59:00,Phone,Location 143,Category 26,Subcategory 175,Symptom 491,?,2 - Medium,2 - Medium,3 - Moderate,Group 70,Resolver 17,False,False,Do Not Notify,?,?,?,?,code 6,Resolved by 15,,2016-04-06 10:59:00,True,True,False,True,True,False,,False,False
INC0013957,Closed,False,0,0,1,True,Caller 3314,Opened by  24,2016-04-01 10:16:00,?,,Updated by 908,2016-04-06 10:59:00,Phone,Location 161,Category 20,Subcategory 125,Symptom 208,?,2 - Medium,2 - Medium,3 - Moderate,Group 70,Resolver 17,False,False,Do Not Notify,?,?,?,?,code 7,Resolved by 15,,2016-04-06 10:59:00,True,True,False,True,True,False,,False,False
INC0013961,Closed,False,0,0,1,True,Caller 1352,Opened by  24,2016-04-01 10:20:00,?,,Updated by 908,2016-04-06 10:59:00,Phone,Location 143,Category 42,Subcategory 223,Symptom 491,?,2 - Medium,2 - Medium,3 - Moderate,Group 70,Resolver 17,False,False,Do Not Notify,?,?,?,?,code 6,Resolved by 15,,2016-04-06 10:59:00,True,True,False,True,True,False,,False,False
INC0013972,Closed,False,0,0,1,True,Caller 4653,Opened by  301,2016-04-01 10:31:00,?,,Updated by 908,2016-04-06 10:59:00,Phone,Location 161,Category 32,Subcategory 174,Symptom 491,?,2 - Medium,2 - Medium,3 - Moderate,Group 70,Resolver 149,False,False,Do Not Notify,?,?,?,?,code 9,Resolved by 133,,2016-04-06 10:59:00,True,True,False,True,True,False,,False,False
INC0013976,Closed,False,0,0,1,True,Caller 503,Opened by  17,2016-04-01 10:34:00,?,,Updated by 908,2016-04-06 10:59:00,Phone,Location 43,Category 20,Subcategory 103,?,?,2 - Medium,2 - Medium,3 - Moderate,Group 70,Resolver 13,False,False,Do Not Notify,?,?,?,?,code 9,Resolved by 11,,2016-04-06 10:59:00,True,True,False,True,True,False,,False,False
INC0013984,Closed,False,0,0,1,True,Caller 3508,?,2016-04-01 10:43:00,?,,Updated by 908,2016-04-06 10:59:00,Phone,Location 143,Category 32,Subcategory 174,?,?,2 - Medium,2 - Medium,3 - Moderate,Group 70,Resolver 94,False,False,Do Not Notify,?,?,?,?,code 7,?,,2016-04-06 10:59:00,True,True,False,True,True,False,,False,False
INC0014023,Closed,False,0,0,1,True,Caller 3486,Opened by  62,2016-04-01 11:20:00,?,,Updated by 908,2016-04-06 11:59:00,Phone,Location 161,Category 42,Subcategory 223,Symptom 534,?,2 - Medium,2 - Medium,3 - Moderate,Group 70,Resolver 33,False,False,Do Not Notify,?,?,?,?,code 6,Resolved by 32,,2016-04-06 11:59:00,True,True,False,True,True,False,,False,False
INC0014056,Closed,False,0,0,1,True,Caller 4178,Opened by  62,2016-04-01 11:57:00,?,,Updated by 908,2016-04-06 12:59:00,Phone,Location 43,Category 42,Subcategory 223,Symptom 534,?,2 - Medium,2 - Medium,3 - Moderate,Group 70,Resolver 33,False,False,Do Not Notify,?,?,?,?,code 6,Resolved by 32,,2016-04-06 12:59:00,True,True,False,True,True,False,,False,False
INC0014066,Closed,False,0,0,1,False,Caller 3922,Opened by  62,2016-04-01 12:14:00,?,,Updated by 908,2016-05-23 11:07:00,Phone,Location 9,Category 53,Subcategory 82,Symptom 10,?,2 - Medium,2 - Medium,3 - Moderate,Group 76,Resolver 33,False,False,Do Not Notify,?,?,?,?,code 6,Resolved by 32,,2016-05-23 11:07:00,True,True,False,True,True,False,,False,False
INC0014072,Closed,False,0,0,1,True,Caller 3922,Opened by  62,2016-04-01 12:24:00,?,,Updated by 908,2016-04-06 12:59:00,Phone,Location 9,Category 32,Subcategory 300,Symptom 569,?,2 - Medium,2 - Medium,3 - Moderate,Group 70,Resolver 33,False,False,Do Not Notify,?,?,?,?,code 6,Resolved by 32,,2016-04-06 12:59:00,True,True,False,True,True,False,,False,False
INC0014117,Closed,False,0,0,1,True,Caller 6,Opened by  62,2016-04-01 13:56:00,?,,Updated by 908,2016-04-06 14:59:00,Phone,Location 204,Category 42,Subcategory 223,Symptom 534,?,2 - Medium,2 - Medium,3 - Moderate,Group 70,Resolver 33,False,False,Do Not Notify,?,?,?,?,code 6,Resolved by 32,,2016-04-06 14:59:00,True,True,False,True,True,False,,False,False
INC0014151,Closed,False,0,0,1,True,Caller 5050,Opened by  62,2016-04-01 14:22:00,?,,Updated by 908,2016-04-06 14:59:00,Phone,Location 34,Category 42,Subcategory 223,Symptom 534,?,2 - Medium,2 - Medium,3 - Moderate,Group 70,Resolver 33,False,False,Do Not Notify,?,?,?,?,code 6,Resolved by 32,,2016-04-06 14:59:00,True,True,False,True,True,False,,False,False
INC0014179,Closed,False,0,0,1,True,Caller 1988,Opened by  62,2016-04-01 14:46:00,?,,Updated by 908,2016-04-06 14:59:00,Phone,Location 204,Category 42,Subcategory 223,Symptom 534,?,2 - Medium,2 - Medium,3 - Moderate,Group 70,Resolver 33,False,False,Do Not Notify,?,?,?,?,code 6,Resolved by 32,,2016-04-06 14:59:00,True,True,False,True,True,False,,False,False
INC0014186,Closed,False,0,0,1,True,Caller 4580,Opened by  62,2016-04-01 14:54:00,?,,Updated by 908,2016-04-06 15:59:00,Phone,Location 204,Category 32,Subcategory 9,?,?,2 - Medium,2 - Medium,3 - Moderate,Group 70,Resolver 33,False,False,Do Not Notify,?,?,?,?,code 6,Resolved by 32,,2016-04-06 15:59:00,True,True,False,True,True,False,,False,False
INC0014460,Closed,False,0,0,1,True,Caller 5320,Opened by  62,2016-04-03 07:35:00,?,,Updated by 908,2016-04-08 08:59:00,Phone,Location 204,Category 26,Subcategory 175,Symptom 116,?,2 - Medium,2 - Medium,3 - Moderate,Group 70,Resolver 33,False,False,Do Not Notify,?,?,?,?,code 9,Resolved by 32,,2016-04-08 08:59:00,True,True,False,True,True,False,,False,False
INC0014461,Closed,False,0,0,1,True,Caller 4394,Opened by  40,2016-04-03 07:40:00,?,,Updated by 908,2016-04-08 08:59:00,Phone,Location 108,Category 26,Subcategory 175,Symptom 116,?,2 - Medium,2 - Medium,3 - Moderate,Group 70,Resolver 23,False,False,Do Not Notify,?,?,?,?,code 6,Resolved by 21,,2016-04-08 08:59:00,True,True,False,True,True,False,,False,False
INC0014527,Closed,False,0,0,1,True,Caller 5425,Opened by  397,2016-04-04 02:01:00,?,,Updated by 908,2016-04-09 02:59:00,Phone,Location 108,Category 46,Subcategory 223,Symptom 491,?,2 - Medium,2 - Medium,3 - Moderate,Group 70,Resolver 191,False,False,Do Not Notify,?,?,?,?,code 7,Resolved by 174,,2016-04-09 02:59:00,True,True,False,True,True,False,,False,False
INC0014555,Closed,False,0,0,1,True,Caller 1616,Opened by  62,2016-04-04 07:42:00,?,,Updated by 908,2016-04-09 08:59:00,Phone,Location 83,Category 32,Subcategory 9,?,?,2 - Medium,2 - Medium,3 - Moderate,Group 70,Resolver 33,False,False,Do Not Notify,?,?,?,?,code 6,Resolved by 32,,2016-04-09 08:59:00,True,True,False,True,True,False,,False,False
INC0014568,Closed,False,0,0,1,True,Caller 1984,Opened by  40,2016-04-04 08:14:00,?,,Updated by 908,2016-04-09 08:59:00,Phone,Location 204,Category 53,Subcategory 174,Symptom 491,?,2 - Medium,2 - Medium,3 - Moderate,Group 70,Resolver 23,False,False,Do Not Notify,?,?,?,?,code 6,Resolved by 21,,2016-04-09 08:59:00,True,True,False,True,True,False,,False,False
INC0014625,Closed,False,0,0,1,True,Caller 5161,Opened by  62,2016-04-04 08:53:00,?,,Updated by 908,2016-04-09 09:59:00,Phone,Location 204,Category 26,Subcategory 175,?,?,2 - Medium,2 - Medium,3 - Moderate,Group 70,Resolver 33,False,False,Do Not Notify,?,?,?,?,code 6,Resolved by 32,,2016-04-09 09:59:00,True,True,False,True,True,False,,False,False
INC0014672,Closed,False,0,0,1,True,Caller 4623,Opened by  40,2016-04-04 09:19:00,?,,Updated by 908,2016-04-09 09:59:00,Phone,Location 108,Category 26,Subcategory 175,Symptom 116,?,2 - Medium,2 - Medium,3 - Moderate,Group 70,Resolver 23,False,False,Do Not Notify,?,?,?,?,code 6,Resolved by 21,,2016-04-09 09:59:00,True,True,False,True,True,False,,False,False
INC0014791,Closed,False,0,0,1,False,Caller 1622,Opened by  62,2016-04-04 11:05:00,?,,Updated by 908,2016-05-23 11:07:00,Phone,Location 43,Category 53,Subcategory 82,Symptom 491,?,2 - Medium,2 - Medium,3 - Moderate,Group 76,Resolver 33,False,False,Do Not Notify,?,?,?,?,code 9,Resolved by 32,,2016-05-23 11:07:00,True,True,False,True,True,False,,False,False
INC0014876,Closed,False,0,0,1,True,Caller 3964,Opened by  131,2016-04-04 12:38:00,?,,Updated by 908,2016-04-09 12:59:00,Phone,Location 43,Category 42,Subcategory 223,Symptom 534,?,2 - Medium,2 - Medium,3 - Moderate,Group 70,Resolver 73,False,False,Do Not Notify,?,?,?,?,code 7,Resolved by 66,,2016-04-09 12:59:00,True,True,False,True,True,False,,False,False
INC0015059,Closed,False,0,0,1,True,Caller 507,Opened by  24,2016-04-04 16:39:00,?,,Updated by 908,2016-04-09 16:59:00,Phone,Location 18,Category 42,Subcategory 223,Symptom 491,?,2 - Medium,2 - Medium,3 - Moderate,Group 70,Resolver 17,False,False,Do Not Notify,?,?,?,?,code 6,Resolved by 15,,2016-04-09 16:59:00,True,True,False,True,True,False,,False,False
INC0015107,Closed,False,0,0,1,True,Caller 173,Opened by  47,2016-04-04 18:39:00,?,,Updated by 908,2016-04-09 18:59:00,Phone,Location 136,Category 37,Subcategory 174,Symptom 491,?,2 - Medium,2 - Medium,3 - Moderate,Group 70,Resolver 26,False,False,Do Not Notify,?,?,?,?,code 9,Resolved by 24,,2016-04-09 18:59:00,True,True,False,True,True,False,,False,False
INC0015169,Closed,False,0,0,1,True,Caller 1652,Opened by  397,2016-04-05 01:41:00,?,,Updated by 908,2016-04-10 01:59:00,Phone,Location 161,Category 35,Subcategory 132,Symptom 403,?,2 - Medium,2 - Medium,3 - Moderate,Group 70,Resolver 191,False,False,Do Not Notify,?,?,?,?,code 6,Resolved by 174,,2016-04-10 01:59:00,True,True,False,True,True,False,,False,False
INC0015184,Closed,False,0,0,1,True,Caller 4834,Opened by  62,2016-04-05 06:05:00,?,,Updated by 908,2016-04-10 06:59:00,Phone,Location 204,Category 42,Subcategory 223,?,?,2 - Medium,2 - Medium,3 - Moderate,Group 70,Resolver 33,False,False,Do Not Notify,?,?,?,?,code 6,Resolved by 32,,2016-04-10 06:59:00,True,True,False,True,True,False,,False,False
INC0015209,Closed,False,0,0,1,True,Caller 1303,Opened by  62,2016-04-05 07:55:00,?,,Updated by 908,2016-04-10 08:59:00,Phone,Location 204,Category 20,Subcategory 125,Symptom 208,?,2 - Medium,2 - Medium,3 - Moderate,Group 70,Resolver 33,False,False,Do Not Notify,?,?,?,?,code 9,Resolved by 32,,2016-04-10 08:59:00,True,True,False,True,True,False,,False,False
INC0015225,Closed,False,0,0,1,True,Caller 291,Opened by  40,2016-04-05 08:15:00,?,,Updated by 908,2016-04-10 08:59:00,Phone,Location 135,Category 32,Subcategory 9,Symptom 491,?,2 - Medium,2 - Medium,3 - Moderate,Group 70,Resolver 23,False,False,Do Not Notify,?,?,?,?,code 6,Resolved by 21,,2016-04-10 08:59:00,True,True,False,True,True,False,,False,False
INC0015226,Closed,False,0,0,1,True,Caller 130,Opened by  40,2016-04-05 08:18:00,?,,Updated by 908,2016-04-10 08:59:00,Phone,Location 204,Category 32,Subcategory 9,Symptom 491,?,2 - Medium,2 - Medium,3 - Moderate,Group 70,Resolver 23,False,False,Do Not Notify,?,?,?,?,code 7,Resolved by 21,,2016-04-10 08:59:00,True,True,False,True,True,False,,False,False
INC0015237,Closed,False,0,0,1,True,Caller 4817,Opened by  40,2016-04-05 08:36:00,?,,Updated by 908,2016-04-10 08:59:00,Phone,Location 161,Category 20,Subcategory 103,Symptom 491,?,2 - Medium,2 - Medium,3 - Moderate,Group 70,Resolver 23,False,False,Do Not Notify,?,?,?,?,code 6,Resolved by 21,,2016-04-10 08:59:00,True,True,False,True,True,False,,False,False
INC0015246,Closed,False,0,0,1,True,Caller 2139,Opened by  40,2016-04-05 08:46:00,?,,Updated by 908,2016-04-10 08:59:00,Phone,Location 108,Category 35,Subcategory 28,Symptom 296,?,2 - Medium,2 - Medium,3 - Moderate,Group 70,Resolver 23,False,False,Do Not Notify,?,?,?,?,code 6,Resolved by 21,,2016-04-10 08:59:00,True,True,False,True,True,False,,False,False
INC0015321,Closed,False,0,0,1,True,Caller 2356,Opened by  62,2016-04-05 09:36:00,?,,Updated by 908,2016-04-10 09:59:00,Phone,Location 143,Category 26,Subcategory 175,Symptom 116,?,2 - Medium,2 - Medium,3 - Moderate,Group 70,Resolver 33,False,False,Do Not Notify,?,?,?,?,code 9,Resolved by 32,,2016-04-10 09:59:00,True,True,False,True,True,False,,False,False
INC0015333,Closed,False,0,0,1,True,Caller 5642,Opened by  62,2016-04-05 09:44:00,?,,Updated by 908,2016-04-10 10:59:00,Phone,Location 204,Category 35,Subcategory 132,Symptom 403,?,2 - Medium,2 - Medium,3 - Moderate,Group 70,Resolver 33,False,False,Do Not Notify,?,?,?,?,code 9,Resolved by 32,,2016-04-10 10:59:00,True,True,False,True,True,False,,False,False
INC0015362,Closed,False,0,0,1,True,Caller 3940,Opened by  62,2016-04-05 10:09:00,?,,Updated by 908,2016-04-10 10:59:00,Phone,Location 97,Category 42,Subcategory 223,Symptom 491,?,2 - Medium,2 - Medium,3 - Moderate,Group 70,Resolver 33,False,False,Do Not Notify,?,?,?,?,code 9,Resolved by 32,,2016-04-10 10:59:00,True,True,False,True,True,False,,False,False
INC0015380,Closed,False,0,0,1,True,Caller 5322,Opened by  62,2016-04-05 10:25:00,?,,Updated by 908,2016-04-10 10:59:00,Phone,Location 51,Category 42,Subcategory 223,Symptom 534,?,2 - Medium,2 - Medium,3 - Moderate,Group 70,Resolver 33,False,False,Do Not Notify,?,?,?,?,code 6,Resolved by 32,,2016-04-10 10:59:00,True,True,False,True,True,False,,False,False
INC0015387,Closed,False,0,0,1,True,Caller 1601,Opened by  62,2016-04-05 10:31:00,?,,Updated by 908,2016-04-10 10:59:00,Phone,Location 147,Category 26,Subcategory 275,Symptom 371,?,2 - Medium,2 - Medium,3 - Moderate,Group 70,Resolver 33,False,False,Do Not Notify,?,?,?,?,code 6,Resolved by 32,,2016-04-10 10:59:00,True,True,False,True,True,False,,False,False
INC0015423,Closed,False,0,0,1,True,Caller 3267,Opened by  62,2016-04-05 11:14:00,?,,Updated by 908,2016-04-10 11:59:00,Phone,Location 161,Category 20,Subcategory 103,Symptom 387,?,2 - Medium,2 - Medium,3 - Moderate,Group 70,Resolver 33,False,False,Do Not Notify,?,?,?,?,code 6,Resolved by 32,,2016-04-10 11:59:00,True,True,False,True,True,False,,False,False
INC0015425,Closed,False,0,0,1,True,Caller 5495,Opened by  131,2016-04-05 11:15:00,?,,Updated by 908,2016-04-10 11:59:00,Phone,Location 161,Category 32,Subcategory 9,?,?,3 - Low,3 - Low,4 - Low,Group 70,Resolver 73,False,False,Do Not Notify,?,?,?,?,code 7,Resolved by 66,,2016-04-10 11:59:00,True,True,False,True,True,False,,False,False
INC0015434,Closed,False,0,0,1,True,Caller 4981,Opened by  40,2016-04-05 11:27:00,?,,Updated by 908,2016-04-10 11:59:00,Phone,Location 204,Category 24,Subcategory 164,Symptom 571,?,2 - Medium,2 - Medium,3 - Moderate,Group 70,Resolver 23,False,False,Do Not Notify,?,?,?,?,code 7,Resolved by 21,,2016-04-10 11:59:00,True,True,False,True,True,False,,False,False
INC0015453,Closed,False,0,0,1,True,Caller 1988,Opened by  131,2016-04-05 11:48:00,?,,Updated by 908,2016-04-10 12:59:00,Phone,Location 204,Category 26,Subcategory 275,Symptom 116,?,3 - Low,3 - Low,4 - Low,Group 70,Resolver 73,False,False,Do Not Notify,?,?,?,?,code 7,Resolved by 66,,2016-04-10 12:59:00,True,True,False,True,True,False,,False,False
INC0015464,Closed,False,0,0,1,True,Caller 5376,Opened by  40,2016-04-05 12:00:00,?,,Updated by 908,2016-04-10 12:59:00,Phone,Location 93,Category 20,Subcategory 125,Symptom 116,?,2 - Medium,2 - Medium,3 - Moderate,Group 70,Resolver 23,False,False,Do Not Notify,?,?,?,?,code 7,Resolved by 21,,2016-04-10 12:59:00,True,True,False,True,True,False,,False,False
INC0015502,Closed,False,0,0,1,True,Caller 3248,Opened by  500,2016-04-05 13:23:00,?,,Updated by 908,2016-04-10 13:59:00,Phone,Location 96,Category 37,Subcategory 123,Symptom 127,?,2 - Medium,2 - Medium,3 - Moderate,Group 70,Resolver 232,False,False,Do Not Notify,?,?,?,?,code 9,Resolved by 211,,2016-04-10 13:59:00,True,True,False,True,True,False,,False,False
INC0015550,Closed,False,0,0,1,True,Caller 5540,Opened by  500,2016-04-05 14:41:00,?,,Updated by 908,2016-04-10 17:59:00,Phone,Location 108,Category 26,Subcategory 175,Symptom 120,?,2 - Medium,2 - Medium,3 - Moderate,Group 70,Resolver 232,False,False,Do Not Notify,?,?,?,?,code 9,Resolved by 211,,2016-04-10 17:59:00,True,True,False,True,True,False,,False,False
INC0015575,Closed,False,0,0,1,True,Caller 4242,Opened by  108,2016-04-05 15:17:00,?,,Updated by 908,2016-04-10 15:59:00,Phone,Location 161,Category 26,Subcategory 175,Symptom 491,?,2 - Medium,2 - Medium,3 - Moderate,Group 70,Resolver 56,False,False,Do Not Notify,?,?,?,?,code 6,Resolved by 52,,2016-04-10 15:59:00,True,True,False,True,True,False,,False,False
INC0015610,Closed,False,0,0,1,True,Caller 641,Opened by  47,2016-04-05 16:17:00,?,,Updated by 908,2016-04-10 16:59:00,Phone,Location 166,Category 26,Subcategory 175,?,?,2 - Medium,2 - Medium,3 - Moderate,Group 70,Resolver 26,False,False,Do Not Notify,?,?,?,?,code 9,Resolved by 24,,2016-04-10 16:59:00,True,True,False,True,True,False,,False,False
INC0015627,Closed,False,0,0,1,True,Caller 3245,Opened by  500,2016-04-05 16:35:00,?,,Updated by 908,2016-04-10 17:59:00,Phone,Location 143,Category 26,Subcategory 175,Symptom 491,?,2 - Medium,2 - Medium,3 - Moderate,Group 70,Resolver 232,False,False,Do Not Notify,?,?,?,?,code 9,Resolved by 211,,2016-04-10 17:59:00,True,True,False,True,True,False,,False,False
INC0015652,Closed,False,0,0,1,True,Caller 4353,Opened by  47,2016-04-05 17:17:00,?,,Updated by 908,2016-04-10 17:59:00,Phone,Location 38,Category 26,Subcategory 174,?,?,2 - Medium,2 - Medium,3 - Moderate,Group 70,Resolver 26,False,False,Do Not Notify,?,?,?,?,code 9,Resolved by 24,,2016-04-10 17:59:00,True,True,False,True,True,False,,False,False
INC0015679,Closed,False,0,0,1,True,Caller 5159,Opened by  47,2016-04-05 20:34:00,?,,Updated by 908,2016-04-10 20:59:00,Phone,Location 204,Category 26,Subcategory 175,Symptom 116,?,2 - Medium,2 - Medium,3 - Moderate,Group 70,Resolver 26,False,False,Do Not Notify,?,?,?,?,code 9,Resolved by 24,,2016-04-10 20:59:00,True,True,False,True,True,False,,False,False
INC0015691,Closed,False,0,0,1,True,Caller 5475,Opened by  47,2016-04-05 23:22:00,?,,Updated by 908,2016-04-10 23:59:00,Phone,Location 143,Category 46,Subcategory 223,?,?,2 - Medium,2 - Medium,3 - Moderate,Group 70,Resolver 26,False,False,Do Not Notify,?,?,?,?,code 9,Resolved by 24,,2016-04-10 23:59:00,True,True,False,True,True,False,,False,False
INC0015714,Closed,False,0,0,1,True,Caller 5359,Opened by  62,2016-04-06 06:57:00,?,,Updated by 908,2016-04-11 07:59:00,Phone,Location 143,Category 42,Subcategory 223,Symptom 534,?,2 - Medium,2 - Medium,3 - Moderate,Group 70,Resolver 33,False,False,Do Not Notify,?,?,?,?,code 6,Resolved by 32,,2016-04-11 07:59:00,True,True,False,True,True,False,,False,False
INC0015745,Closed,False,0,0,1,True,Caller 4475,Opened by  40,2016-04-06 08:19:00,?,,Updated by 908,2016-04-11 08:59:00,Phone,Location 108,Category 26,Subcategory 175,Symptom 116,?,2 - Medium,2 - Medium,3 - Moderate,Group 70,Resolver 23,False,False,Do Not Notify,?,?,?,?,code 6,Resolved by 21,,2016-04-11 08:59:00,True,True,False,True,True,False,,False,False
INC0015756,Closed,False,0,0,1,True,Caller 681,Opened by  40,2016-04-06 08:35:00,?,,Updated by 908,2016-04-11 08:59:00,Phone,Location 204,Category 32,Subcategory 9,Symptom 105,?,2 - Medium,2 - Medium,3 - Moderate,Group 70,Resolver 23,False,False,Do Not Notify,?,?,?,?,code 6,Resolved by 21,,2016-04-11 08:59:00,True,True,False,True,True,False,,False,False
INC0015767,Closed,False,0,0,1,True,Caller 681,Opened by  40,2016-04-06 08:47:00,?,,Updated by 908,2016-04-11 08:59:00,Phone,Location 204,Category 32,Subcategory 9,Symptom 105,?,2 - Medium,2 - Medium,3 - Moderate,Group 70,Resolver 23,False,False,Do Not Notify,?,?,?,?,code 6,Resolved by 21,,2016-04-11 08:59:00,True,True,False,True,True,False,,False,False
INC0015778,Closed,False,0,0,1,True,Caller 3402,Opened by  40,2016-04-06 08:58:00,?,,Updated by 908,2016-04-11 09:59:00,Phone,Location 59,Category 26,Subcategory 175,Symptom 116,?,2 - Medium,2 - Medium,3 - Moderate,Group 70,Resolver 23,False,False,Do Not Notify,?,?,?,?,code 6,Resolved by 21,,2016-04-11 09:59:00,True,True,False,True,True,False,,False,False
INC0015836,Closed,False,0,0,1,True,Caller 2390,Opened by  40,2016-04-06 09:55:00,?,,Updated by 908,2016-04-11 10:59:00,Phone,Location 161,Category 37,Subcategory 135,Symptom 118,?,2 - Medium,2 - Medium,3 - Moderate,Group 70,Resolver 23,False,False,Do Not Notify,?,?,?,?,code 6,Resolved by 21,,2016-04-11 10:59:00,True,True,False,True,True,False,,False,False
INC0015858,Closed,False,0,0,1,True,Caller 3160,Opened by  40,2016-04-06 10:24:00,?,,Updated by 908,2016-04-11 10:59:00,Phone,Location 204,Category 26,Subcategory 174,?,?,2 - Medium,2 - Medium,3 - Moderate,Group 70,Resolver 23,False,False,Do Not Notify,?,?,?,?,code 6,Resolved by 21,,2016-04-11 10:59:00,True,True,False,True,True,False,,False,False
INC0015883,Closed,False,0,0,1,True,Caller 5422,Opened by  131,2016-04-06 10:50:00,?,,Updated by 908,2016-04-11 10:59:00,Phone,Location 143,Category 42,Subcategory 223,Symptom 534,?,3 - Low,3 - Low,4 - Low,Group 70,Resolver 73,False,False,Do Not Notify,?,?,?,?,code 7,Resolved by 66,,2016-04-11 10:59:00,True,True,False,True,True,False,,False,False
INC0015919,Closed,False,0,0,1,True,Caller 3271,Opened by  40,2016-04-06 11:36:00,?,,Updated by 908,2016-04-11 11:59:00,Phone,Location 204,Category 26,Subcategory 275,Symptom 54,?,2 - Medium,2 - Medium,3 - Moderate,Group 70,Resolver 23,False,False,Do Not Notify,?,?,?,?,code 6,Resolved by 21,,2016-04-11 11:59:00,True,True,False,True,True,False,,False,False
INC0015926,Closed,False,0,0,1,True,Caller 1198,Opened by  40,2016-04-06 11:49:00,?,,Updated by 908,2016-04-11 12:59:00,Phone,Location 204,Category 26,Subcategory 175,Symptom 116,?,2 - Medium,2 - Medium,3 - Moderate,Group 70,Resolver 23,False,False,Do Not Notify,?,?,?,?,code 6,Resolved by 21,,2016-04-11 12:59:00,True,True,False,True,True,False,,False,False
INC0016000,Closed,False,0,0,1,True,Caller 2688,Opened by  40,2016-04-06 13:53:00,?,,Updated by 908,2016-04-11 14:59:00,Phone,Location 161,Category 32,Subcategory 9,Symptom 491,?,2 - Medium,2 - Medium,3 - Moderate,Group 70,Resolver 23,False,False,Do Not Notify,?,?,?,?,code 6,Resolved by 21,,2016-04-11 14:59:00,True,True,False,True,True,False,,False,False
INC0016041,Closed,False,0,0,1,True,Caller 3490,Opened by  47,2016-04-06 14:42:00,?,,Updated by 908,2016-04-11 14:59:00,Phone,Location 204,Category 20,Subcategory 174,Symptom 491,?,2 - Medium,2 - Medium,3 - Moderate,Group 70,Resolver 26,False,False,Do Not Notify,?,?,?,?,code 9,Resolved by 24,,2016-04-11 14:59:00,True,True,False,True,True,False,,False,False
INC0016196,Closed,False,0,0,1,False,Caller 2508,Opened by  536,2016-04-06 16:42:00,?,,Updated by 908,2016-05-23 11:07:00,Phone,Location 161,Category 53,Subcategory 178,Symptom 25,?,2 - Medium,2 - Medium,3 - Moderate,Group 70,Resolver 253,False,False,Do Not Notify,?,?,?,?,code 6,Resolved by 231,,2016-05-23 11:07:00,True,True,False,True,True,False,,False,False
INC0016260,Closed,False,0,0,1,True,Caller 5011,Opened by  47,2016-04-06 20:11:00,?,,Updated by 908,2016-04-11 20:59:00,Phone,Location 143,Category 42,Subcategory 223,?,?,2 - Medium,2 - Medium,3 - Moderate,Group 70,Resolver 26,False,False,Do Not Notify,?,?,?,?,code 9,Resolved by 24,,2016-04-11 20:59:00,True,True,False,True,True,False,,False,False
INC0016271,Closed,False,0,0,1,True,Caller 1427,Opened by  47,2016-04-06 22:02:00,?,,Updated by 908,2016-04-11 22:59:00,Phone,Location 161,Category 46,Subcategory 174,Symptom 491,?,2 - Medium,2 - Medium,3 - Moderate,Group 70,Resolver 26,False,False,Do Not Notify,?,?,?,?,code 9,Resolved by 24,,2016-04-11 22:59:00,True,True,False,True,True,False,,False,False
INC0016281,Closed,False,0,0,1,True,Caller 2150,Opened by  397,2016-04-07 00:40:00,?,,Updated by 908,2016-04-12 00:59:00,Phone,Location 161,Category 46,Subcategory 223,?,?,2 - Medium,2 - Medium,3 - Moderate,Group 70,Resolver 191,False,False,Do Not Notify,?,?,?,?,code 7,Resolved by 174,,2016-04-12 00:59:00,True,True,False,True,True,False,,False,False
INC0016301,Closed,False,0,0,1,True,Caller 4848,Opened by  62,2016-04-07 06:48:00,?,,Updated by 908,2016-04-12 07:59:00,Phone,Location 108,Category 26,Subcategory 164,Symptom 594,?,2 - Medium,2 - Medium,3 - Moderate,Group 70,Resolver 33,False,False,Do Not Notify,?,?,?,?,code 9,Resolved by 32,,2016-04-12 07:59:00,True,True,False,True,True,False,,False,False
INC0016305,Closed,False,0,0,1,True,Caller 4848,Opened by  62,2016-04-07 07:19:00,?,,Updated by 908,2016-04-12 07:59:00,Phone,Location 108,Category 26,Subcategory 164,Symptom 594,?,2 - Medium,2 - Medium,3 - Moderate,Group 70,Resolver 33,False,False,Do Not Notify,?,?,?,?,code 9,Resolved by 32,,2016-04-12 07:59:00,True,True,False,True,True,False,,False,False
INC0016319,Closed,False,0,0,1,True,Caller 1818,Opened by  62,2016-04-07 08:18:00,?,,Updated by 908,2016-04-12 08:59:00,Phone,Location 161,Category 42,Subcategory 223,Symptom 534,?,2 - Medium,2 - Medium,3 - Moderate,Group 70,Resolver 33,False,False,Do Not Notify,?,?,?,?,code 6,Resolved by 32,,2016-04-12 08:59:00,True,True,False,True,True,False,,False,False
INC0016333,Closed,False,0,0,1,True,Caller 2045,Opened by  62,2016-04-07 08:35:00,?,,Updated by 908,2016-04-12 08:59:00,Phone,Location 108,Category 20,Subcategory 103,Symptom 517,?,2 - Medium,2 - Medium,3 - Moderate,Group 70,Resolver 33,False,False,Do Not Notify,?,?,?,?,code 9,Resolved by 32,,2016-04-12 08:59:00,True,True,False,True,True,False,,False,False
INC0016351,Closed,False,0,0,1,True,Caller 3525,Opened by  62,2016-04-07 09:02:00,?,,Updated by 908,2016-04-12 09:59:00,Phone,Location 204,Category 26,Subcategory 174,?,?,2 - Medium,2 - Medium,3 - Moderate,Group 70,Resolver 33,False,False,Do Not Notify,?,?,?,?,code 9,Resolved by 32,,2016-04-12 09:59:00,True,True,False,True,True,False,,False,False
INC0016432,Closed,False,0,0,1,True,Caller 5052,Opened by  131,2016-04-07 10:20:00,?,,Updated by 908,2016-04-12 10:59:00,Phone,Location 161,Category 26,Subcategory 174,Symptom 491,?,2 - Medium,2 - Medium,3 - Moderate,Group 70,Resolver 73,False,False,Do Not Notify,?,?,?,?,code 7,Resolved by 66,,2016-04-12 10:59:00,True,True,False,True,True,False,,False,False
INC0016456,Closed,False,0,0,1,True,Caller 3352,Opened by  40,2016-04-07 10:43:00,?,,Updated by 908,2016-04-12 10:59:00,Phone,Location 69,Category 35,Subcategory 174,?,?,2 - Medium,2 - Medium,3 - Moderate,Group 70,Resolver 23,False,False,Do Not Notify,?,?,?,?,code 6,Resolved by 21,,2016-04-12 10:59:00,True,True,False,True,True,False,,False,False
INC0016478,Closed,False,0,0,1,True,Caller 1839,Opened by  62,2016-04-07 11:17:00,?,,Updated by 908,2016-04-12 11:59:00,Phone,Location 204,Category 26,Subcategory 275,Symptom 116,?,2 - Medium,2 - Medium,3 - Moderate,Group 70,Resolver 33,False,False,Do Not Notify,?,?,?,?,code 9,Resolved by 32,,2016-04-12 11:59:00,True,True,False,True,True,False,,False,False
INC0016642,Closed,False,0,0,1,True,Caller 4755,?,2016-04-07 15:41:00,?,,Updated by 908,2016-04-12 15:59:00,Phone,Location 204,Category 42,Subcategory 223,Symptom 534,?,2 - Medium,2 - Medium,3 - Moderate,Group 70,Resolver 17,False,False,Do Not Notify,?,?,?,?,code 7,?,,2016-04-12 15:59:00,True,True,False,True,True,False,,False,False
INC0016732,Closed,False,0,0,1,True,Caller 1837,Opened by  47,2016-04-07 22:09:00,?,,Updated by 908,2016-04-12 22:59:00,Phone,Location 161,Category 53,Subcategory 174,Symptom 491,?,2 - Medium,2 - Medium,3 - Moderate,Group 70,Resolver 26,False,False,Do Not Notify,?,?,?,?,code 9,Resolved by 24,,2016-04-12 22:59:00,True,True,False,True,True,False,,False,False
INC0016767,Closed,False,0,0,1,True,Caller 5625,Opened by  40,2016-04-08 08:01:00,?,,Updated by 908,2016-04-13 08:59:00,Phone,Location 204,Category 42,Subcategory 223,Symptom 534,?,2 - Medium,2 - Medium,3 - Moderate,Group 70,Resolver 23,False,False,Do Not Notify,?,?,?,?,code 6,Resolved by 21,,2016-04-13 08:59:00,True,True,False,True,True,False,,False,False
INC0016768,Closed,False,0,0,1,True,Caller 5063,Opened by  62,2016-04-08 08:01:00,?,,Updated by 908,2016-04-13 08:59:00,Phone,Location 143,Category 42,Subcategory 223,Symptom 491,?,2 - Medium,2 - Medium,3 - Moderate,Group 70,Resolver 33,False,False,Do Not Notify,?,?,?,?,code 6,Resolved by 32,,2016-04-13 08:59:00,True,True,False,True,True,False,,False,False
INC0016793,Closed,False,0,0,1,True,Caller 21,Opened by  62,2016-04-08 08:41:00,?,,Updated by 908,2016-04-13 08:59:00,Phone,Location 204,Category 42,Subcategory 223,Symptom 491,?,2 - Medium,2 - Medium,3 - Moderate,Group 70,Resolver 33,False,False,Do Not Notify,?,?,?,?,code 6,Resolved by 32,,2016-04-13 08:59:00,True,True,False,True,True,False,,False,False
INC0016813,Closed,False,0,0,1,True,Caller 3762,Opened by  40,2016-04-08 08:59:00,?,,Updated by 908,2016-04-13 09:59:00,Phone,Location 136,Category 26,Subcategory 275,Symptom 116,?,2 - Medium,2 - Medium,3 - Moderate,Group 70,Resolver 23,False,False,Do Not Notify,?,?,?,?,code 6,Resolved by 21,,2016-04-13 09:59:00,True,True,False,True,True,False,,False,False
INC0016820,Closed,False,0,0,2,True,Caller 799,?,2016-04-08 09:11:00,?,,Updated by 908,2016-04-13 09:59:00,Phone,Location 51,Category 42,Subcategory 223,Symptom 534,?,2 - Medium,2 - Medium,3 - Moderate,Group 70,Resolver 17,False,False,Do Not Notify,?,?,?,?,code 7,?,,2016-04-13 09:59:00,True,True,False,True,True,False,,False,False
INC0016833,Closed,False,0,0,1,True,Caller 3759,Opened by  62,2016-04-08 09:26:00,?,,Updated by 908,2016-04-13 09:59:00,Phone,Location 43,Category 26,Subcategory 175,Symptom 491,?,2 - Medium,2 - Medium,3 - Moderate,Group 70,Resolver 33,False,False,Do Not Notify,?,?,?,?,code 9,Resolved by 32,,2016-04-13 09:59:00,True,True,False,True,True,False,,False,False
INC0016854,Closed,False,0,0,1,True,Caller 5386,Opened by  40,2016-04-08 09:39:00,?,,Updated by 908,2016-04-13 09:59:00,Phone,Location 161,Category 26,Subcategory 175,?,?,2 - Medium,2 - Medium,3 - Moderate,Group 70,Resolver 23,False,False,Do Not Notify,?,?,?,?,code 6,Resolved by 21,,2016-04-13 09:59:00,True,True,False,True,True,False,,False,False
INC0016856,Closed,False,0,0,1,True,Caller 507,?,2016-04-08 09:40:00,?,,Updated by 908,2016-04-13 09:59:00,Phone,Location 18,Category 42,Subcategory 223,Symptom 534,?,2 - Medium,2 - Medium,3 - Moderate,Group 70,Resolver 17,False,False,Do Not Notify,?,?,?,?,code 7,?,,2016-04-13 09:59:00,True,True,False,True,True,False,,False,False
INC0016905,Closed,False,0,0,1,True,Caller 2406,Opened by  62,2016-04-08 10:38:00,?,,Updated by 908,2016-04-13 10:59:00,Phone,Location 128,Category 26,Subcategory 175,Symptom 119,?,2 - Medium,2 - Medium,3 - Moderate,Group 70,Resolver 33,False,False,Do Not Notify,?,?,?,?,code 9,Resolved by 32,,2016-04-13 10:59:00,True,True,False,True,True,False,,False,False
INC0016925,Closed,False,0,0,1,True,Caller 501,Opened by  40,2016-04-08 11:02:00,?,,Updated by 908,2016-04-13 11:59:00,Phone,Location 47,Category 26,Subcategory 175,?,?,2 - Medium,2 - Medium,3 - Moderate,Group 70,Resolver 23,False,False,Do Not Notify,?,?,?,?,code 6,Resolved by 21,,2016-04-13 11:59:00,True,True,False,True,True,False,,False,False
INC0016958,Closed,False,0,0,1,True,Caller 1090,Opened by  62,2016-04-08 11:45:00,?,,Updated by 908,2016-04-13 11:59:00,Phone,Location 108,Category 32,Subcategory 300,Symptom 491,?,2 - Medium,2 - Medium,3 - Moderate,Group 70,Resolver 33,False,False,Do Not Notify,?,?,?,?,code 6,Resolved by 32,,2016-04-13 11:59:00,True,True,False,True,True,False,,False,False
INC0016973,Closed,False,0,0,1,True,Caller 3853,?,2016-04-08 11:56:00,?,,Updated by 908,2016-04-13 12:59:00,Phone,Location 51,Category 42,Subcategory 223,Symptom 534,?,2 - Medium,2 - Medium,3 - Moderate,Group 70,Resolver 17,False,False,Do Not Notify,?,?,?,?,code 7,?,,2016-04-13 12:59:00,True,True,False,True,True,False,,False,False
INC0017012,Closed,False,0,0,1,True,Caller 4773,Opened by  40,2016-04-08 13:06:00,?,,Updated by 908,2016-04-13 13:59:00,Phone,Location 143,Category 53,Subcategory 174,Symptom 491,?,2 - Medium,2 - Medium,3 - Moderate,Group 70,Resolver 23,False,False,Do Not Notify,?,?,?,?,code 6,Resolved by 21,,2016-04-13 13:59:00,True,True,False,True,True,False,,False,False
INC0017077,Closed,False,0,0,1,True,Caller 2508,?,2016-04-08 15:06:00,?,,Updated by 908,2016-04-13 15:59:00,Phone,Location 161,Category 42,Subcategory 223,Symptom 534,?,2 - Medium,2 - Medium,3 - Moderate,Group 70,Resolver 17,False,False,Do Not Notify,?,?,?,?,code 7,?,,2016-04-13 15:59:00,True,True,False,True,True,False,,False,False
INC0017102,Closed,False,0,0,1,False,Caller 5001,Opened by  536,2016-04-08 15:39:00,?,,Updated by 908,2016-05-23 11:07:00,Phone,Location 135,Category 26,Subcategory 275,Symptom 491,cmdb_ci 38,2 - Medium,2 - Medium,3 - Moderate,Group 70,Resolver 253,False,False,Do Not Notify,?,?,?,?,code 6,Resolved by 231,,2016-05-23 11:07:00,True,True,False,True,True,False,,False,False
INC0017157,Closed,False,0,0,1,True,Caller 2735,?,2016-04-08 16:54:00,?,,Updated by 908,2016-04-13 16:59:00,Phone,Location 108,Category 42,Subcategory 223,?,?,2 - Medium,2 - Medium,3 - Moderate,Group 70,Resolver 17,False,False,Do Not Notify,?,?,?,?,code 7,?,,2016-04-13 16:59:00,True,True,False,True,True,False,,False,False
INC0017232,Closed,False,0,0,1,True,Caller 3380,Opened by  47,2016-04-09 14:38:00,?,,Updated by 908,2016-04-14 14:59:00,Phone,Location 143,Category 46,Subcategory 223,Symptom 491,?,2 - Medium,2 - Medium,3 - Moderate,Group 70,Resolver 26,False,False,Do Not Notify,?,?,?,?,code 9,Resolved by 24,,2016-04-14 14:59:00,True,True,False,True,True,False,,False,False
INC0017238,Closed,False,0,0,1,True,Caller 2382,Opened by  62,2016-04-09 15:17:00,?,,Updated by 908,2016-04-14 16:59:00,Phone,Location 204,Category 26,Subcategory 175,Symptom 116,?,2 - Medium,2 - Medium,3 - Moderate,Group 70,Resolver 33,False,False,Do Not Notify,?,?,?,?,code 9,Resolved by 32,,2016-04-14 16:59:00,True,True,False,True,True,False,,False,False
INC0017239,Closed,False,0,0,1,True,Caller 5579,Opened by  47,2016-04-09 15:20:00,?,,Updated by 908,2016-04-14 15:59:00,Phone,Location 161,Category 42,Subcategory 223,?,?,2 - Medium,2 - Medium,3 - Moderate,Group 70,Resolver 26,False,False,Do Not Notify,?,?,?,?,code 9,Resolved by 24,,2016-04-14 15:59:00,True,True,False,True,True,False,,False,False
INC0017243,Closed,False,0,0,1,True,Caller 2657,Opened by  62,2016-04-09 16:46:00,?,,Updated by 908,2016-04-14 17:59:00,Phone,Location 204,Category 26,Subcategory 175,Symptom 116,?,2 - Medium,2 - Medium,3 - Moderate,Group 70,Resolver 33,False,False,Do Not Notify,?,?,?,?,code 6,Resolved by 32,,2016-04-14 17:59:00,True,True,False,True,True,False,,False,False
INC0017367,Closed,False,0,0,1,True,Caller 704,Opened by  40,2016-04-11 08:18:00,?,,Updated by 908,2016-04-16 09:07:00,Phone,Location 108,Category 32,Subcategory 9,Symptom 491,?,2 - Medium,2 - Medium,3 - Moderate,Group 70,Resolver 23,False,False,Do Not Notify,?,?,?,?,code 6,Resolved by 21,,2016-04-16 09:07:00,True,True,False,True,True,False,,False,False
INC0017404,Closed,False,0,0,1,True,Caller 548,?,2016-04-11 08:53:00,?,,Updated by 908,2016-04-16 09:07:00,Phone,Location 204,Category 42,Subcategory 223,Symptom 534,?,2 - Medium,2 - Medium,3 - Moderate,Group 70,Resolver 17,False,False,Do Not Notify,?,?,?,?,code 7,?,,2016-04-16 09:07:00,True,True,False,True,True,False,,False,False
INC0017433,Closed,False,0,0,1,True,Caller 1690,Opened by  40,2016-04-11 09:15:00,?,,Updated by 908,2016-04-16 10:07:00,Phone,Location 47,Category 53,Subcategory 174,?,?,2 - Medium,2 - Medium,3 - Moderate,Group 70,Resolver 23,False,False,Do Not Notify,?,?,?,?,code 6,Resolved by 21,,2016-04-16 10:07:00,True,True,False,True,True,False,,False,False
INC0017434,Closed,False,0,0,1,True,Caller 5280,?,2016-04-11 09:15:00,?,,Updated by 908,2016-04-16 10:07:00,Phone,Location 108,Category 42,Subcategory 223,Symptom 534,?,2 - Medium,2 - Medium,3 - Moderate,Group 70,Resolver 17,False,False,Do Not Notify,?,?,?,?,code 7,?,,2016-04-16 10:07:00,True,True,False,True,True,False,,False,False
INC0017440,Closed,False,0,0,1,True,Caller 179,?,2016-04-11 09:19:00,?,,Updated by 908,2016-04-16 10:07:00,Phone,Location 51,Category 32,Subcategory 174,Symptom 491,?,2 - Medium,2 - Medium,3 - Moderate,Group 70,Resolver 17,False,False,Do Not Notify,?,?,?,?,code 7,?,,2016-04-16 10:07:00,True,True,False,True,True,False,,False,False
INC0017443,Closed,False,0,0,1,False,Caller 4970,Opened by  536,2016-04-11 09:21:00,?,,Updated by 908,2016-05-23 11:07:00,Phone,Location 161,Category 26,Subcategory 275,Symptom 491,?,2 - Medium,2 - Medium,3 - Moderate,Group 70,Resolver 253,False,False,Do Not Notify,?,?,?,?,code 6,Resolved by 231,,2016-05-23 11:07:00,True,True,False,True,True,False,,False,False
INC0017455,Closed,False,0,0,1,True,Caller 507,?,2016-04-11 09:31:00,?,,Updated by 908,2016-04-16 10:07:00,Phone,Location 18,Category 32,Subcategory 174,Symptom 491,?,2 - Medium,2 - Medium,3 - Moderate,Group 70,Resolver 17,False,False,Do Not Notify,?,?,?,?,code 7,?,,2016-04-16 10:07:00,True,True,False,True,True,False,,False,False
INC0017465,Closed,False,0,0,1,True,Caller 1860,Opened by  240,2016-04-11 09:35:00,?,,Updated by 908,2016-04-16 10:07:00,Phone,Location 93,Category 26,Subcategory 175,Symptom 571,?,2 - Medium,2 - Medium,3 - Moderate,Group 70,Resolver 127,False,False,Do Not Notify,?,?,?,?,code 6,Resolved by 115,,2016-04-16 10:07:00,True,True,False,True,True,False,,False,False
INC0017467,Closed,False,0,0,1,True,Caller 4762,?,2016-04-11 09:36:00,?,,Updated by 908,2016-04-16 10:07:00,Phone,Location 204,Category 42,Subcategory 223,Symptom 534,?,2 - Medium,2 - Medium,3 - Moderate,Group 70,Resolver 17,False,False,Do Not Notify,?,?,?,?,code 7,?,,2016-04-16 10:07:00,True,True,False,True,True,False,,False,False
INC0017472,Closed,False,0,0,1,True,Caller 548,Opened by  40,2016-04-11 09:46:00,?,,Updated by 908,2016-04-16 11:07:00,Phone,Location 204,Category 32,Subcategory 9,Symptom 491,?,2 - Medium,2 - Medium,3 - Moderate,Group 70,Resolver 23,False,False,Do Not Notify,?,?,?,?,code 6,Resolved by 21,,2016-04-16 11:07:00,True,True,False,True,True,False,,False,False
INC0017497,Closed,False,0,0,1,True,Caller 185,?,2016-04-11 10:14:00,?,,Updated by 908,2016-04-16 11:07:00,Phone,Location 179,Category 32,Subcategory 9,Symptom 491,?,2 - Medium,2 - Medium,3 - Moderate,Group 70,Resolver 94,False,False,Do Not Notify,?,?,?,?,code 7,?,,2016-04-16 11:07:00,True,True,False,True,True,False,,False,False
INC0017510,Closed,False,0,0,1,True,Caller 1440,Opened by  40,2016-04-11 10:23:00,?,,Updated by 908,2016-04-16 11:07:00,Phone,Location 204,Category 26,Subcategory 175,Symptom 491,?,2 - Medium,2 - Medium,3 - Moderate,Group 70,Resolver 23,False,False,Do Not Notify,?,?,?,?,code 6,Resolved by 21,,2016-04-16 11:07:00,True,True,False,True,True,False,,False,False
INC0017516,Closed,False,0,0,1,True,Caller 1700,?,2016-04-11 10:31:00,?,,Updated by 908,2016-04-16 11:07:00,Phone,Location 83,Category 26,Subcategory 175,Symptom 491,?,2 - Medium,2 - Medium,3 - Moderate,Group 70,Resolver 94,False,False,Do Not Notify,?,?,?,?,code 7,?,,2016-04-16 11:07:00,True,True,False,True,True,False,,False,False
INC0017541,Closed,False,0,0,1,True,Caller 5119,Opened by  40,2016-04-11 10:54:00,?,,Updated by 908,2016-04-16 11:07:00,Phone,Location 204,Category 37,Subcategory 135,Symptom 118,?,2 - Medium,2 - Medium,3 - Moderate,Group 70,Resolver 23,False,False,Do Not Notify,?,?,?,?,code 6,Resolved by 21,,2016-04-16 11:07:00,True,True,False,True,True,False,,False,False
INC0017549,Closed,False,0,0,1,True,Caller 4112,Opened by  40,2016-04-11 11:07:00,?,,Updated by 908,2016-04-16 12:07:00,Phone,Location 143,Category 32,Subcategory 9,Symptom 491,?,2 - Medium,2 - Medium,3 - Moderate,Group 70,Resolver 23,False,False,Do Not Notify,?,?,?,?,code 6,Resolved by 21,,2016-04-16 12:07:00,True,True,False,True,True,False,,False,False
INC0017605,Closed,False,0,0,1,True,Caller 1848,Opened by  131,2016-04-11 11:53:00,?,,Updated by 908,2016-04-16 12:07:00,Phone,Location 45,Category 37,Subcategory 135,Symptom 127,?,3 - Low,3 - Low,4 - Low,Group 70,Resolver 73,False,False,Do Not Notify,?,?,?,?,code 7,Resolved by 66,,2016-04-16 12:07:00,True,True,False,True,True,False,,False,False
INC0017648,Closed,False,0,0,1,True,Caller 42,Opened by  40,2016-04-11 13:06:00,?,,Updated by 908,2016-04-16 14:07:00,Phone,Location 204,Category 42,Subcategory 223,Symptom 534,?,2 - Medium,2 - Medium,3 - Moderate,Group 70,Resolver 23,False,False,Do Not Notify,?,?,?,?,code 6,Resolved by 21,,2016-04-16 14:07:00,True,True,False,True,True,False,,False,False
INC0017656,Closed,False,0,0,1,True,Caller 4762,Opened by  40,2016-04-11 13:19:00,?,,Updated by 908,2016-04-16 14:07:00,Phone,Location 204,Category 42,Subcategory 223,Symptom 534,?,2 - Medium,2 - Medium,3 - Moderate,Group 70,Resolver 23,False,False,Do Not Notify,?,?,?,?,code 6,Resolved by 21,,2016-04-16 14:07:00,True,True,False,True,True,False,,False,False
INC0017741,Closed,False,0,0,1,True,Caller 758,Opened by  62,2016-04-11 15:13:00,?,,Updated by 908,2016-04-16 16:07:00,Phone,Location 161,Category 28,Subcategory 174,Symptom 491,?,2 - Medium,2 - Medium,3 - Moderate,Group 70,Resolver 33,False,False,Do Not Notify,?,?,?,?,code 6,Resolved by 32,,2016-04-16 16:07:00,True,True,False,True,True,False,,False,False
INC0017776,Closed,False,0,0,1,True,Caller 4459,Opened by  62,2016-04-11 15:44:00,?,,Updated by 908,2016-04-16 16:07:00,Phone,Location 108,Category 53,Subcategory 303,Symptom 598,?,2 - Medium,2 - Medium,3 - Moderate,Group 70,Resolver 33,False,False,Do Not Notify,?,?,?,?,code 9,Resolved by 32,,2016-04-16 16:07:00,True,True,False,True,True,False,,False,False
INC0017786,Closed,False,0,0,1,True,Caller 4020,Opened by  500,2016-04-11 15:52:00,?,,Updated by 908,2016-04-16 17:07:00,Phone,Location 93,Category 42,Subcategory 223,Symptom 534,?,2 - Medium,2 - Medium,3 - Moderate,Group 70,Resolver 232,False,False,Do Not Notify,?,?,?,?,code 9,Resolved by 211,,2016-04-16 17:07:00,True,True,False,True,True,False,,False,False
INC0017830,Closed,False,0,0,1,True,Caller 4821,Opened by  62,2016-04-11 17:29:00,?,,Updated by 908,2016-04-16 18:07:00,Phone,Location 161,Category 53,Subcategory 303,Symptom 571,?,2 - Medium,2 - Medium,3 - Moderate,Group 70,Resolver 33,False,False,Do Not Notify,?,?,?,?,code 9,Resolved by 32,,2016-04-16 18:07:00,True,True,False,True,True,False,,False,False
INC0017844,Closed,False,0,0,1,True,Caller 1670,Opened by  62,2016-04-11 18:17:00,?,,Updated by 908,2016-04-16 19:07:00,Phone,Location 143,Category 32,Subcategory 9,Symptom 491,?,2 - Medium,2 - Medium,3 - Moderate,Group 70,Resolver 33,False,False,Do Not Notify,?,?,?,?,code 6,Resolved by 32,,2016-04-16 19:07:00,True,True,False,True,True,False,,False,False
INC0017904,Closed,False,0,0,1,True,Caller 1027,Opened by  40,2016-04-12 08:29:00,?,,Updated by 908,2016-04-17 09:07:00,Phone,Location 161,Category 26,Subcategory 175,Symptom 116,?,2 - Medium,2 - Medium,3 - Moderate,Group 70,Resolver 23,False,False,Do Not Notify,?,?,?,?,code 6,Resolved by 21,,2016-04-17 09:07:00,True,True,False,True,True,False,,False,False
INC0017914,Closed,False,0,0,1,True,Caller 1168,Opened by  40,2016-04-12 08:40:00,?,,Updated by 908,2016-04-17 09:07:00,Phone,Location 161,Category 53,Subcategory 174,?,?,2 - Medium,2 - Medium,3 - Moderate,Group 70,Resolver 23,False,False,Do Not Notify,?,?,?,?,code 6,Resolved by 21,,2016-04-17 09:07:00,True,True,False,True,True,False,,False,False
INC0017954,Closed,False,0,0,1,True,Caller 3986,Opened by  40,2016-04-12 09:22:00,?,,Updated by 908,2016-04-17 10:07:00,Phone,Location 179,Category 37,Subcategory 135,Symptom 118,?,2 - Medium,2 - Medium,3 - Moderate,Group 70,Resolver 23,False,False,Do Not Notify,?,?,?,?,code 6,Resolved by 21,,2016-04-17 10:07:00,True,True,False,True,True,False,,False,False
INC0017956,Closed,False,0,0,1,True,Caller 802,Opened by  40,2016-04-12 09:23:00,?,,Updated by 908,2016-04-17 10:07:00,Phone,Location 143,Category 26,Subcategory 175,?,?,2 - Medium,2 - Medium,3 - Moderate,Group 70,Resolver 23,False,False,Do Not Notify,?,?,?,?,code 6,Resolved by 21,,2016-04-17 10:07:00,True,True,False,True,True,False,,False,False
INC0017966,Closed,False,0,0,1,True,Caller 1058,Opened by  40,2016-04-12 09:33:00,?,,Updated by 908,2016-04-17 10:07:00,Phone,Location 108,Category 26,Subcategory 175,?,?,2 - Medium,2 - Medium,3 - Moderate,Group 70,Resolver 23,False,False,Do Not Notify,?,?,?,?,code 6,Resolved by 21,,2016-04-17 10:07:00,True,True,False,True,True,False,,False,False
INC0017972,Closed,False,0,0,1,True,Caller 1058,Opened by  40,2016-04-12 09:38:00,?,,Updated by 908,2016-04-17 10:07:00,Phone,Location 108,Category 26,Subcategory 174,?,?,2 - Medium,2 - Medium,3 - Moderate,Group 70,Resolver 23,False,False,Do Not Notify,?,?,?,?,code 6,Resolved by 21,,2016-04-17 10:07:00,True,True,False,True,True,False,,False,False
INC0017976,Closed,False,0,0,1,True,Caller 2748,Opened by  40,2016-04-12 09:41:00,?,,Updated by 908,2016-04-17 10:07:00,Phone,Location 204,Category 53,Subcategory 174,?,?,2 - Medium,2 - Medium,3 - Moderate,Group 70,Resolver 23,False,False,Do Not Notify,?,?,?,?,code 6,Resolved by 21,,2016-04-17 10:07:00,True,True,False,True,True,False,,False,False
INC0018053,Closed,False,0,0,1,False,Caller 2872,Opened by  536,2016-04-12 10:58:00,?,,Updated by 908,2016-05-23 11:07:00,Phone,Location 161,Category 22,Subcategory 277,Symptom 86,?,2 - Medium,2 - Medium,3 - Moderate,Group 75,Resolver 253,False,False,Do Not Notify,?,?,?,?,code 6,Resolved by 231,,2016-05-23 11:07:00,True,True,False,True,True,False,,False,False
INC0018145,Closed,False,0,0,1,True,Caller 5496,Opened by  500,2016-04-12 12:55:00,?,,Updated by 908,2016-04-17 13:07:00,Phone,Location 59,Category 32,Subcategory 9,Symptom 491,?,2 - Medium,2 - Medium,3 - Moderate,Group 70,Resolver 232,False,False,Do Not Notify,?,?,?,?,code 10,Resolved by 211,,2016-04-17 13:07:00,True,True,False,True,True,False,,False,False
INC0018146,Closed,False,0,0,1,True,Caller 4247,Opened by  40,2016-04-12 13:01:00,?,,Updated by 908,2016-04-17 13:07:00,Phone,Location 93,Category 35,Subcategory 28,Symptom 506,?,2 - Medium,2 - Medium,3 - Moderate,Group 70,Resolver 23,False,False,Do Not Notify,?,?,?,?,code 6,Resolved by 21,,2016-04-17 13:07:00,True,True,False,True,True,False,,False,False
INC0018152,Closed,False,0,0,1,True,Caller 3037,Opened by  40,2016-04-12 13:12:00,?,,Updated by 908,2016-04-17 14:07:00,Phone,Location 143,Category 26,Subcategory 164,Symptom 571,?,2 - Medium,2 - Medium,3 - Moderate,Group 70,Resolver 23,False,False,Do Not Notify,?,?,?,?,code 6,Resolved by 21,,2016-04-17 14:07:00,True,True,False,True,True,False,,False,False
INC0018160,Closed,False,0,0,1,True,Caller 2535,Opened by  500,2016-04-12 13:25:00,?,,Updated by 908,2016-04-17 14:07:00,Phone,Location 44,Category 42,Subcategory 223,Symptom 534,?,2 - Medium,2 - Medium,3 - Moderate,Group 70,Resolver 232,False,False,Do Not Notify,?,?,?,?,code 9,Resolved by 211,,2016-04-17 14:07:00,True,True,False,True,True,False,,False,False
INC0018264,Closed,False,0,0,1,True,Caller 1354,Opened by  62,2016-04-12 15:19:00,?,,Updated by 908,2016-04-17 16:07:00,Phone,Location 111,Category 42,Subcategory 223,Symptom 534,?,2 - Medium,2 - Medium,3 - Moderate,Group 70,Resolver 33,False,False,Do Not Notify,?,?,?,?,code 6,Resolved by 32,,2016-04-17 16:07:00,True,True,False,True,True,False,,False,False
INC0018268,Closed,False,0,0,1,True,Caller 455,Opened by  62,2016-04-12 15:26:00,?,,Updated by 908,2016-04-17 16:07:00,Phone,Location 41,Category 42,Subcategory 223,Symptom 491,?,2 - Medium,2 - Medium,3 - Moderate,Group 70,Resolver 33,False,False,Do Not Notify,?,?,?,?,code 6,Resolved by 32,,2016-04-17 16:07:00,True,True,False,True,True,False,,False,False
INC0018277,Closed,False,0,0,1,True,Caller 5024,Opened by  500,2016-04-12 15:33:00,?,,Updated by 908,2016-04-17 16:07:00,Phone,Location 143,Category 42,Subcategory 223,Symptom 534,?,2 - Medium,2 - Medium,3 - Moderate,Group 70,Resolver 232,False,False,Do Not Notify,?,?,?,?,code 9,Resolved by 211,,2016-04-17 16:07:00,True,True,False,True,True,False,,False,False
INC0018280,Closed,False,0,0,1,True,Caller 3037,Opened by  62,2016-04-12 15:40:00,?,,Updated by 908,2016-04-17 16:07:00,Phone,Location 143,Category 26,Subcategory 175,Symptom 119,?,2 - Medium,2 - Medium,3 - Moderate,Group 70,Resolver 33,False,False,Do Not Notify,?,?,?,?,code 9,Resolved by 32,,2016-04-17 16:07:00,True,True,False,True,True,False,,False,False
INC0018283,Closed,False,0,0,1,True,Caller 555,Opened by  62,2016-04-12 15:46:00,?,,Updated by 908,2016-04-17 16:07:00,Phone,Location 161,Category 32,Subcategory 9,Symptom 105,?,2 - Medium,2 - Medium,3 - Moderate,Group 70,Resolver 33,False,False,Do Not Notify,?,?,?,?,code 6,Resolved by 32,,2016-04-17 16:07:00,True,True,False,True,True,False,,False,False
INC0018299,Closed,False,0,0,1,True,Caller 1689,Opened by  62,2016-04-12 16:03:00,?,,Updated by 908,2016-04-17 17:07:00,Phone,Location 204,Category 20,Subcategory 103,Symptom 491,?,2 - Medium,2 - Medium,3 - Moderate,Group 70,Resolver 33,False,False,Do Not Notify,?,?,?,?,code 9,Resolved by 32,,2016-04-17 17:07:00,True,True,False,True,True,False,,False,False
INC0018323,Closed,False,0,0,1,True,Caller 2267,Opened by  62,2016-04-12 16:34:00,?,,Updated by 908,2016-04-17 17:07:00,Phone,Location 93,Category 26,Subcategory 175,Symptom 491,?,2 - Medium,2 - Medium,3 - Moderate,Group 70,Resolver 33,False,False,Do Not Notify,?,?,?,?,code 6,Resolved by 32,,2016-04-17 17:07:00,True,True,False,True,True,False,,False,False
INC0018332,Closed,False,0,0,1,True,Caller 4715,Opened by  62,2016-04-12 16:56:00,?,,Updated by 908,2016-04-17 17:10:00,Phone,Location 43,Category 26,Subcategory 175,Symptom 116,?,2 - Medium,2 - Medium,3 - Moderate,Group 70,Resolver 33,False,False,Do Not Notify,?,?,?,?,code 9,Resolved by 32,,2016-04-17 17:10:00,True,True,False,True,True,False,,False,False
INC0018335,Closed,False,0,0,1,True,Caller 4715,Opened by  62,2016-04-12 17:08:00,?,,Updated by 908,2016-04-17 18:07:00,Phone,Location 43,Category 26,Subcategory 275,Symptom 491,?,2 - Medium,2 - Medium,3 - Moderate,Group 70,Resolver 33,False,False,Do Not Notify,?,?,?,?,code 6,Resolved by 32,,2016-04-17 18:07:00,True,True,False,True,True,False,,False,False
INC0018346,Closed,False,0,0,1,True,Caller 2621,Opened by  62,2016-04-12 17:20:00,?,,Updated by 908,2016-04-17 18:07:00,Phone,Location 108,Category 42,Subcategory 223,Symptom 534,?,2 - Medium,2 - Medium,3 - Moderate,Group 70,Resolver 33,False,False,Do Not Notify,?,?,?,?,code 6,Resolved by 32,,2016-04-17 18:07:00,True,True,False,True,True,False,,False,False
INC0018350,Closed,False,0,0,1,True,Caller 621,Opened by  500,2016-04-12 17:23:00,?,,Updated by 908,2016-04-17 18:07:00,Phone,Location 39,Category 42,Subcategory 223,Symptom 534,?,2 - Medium,2 - Medium,3 - Moderate,Group 70,Resolver 232,False,False,Do Not Notify,?,?,?,?,code 9,Resolved by 211,,2016-04-17 18:07:00,True,True,False,True,True,False,,False,False
INC0018436,Closed,False,0,0,1,True,Caller 3525,Opened by  40,2016-04-13 08:05:00,?,,Updated by 908,2016-04-18 09:07:00,Phone,Location 204,Category 35,Subcategory 28,Symptom 506,?,2 - Medium,2 - Medium,3 - Moderate,Group 70,Resolver 23,False,False,Do Not Notify,?,?,?,?,code 6,Resolved by 21,,2016-04-18 09:07:00,True,True,False,True,True,False,,False,False
INC0018448,Closed,False,0,0,1,True,Caller 2967,Opened by  40,2016-04-13 08:20:00,?,,Updated by 908,2016-04-18 09:07:00,Phone,Location 161,Category 26,Subcategory 175,Symptom 116,?,2 - Medium,2 - Medium,3 - Moderate,Group 70,Resolver 23,False,False,Do Not Notify,?,?,?,?,code 6,Resolved by 21,,2016-04-18 09:07:00,True,True,False,True,True,False,,False,False
INC0018456,Closed,False,0,0,1,True,Caller 3089,Opened by  242,2016-04-13 08:30:00,?,,Updated by 908,2016-04-18 10:07:00,Phone,Location 108,Category 26,Subcategory 275,Symptom 491,?,2 - Medium,2 - Medium,3 - Moderate,Group 70,Resolver 128,False,False,Do Not Notify,?,?,?,?,code 6,Resolved by 116,,2016-04-18 10:07:00,True,True,False,True,True,False,,False,False
INC0018469,Closed,False,0,0,1,True,Caller 4970,Opened by  40,2016-04-13 08:46:00,?,,Updated by 908,2016-04-18 09:07:00,Phone,Location 161,Category 43,Subcategory 174,Symptom 491,?,2 - Medium,2 - Medium,3 - Moderate,Group 70,Resolver 23,False,False,Do Not Notify,?,?,?,?,code 6,Resolved by 21,,2016-04-18 09:07:00,True,True,False,True,True,False,,False,False
INC0018493,Closed,False,0,0,1,True,Caller 5498,Opened by  40,2016-04-13 09:14:00,?,,Updated by 908,2016-04-18 10:07:00,Phone,Location 161,Category 26,Subcategory 175,Symptom 491,?,2 - Medium,2 - Medium,3 - Moderate,Group 70,Resolver 23,False,False,Do Not Notify,?,?,?,?,code 6,Resolved by 21,,2016-04-18 10:07:00,True,True,False,True,True,False,,False,False
INC0018501,Closed,False,0,0,1,True,Caller 1517,Opened by  40,2016-04-13 09:20:00,?,,Updated by 908,2016-04-18 10:07:00,Phone,Location 143,Category 26,Subcategory 175,?,?,2 - Medium,2 - Medium,3 - Moderate,Group 70,Resolver 23,False,False,Do Not Notify,?,?,?,?,code 6,Resolved by 21,,2016-04-18 10:07:00,True,True,False,True,True,False,,False,False
INC0018535,Closed,False,0,0,1,True,Caller 3870,Opened by  40,2016-04-13 10:06:00,?,,Updated by 908,2016-04-18 11:07:00,Phone,Location 161,Category 26,Subcategory 164,?,?,2 - Medium,2 - Medium,3 - Moderate,Group 70,Resolver 23,False,False,Do Not Notify,?,?,?,?,code 6,Resolved by 21,,2016-04-18 11:07:00,True,True,False,True,True,False,,False,False
INC0018574,Closed,False,0,0,1,True,Caller 3327,Opened by  40,2016-04-13 10:48:00,?,,Updated by 908,2016-04-18 11:07:00,Phone,Location 204,Category 35,Subcategory 28,Symptom 506,?,2 - Medium,2 - Medium,3 - Moderate,Group 70,Resolver 23,False,False,Do Not Notify,?,?,?,?,code 6,Resolved by 21,,2016-04-18 11:07:00,True,True,False,True,True,False,,False,False
INC0018601,Closed,False,0,0,1,True,Caller 4473,Opened by  40,2016-04-13 11:15:00,?,,Updated by 908,2016-04-18 12:07:00,Phone,Location 108,Category 26,Subcategory 275,Symptom 371,?,2 - Medium,2 - Medium,3 - Moderate,Group 70,Resolver 23,False,False,Do Not Notify,?,?,?,?,code 6,Resolved by 21,,2016-04-18 12:07:00,True,True,False,True,True,False,,False,False
INC0018613,Closed,False,0,0,1,True,Caller 4203,Opened by  40,2016-04-13 11:28:00,?,,Updated by 908,2016-04-18 12:07:00,Phone,Location 161,Category 32,Subcategory 9,Symptom 491,?,2 - Medium,2 - Medium,3 - Moderate,Group 70,Resolver 23,False,False,Do Not Notify,?,?,?,?,code 6,Resolved by 21,,2016-04-18 12:07:00,True,True,False,True,True,False,,False,False
INC0018626,Closed,False,0,0,1,True,Caller 4324,Opened by  40,2016-04-13 11:46:00,?,,Updated by 908,2016-04-18 12:07:00,Phone,Location 204,Category 26,Subcategory 175,Symptom 116,?,2 - Medium,2 - Medium,3 - Moderate,Group 70,Resolver 23,False,False,Do Not Notify,?,?,?,?,code 6,Resolved by 21,,2016-04-18 12:07:00,True,True,False,True,True,False,,False,False
INC0018646,Closed,False,0,0,1,True,Caller 4970,Opened by  40,2016-04-13 12:23:00,?,,Updated by 908,2016-04-18 13:07:00,Phone,Location 161,Category 35,Subcategory 28,Symptom 506,?,2 - Medium,2 - Medium,3 - Moderate,Group 70,Resolver 23,False,False,Do Not Notify,?,?,?,?,code 6,Resolved by 21,,2016-04-18 13:07:00,True,True,False,True,True,False,,False,False
INC0018737,Closed,False,0,0,1,True,Caller 4536,Opened by  500,2016-04-13 14:50:00,?,,Updated by 908,2016-04-18 16:07:00,Phone,Location 46,Category 9,Subcategory 164,Symptom 571,?,2 - Medium,2 - Medium,3 - Moderate,Group 70,Resolver 232,False,False,Do Not Notify,?,?,?,?,code 9,Resolved by 211,,2016-04-18 16:07:00,True,True,False,True,True,False,,False,False
INC0018799,Closed,False,0,0,1,True,Caller 2139,Opened by  62,2016-04-13 15:46:00,?,,Updated by 908,2016-04-18 16:07:00,Phone,Location 108,Category 42,Subcategory 223,Symptom 491,?,2 - Medium,2 - Medium,3 - Moderate,Group 70,Resolver 33,False,False,Do Not Notify,?,?,?,?,code 9,Resolved by 32,,2016-04-18 16:07:00,True,True,False,True,True,False,,False,False
INC0018804,Closed,False,0,0,1,True,Caller 79,Opened by  500,2016-04-13 15:50:00,?,,Updated by 16,2016-04-18 16:14:00,Phone,Location 108,Category 20,Subcategory 174,Symptom 491,?,2 - Medium,2 - Medium,3 - Moderate,Group 70,Resolver 232,True,False,Do Not Notify,?,?,?,?,code 9,Resolved by 211,,2016-04-18 16:14:00,True,True,False,True,True,False,,False,False
INC0018828,Closed,False,0,0,1,True,Caller 4220,Opened by  62,2016-04-13 16:17:00,?,,Updated by 16,2016-04-18 16:14:00,Phone,Location 143,Category 42,Subcategory 223,Symptom 534,?,2 - Medium,2 - Medium,3 - Moderate,Group 70,Resolver 33,False,False,Do Not Notify,?,?,?,?,code 6,Resolved by 32,,2016-04-18 16:14:00,True,True,False,True,True,False,,False,False
INC0018841,Closed,False,0,0,1,True,Caller 2569,Opened by  62,2016-04-13 16:28:00,?,,Updated by 16,2016-04-18 16:12:00,Phone,Location 8,Category 40,Subcategory 44,Symptom 5,?,2 - Medium,2 - Medium,3 - Moderate,Group 70,Resolver 33,False,False,Do Not Notify,?,?,?,?,code 9,Resolved by 32,,2016-04-18 16:12:00,True,True,False,True,True,False,,False,False
INC0018847,Closed,False,0,0,1,True,Caller 4437,Opened by  500,2016-04-13 16:44:00,?,,Updated by 16,2016-04-18 16:11:00,Phone,Location 143,Category 42,Subcategory 223,Symptom 534,?,2 - Medium,2 - Medium,3 - Moderate,Group 70,Resolver 232,False,False,Do Not Notify,?,?,?,?,code 9,Resolved by 211,,2016-04-18 16:11:00,True,True,False,True,True,False,,False,False
INC0018848,Closed,False,0,0,1,True,Caller 4,Opened by  500,2016-04-13 16:46:00,?,,Updated by 16,2016-04-18 16:12:00,Phone,Location 108,Category 26,Subcategory 175,Symptom 120,?,2 - Medium,2 - Medium,3 - Moderate,Group 70,Resolver 232,False,False,Do Not Notify,?,?,?,?,code 9,Resolved by 211,,2016-04-18 16:12:00,True,True,False,True,True,False,,False,False
INC0018856,Closed,False,0,0,1,True,Caller 3946,Opened by  500,2016-04-13 16:58:00,?,,Updated by 16,2016-04-18 16:10:00,Phone,Location 8,Category 35,Subcategory 174,Symptom 491,?,2 - Medium,2 - Medium,3 - Moderate,Group 70,Resolver 232,False,False,Do Not Notify,?,?,?,?,code 9,Resolved by 211,,2016-04-18 16:10:00,True,True,False,True,True,False,,False,False
INC0018886,Closed,False,0,0,1,True,Caller 76,Opened by  62,2016-04-13 18:54:00,?,,Updated by 16,2016-04-18 16:09:00,Phone,Location 173,Category 42,Subcategory 223,Symptom 491,?,2 - Medium,2 - Medium,3 - Moderate,Group 70,Resolver 33,False,False,Do Not Notify,?,?,?,?,code 6,Resolved by 32,,2016-04-18 16:09:00,True,True,False,True,True,False,,False,False
INC0018892,Closed,False,0,0,1,True,Caller 3409,Opened by  62,2016-04-13 20:03:00,?,,Updated by 16,2016-04-18 16:09:00,Phone,Location 161,Category 32,Subcategory 9,Symptom 105,?,2 - Medium,2 - Medium,3 - Moderate,Group 70,Resolver 33,False,False,Do Not Notify,?,?,?,?,code 6,Resolved by 32,,2016-04-18 16:09:00,True,True,False,True,True,False,,False,False
INC0018895,Closed,False,0,0,1,True,Caller 3296,Opened by  62,2016-04-13 20:40:00,?,,Updated by 16,2016-04-18 16:09:00,Phone,Location 161,Category 26,Subcategory 175,Symptom 116,?,2 - Medium,2 - Medium,3 - Moderate,Group 70,Resolver 33,False,False,Do Not Notify,?,?,?,?,code 9,Resolved by 32,,2016-04-18 16:09:00,True,True,False,True,True,False,,False,False
INC0018907,Closed,False,0,0,1,True,Caller 848,Opened by  47,2016-04-13 22:20:00,?,,Updated by 16,2016-04-18 16:08:00,Phone,Location 204,Category 35,Subcategory 28,Symptom 506,?,2 - Medium,2 - Medium,3 - Moderate,Group 70,Resolver 26,False,False,Do Not Notify,?,?,?,?,code 9,Resolved by 24,,2016-04-18 16:08:00,True,True,False,True,True,False,,False,False
INC0018918,Closed,False,0,0,1,True,Caller 4475,Opened by  397,2016-04-14 01:03:00,?,,Updated by 908,2016-04-19 01:10:00,Phone,Location 108,Category 26,Subcategory 175,?,?,2 - Medium,2 - Medium,3 - Moderate,Group 70,Resolver 191,False,False,Do Not Notify,?,?,?,?,code 6,Resolved by 174,,2016-04-19 01:10:00,True,True,False,True,True,False,,False,False
INC0019064,Closed,False,0,0,1,True,Caller 1492,Opened by  62,2016-04-14 10:22:00,?,,Updated by 908,2016-04-19 11:07:00,Phone,Location 204,Category 35,Subcategory 28,Symptom 506,?,2 - Medium,2 - Medium,3 - Moderate,Group 70,Resolver 33,False,False,Do Not Notify,?,?,?,?,code 7,Resolved by 32,,2016-04-19 11:07:00,True,True,False,True,True,False,,False,False
INC0019072,Closed,False,0,0,1,True,Caller 821,Opened by  62,2016-04-14 10:31:00,?,,Updated by 908,2016-04-19 11:07:00,Phone,Location 204,Category 28,Subcategory 174,Symptom 491,?,2 - Medium,2 - Medium,3 - Moderate,Group 70,Resolver 33,False,False,Do Not Notify,?,?,?,?,code 8,Resolved by 32,,2016-04-19 11:07:00,True,True,False,True,True,False,,False,False
INC0019095,Closed,False,0,0,1,True,Caller 778,Opened by  62,2016-04-14 10:59:00,?,,Updated by 908,2016-04-19 12:07:00,Phone,Location 93,Category 19,Subcategory 163,Symptom 491,?,2 - Medium,2 - Medium,3 - Moderate,Group 70,Resolver 33,False,False,Do Not Notify,?,?,?,?,code 7,Resolved by 32,,2016-04-19 12:07:00,True,True,False,True,True,False,,False,False
INC0019104,Closed,False,0,0,1,True,Caller 358,Opened by  62,2016-04-14 11:12:00,?,,Updated by 908,2016-04-19 12:07:00,Phone,Location 161,Category 28,Subcategory 174,Symptom 491,?,2 - Medium,2 - Medium,3 - Moderate,Group 70,Resolver 33,False,False,Do Not Notify,?,?,?,?,code 7,Resolved by 32,,2016-04-19 12:07:00,True,True,False,True,True,False,,False,False
INC0019194,Closed,False,0,0,1,True,Caller 4425,Opened by  40,2016-04-14 13:01:00,?,,Updated by 908,2016-04-19 13:10:00,Phone,Location 204,Category 32,Subcategory 9,Symptom 491,?,2 - Medium,2 - Medium,3 - Moderate,Group 70,Resolver 23,False,False,Do Not Notify,?,?,?,?,code 6,Resolved by 21,,2016-04-19 13:10:00,True,True,False,True,True,False,,False,False
INC0019198,Closed,False,0,0,1,True,Caller 4626,Opened by  500,2016-04-14 13:12:00,?,,Updated by 908,2016-04-19 14:07:00,Phone,Location 93,Category 35,Subcategory 28,Symptom 506,?,2 - Medium,2 - Medium,3 - Moderate,Group 70,Resolver 232,False,False,Do Not Notify,?,?,?,?,code 9,Resolved by 211,,2016-04-19 14:07:00,True,True,False,True,True,False,,False,False
INC0019200,Closed,False,0,0,1,False,Caller 5366,Opened by  40,2016-04-14 13:16:00,?,,Updated by 908,2016-05-23 11:07:00,Phone,Location 143,Category 53,Subcategory 82,Symptom 296,?,2 - Medium,2 - Medium,3 - Moderate,Group 76,Resolver 23,False,False,Do Not Notify,?,?,?,?,code 6,Resolved by 21,,2016-05-23 11:07:00,True,True,False,True,True,False,,False,False
INC0019204,Closed,False,0,0,1,True,Caller 1412,Opened by  500,2016-04-14 13:20:00,?,,Updated by 908,2016-04-19 15:07:00,Phone,Location 161,Category 26,Subcategory 175,Symptom 116,?,2 - Medium,2 - Medium,3 - Moderate,Group 70,Resolver 232,False,False,Do Not Notify,?,?,?,?,code 10,Resolved by 211,,2016-04-19 15:07:00,True,True,False,True,True,False,,False,False
INC0019214,Closed,False,0,0,1,True,Caller 2425,Opened by  40,2016-04-14 13:32:00,?,,Updated by 908,2016-04-19 14:07:00,Phone,Location 161,Category 32,Subcategory 9,Symptom 491,?,2 - Medium,2 - Medium,3 - Moderate,Group 70,Resolver 23,False,False,Do Not Notify,?,?,?,?,code 6,Resolved by 21,,2016-04-19 14:07:00,True,True,False,True,True,False,,False,False
INC0019230,Closed,False,0,0,1,True,Caller 3873,Opened by  40,2016-04-14 13:57:00,?,,Updated by 908,2016-04-19 14:07:00,Phone,Location 204,Category 35,Subcategory 28,?,?,2 - Medium,2 - Medium,3 - Moderate,Group 70,Resolver 23,False,False,Do Not Notify,?,?,?,?,code 6,Resolved by 21,,2016-04-19 14:07:00,True,True,False,True,True,False,,False,False
INC0019233,Closed,False,0,0,1,True,Caller 1592,Opened by  40,2016-04-14 14:02:00,?,,Updated by 908,2016-04-19 14:10:00,Phone,Location 93,Category 26,Subcategory 175,Symptom 116,?,2 - Medium,2 - Medium,3 - Moderate,Group 70,Resolver 23,False,False,Do Not Notify,?,?,?,?,code 6,Resolved by 21,,2016-04-19 14:10:00,True,True,False,True,True,False,,False,False
INC0019238,Closed,False,0,0,1,True,Caller 1441,Opened by  40,2016-04-14 14:10:00,?,,Updated by 908,2016-04-19 15:07:00,Phone,Location 179,Category 35,Subcategory 28,Symptom 506,?,2 - Medium,2 - Medium,3 - Moderate,Group 70,Resolver 23,False,False,Do Not Notify,?,?,?,?,code 6,Resolved by 21,,2016-04-19 15:07:00,True,True,False,True,True,False,,False,False
INC0019240,Closed,False,0,0,1,True,Caller 1254,Opened by  108,2016-04-14 14:10:00,?,,Updated by 908,2016-04-19 15:07:00,Phone,Location 143,Category 26,Subcategory 175,?,?,2 - Medium,2 - Medium,3 - Moderate,Group 70,Resolver 56,False,False,Do Not Notify,?,?,?,?,code 6,Resolved by 52,,2016-04-19 15:07:00,True,True,False,True,True,False,,False,False
INC0019241,Closed,False,0,0,1,True,Caller 4679,Opened by  500,2016-04-14 14:10:00,?,,Updated by 908,2016-04-19 15:07:00,Phone,Location 108,Category 42,Subcategory 223,Symptom 534,?,2 - Medium,2 - Medium,3 - Moderate,Group 70,Resolver 232,False,False,Do Not Notify,?,?,?,?,code 9,Resolved by 211,,2016-04-19 15:07:00,True,True,False,True,True,False,,False,False
INC0019248,Closed,False,0,0,1,True,Caller 1592,Opened by  500,2016-04-14 14:21:00,?,,Updated by 908,2016-04-19 15:07:00,Phone,Location 93,Category 26,Subcategory 175,Symptom 116,?,2 - Medium,2 - Medium,3 - Moderate,Group 70,Resolver 232,False,False,Do Not Notify,?,?,?,?,code 9,Resolved by 211,,2016-04-19 15:07:00,True,True,False,True,True,False,,False,False
INC0019250,Closed,False,0,0,1,True,Caller 2139,Opened by  108,2016-04-14 14:23:00,?,,Updated by 908,2016-04-19 15:07:00,Phone,Location 108,Category 26,Subcategory 174,?,?,2 - Medium,2 - Medium,3 - Moderate,Group 70,Resolver 56,False,False,Do Not Notify,?,?,?,?,code 6,Resolved by 52,,2016-04-19 15:07:00,True,True,False,True,True,False,,False,False
INC0019269,Closed,False,0,0,1,True,Caller 4088,Opened by  500,2016-04-14 14:48:00,?,,Updated by 908,2016-04-19 15:07:00,Phone,Location 143,Category 42,Subcategory 223,Symptom 534,?,2 - Medium,2 - Medium,3 - Moderate,Group 70,Resolver 232,False,False,Do Not Notify,?,?,?,?,code 9,Resolved by 211,,2016-04-19 15:07:00,True,True,False,True,True,False,,False,False
INC0019296,Closed,False,0,0,1,True,Caller 1913,Opened by  62,2016-04-14 15:24:00,?,,Updated by 908,2016-04-19 16:07:00,Phone,Location 51,Category 26,Subcategory 164,Symptom 387,?,2 - Medium,2 - Medium,3 - Moderate,Group 70,Resolver 33,False,False,Do Not Notify,?,?,?,?,code 6,Resolved by 32,,2016-04-19 16:07:00,True,True,False,True,True,False,,False,False
INC0019303,Closed,False,0,0,1,True,Caller 1502,Opened by  62,2016-04-14 15:39:00,?,,Updated by 908,2016-04-19 16:07:00,Phone,Location 131,Category 32,Subcategory 9,Symptom 491,?,2 - Medium,2 - Medium,3 - Moderate,Group 70,Resolver 33,False,False,Do Not Notify,?,?,?,?,code 6,Resolved by 32,,2016-04-19 16:07:00,True,True,False,True,True,False,,False,False
INC0019329,Closed,False,0,0,1,True,Caller 2913,Opened by  62,2016-04-14 16:21:00,?,,Updated by 908,2016-04-19 17:07:00,Phone,Location 161,Category 26,Subcategory 175,Symptom 116,?,2 - Medium,2 - Medium,3 - Moderate,Group 70,Resolver 33,False,False,Do Not Notify,?,?,?,?,code 9,Resolved by 32,,2016-04-19 17:07:00,True,True,False,True,True,False,,False,False
INC0019356,Closed,False,0,0,1,True,Caller 2274,Opened by  62,2016-04-14 17:04:00,?,,Updated by 908,2016-04-19 17:10:00,Phone,Location 93,Category 42,Subcategory 223,Symptom 534,?,2 - Medium,2 - Medium,3 - Moderate,Group 70,Resolver 33,False,False,Do Not Notify,?,?,?,?,code 6,Resolved by 32,,2016-04-19 17:10:00,True,True,False,True,True,False,,False,False
INC0019365,Closed,False,0,0,1,True,Caller 338,Opened by  62,2016-04-14 17:25:00,?,,Updated by 908,2016-04-19 18:07:00,Phone,Location 161,Category 42,Subcategory 223,Symptom 534,?,2 - Medium,2 - Medium,3 - Moderate,Group 70,Resolver 33,False,False,Do Not Notify,?,?,?,?,code 6,Resolved by 32,,2016-04-19 18:07:00,True,True,False,True,True,False,,False,False
INC0019420,Closed,False,0,0,1,True,Caller 1252,Opened by  397,2016-04-15 03:09:00,?,,Updated by 908,2016-04-20 04:07:00,Phone,Location 204,Category 35,Subcategory 28,?,?,2 - Medium,2 - Medium,3 - Moderate,Group 70,Resolver 191,False,False,Do Not Notify,?,?,?,?,code 7,Resolved by 174,,2016-04-20 04:07:00,True,True,False,True,True,False,,False,False
INC0019423,Closed,False,0,0,1,True,Caller 4612,Opened by  397,2016-04-15 04:44:00,?,,Updated by 908,2016-04-20 05:07:00,Phone,Location 204,Category 42,Subcategory 223,Symptom 534,?,2 - Medium,2 - Medium,3 - Moderate,Group 70,Resolver 191,False,False,Do Not Notify,?,?,?,?,code 7,Resolved by 174,,2016-04-20 05:07:00,True,True,False,True,True,False,,False,False
INC0019458,Closed,False,0,0,1,True,Caller 1837,Opened by  40,2016-04-15 08:27:00,?,,Updated by 908,2016-04-20 09:07:00,Phone,Location 161,Category 42,Subcategory 223,Symptom 534,?,2 - Medium,2 - Medium,3 - Moderate,Group 70,Resolver 23,False,False,Do Not Notify,?,?,?,?,code 6,Resolved by 21,,2016-04-20 09:07:00,True,True,False,True,True,False,,False,False
INC0019486,Closed,False,0,0,1,True,Caller 3944,Opened by  40,2016-04-15 09:00:00,?,,Updated by 908,2016-04-20 10:07:00,Phone,Location 54,Category 53,Subcategory 174,Symptom 491,?,2 - Medium,2 - Medium,3 - Moderate,Group 70,Resolver 23,False,False,Do Not Notify,?,?,?,?,code 6,Resolved by 21,,2016-04-20 10:07:00,True,True,False,True,True,False,,False,False
INC0019509,Closed,False,0,0,1,False,Caller 3160,Opened by  40,2016-04-15 09:25:00,?,,Updated by 908,2016-05-23 11:07:00,Phone,Location 204,Category 57,Subcategory 170,Symptom 491,?,2 - Medium,2 - Medium,3 - Moderate,Group 65,Resolver 23,False,False,Do Not Notify,?,?,?,?,code 6,Resolved by 21,,2016-05-23 11:07:00,True,True,False,True,True,False,,False,False
INC0019511,Closed,False,0,0,1,True,Caller 4806,Opened by  40,2016-04-15 09:27:00,?,,Updated by 908,2016-04-20 10:07:00,Phone,Location 51,Category 42,Subcategory 223,Symptom 534,?,2 - Medium,2 - Medium,3 - Moderate,Group 70,Resolver 23,False,False,Do Not Notify,?,?,?,?,code 6,Resolved by 21,,2016-04-20 10:07:00,True,True,False,True,True,False,,False,False
INC0019518,Closed,False,0,0,1,True,Caller 4806,Opened by  40,2016-04-15 09:34:00,?,,Updated by 908,2016-04-20 10:07:00,Phone,Location 51,Category 42,Subcategory 223,?,?,2 - Medium,2 - Medium,3 - Moderate,Group 70,Resolver 23,False,False,Do Not Notify,?,?,?,?,code 6,Resolved by 21,,2016-04-20 10:07:00,True,True,False,True,True,False,,False,False
INC0019523,Closed,False,0,0,1,True,Caller 3288,Opened by  40,2016-04-15 09:35:00,?,,Updated by 908,2016-04-20 10:07:00,Phone,Location 204,Category 35,Subcategory 28,Symptom 506,?,2 - Medium,2 - Medium,3 - Moderate,Group 70,Resolver 23,False,False,Do Not Notify,?,?,?,?,code 6,Resolved by 21,,2016-04-20 10:07:00,True,True,False,True,True,False,,False,False
INC0019539,Closed,False,0,0,1,True,Caller 4971,Opened by  40,2016-04-15 09:45:00,?,,Updated by 908,2016-04-20 10:07:00,Phone,Location 108,Category 35,Subcategory 28,Symptom 506,?,2 - Medium,2 - Medium,3 - Moderate,Group 70,Resolver 23,False,False,Do Not Notify,?,?,?,?,code 6,Resolved by 21,,2016-04-20 10:07:00,True,True,False,True,True,False,,False,False
INC0019560,Closed,False,0,0,1,True,Caller 4746,Opened by  40,2016-04-15 10:08:00,?,,Updated by 908,2016-04-20 11:07:00,Phone,Location 204,Category 35,Subcategory 28,Symptom 506,?,2 - Medium,2 - Medium,3 - Moderate,Group 70,Resolver 23,False,False,Do Not Notify,?,?,?,?,code 6,Resolved by 21,,2016-04-20 11:07:00,True,True,False,True,True,False,,False,False
INC0019602,Closed,False,0,0,1,True,Caller 4103,Opened by  40,2016-04-15 11:05:00,?,,Updated by 908,2016-04-20 12:07:00,Phone,Location 204,Category 35,Subcategory 28,Symptom 506,?,2 - Medium,2 - Medium,3 - Moderate,Group 70,Resolver 23,False,False,Do Not Notify,?,?,?,?,code 6,Resolved by 21,,2016-04-20 12:07:00,True,True,False,True,True,False,,False,False
INC0019610,Closed,False,0,0,1,True,Caller 4103,Opened by  40,2016-04-15 11:15:00,?,,Updated by 908,2016-04-20 12:07:00,Phone,Location 204,Category 53,Subcategory 174,?,?,2 - Medium,2 - Medium,3 - Moderate,Group 70,Resolver 23,False,False,Do Not Notify,?,?,?,?,code 6,Resolved by 21,,2016-04-20 12:07:00,True,True,False,True,True,False,,False,False
INC0019660,Closed,False,0,0,1,True,Caller 386,Opened by  108,2016-04-15 12:01:00,?,,Updated by 908,2016-04-20 13:07:00,Phone,Location 161,Category 40,Subcategory 44,Symptom 491,?,2 - Medium,2 - Medium,3 - Moderate,Group 70,Resolver 56,False,False,Do Not Notify,?,?,?,?,code 6,Resolved by 52,,2016-04-20 13:07:00,True,True,False,True,True,False,,False,False
INC0019662,Closed,False,0,0,1,True,Caller 3263,Opened by  108,2016-04-15 12:02:00,?,,Updated by 908,2016-04-20 12:10:00,Phone,Location 54,Category 20,Subcategory 103,Symptom 387,?,2 - Medium,2 - Medium,3 - Moderate,Group 70,Resolver 56,False,False,Do Not Notify,?,?,?,?,code 6,Resolved by 52,,2016-04-20 12:10:00,True,True,False,True,True,False,,False,False
INC0019706,Closed,False,0,0,1,True,Caller 2368,Opened by  40,2016-04-15 12:33:00,?,,Updated by 908,2016-04-20 13:07:00,Phone,Location 204,Category 35,Subcategory 28,Symptom 506,?,2 - Medium,2 - Medium,3 - Moderate,Group 70,Resolver 23,False,False,Do Not Notify,?,?,?,?,code 6,Resolved by 21,,2016-04-20 13:07:00,True,True,False,True,True,False,,False,False
INC0019708,Closed,False,0,0,1,True,Caller 1563,Opened by  500,2016-04-15 12:37:00,?,,Updated by 908,2016-04-20 14:07:00,Phone,Location 143,Category 35,Subcategory 28,Symptom 506,?,2 - Medium,2 - Medium,3 - Moderate,Group 70,Resolver 232,False,False,Do Not Notify,?,?,?,?,code 9,Resolved by 211,,2016-04-20 14:07:00,True,True,False,True,True,False,,False,False
INC0019729,Closed,False,0,0,1,True,Caller 994,Opened by  500,2016-04-15 13:10:00,?,,Updated by 908,2016-04-20 14:07:00,Phone,Location 204,Category 35,Subcategory 28,Symptom 506,?,2 - Medium,2 - Medium,3 - Moderate,Group 70,Resolver 232,False,False,Do Not Notify,?,?,?,?,code 9,Resolved by 211,,2016-04-20 14:07:00,True,True,False,True,True,False,,False,False
INC0019752,Closed,False,0,0,1,False,Caller 4803,Opened by  124,2016-04-15 13:41:00,?,,Updated by 908,2016-05-23 11:07:00,Phone,Location 93,Category 13,Subcategory 302,Symptom 491,?,2 - Medium,2 - Medium,3 - Moderate,Group 70,Resolver 69,False,False,Do Not Notify,?,?,?,?,code 6,Resolved by 62,,2016-05-23 11:07:00,True,True,False,True,True,False,,False,False
INC0019758,Closed,False,0,0,1,True,Caller 902,Opened by  500,2016-04-15 13:42:00,?,,Updated by 908,2016-04-20 14:07:00,Phone,Location 204,Category 35,Subcategory 28,Symptom 506,?,2 - Medium,2 - Medium,3 - Moderate,Group 70,Resolver 232,False,False,Do Not Notify,?,?,?,?,code 9,Resolved by 211,,2016-04-20 14:07:00,True,True,False,True,True,False,,False,False
INC0019918,Closed,False,0,0,1,True,Caller 3529,Opened by  500,2016-04-15 15:58:00,?,,Updated by 908,2016-04-20 17:07:00,Phone,Location 204,Category 35,Subcategory 28,Symptom 506,?,2 - Medium,2 - Medium,3 - Moderate,Group 70,Resolver 232,False,False,Do Not Notify,?,?,?,?,code 9,Resolved by 211,,2016-04-20 17:07:00,True,True,False,True,True,False,,False,False
INC0019933,Closed,False,0,0,1,True,Caller 968,Opened by  62,2016-04-15 16:18:00,?,,Updated by 908,2016-04-20 17:07:00,Phone,Location 78,Category 26,Subcategory 175,Symptom 116,?,2 - Medium,2 - Medium,3 - Moderate,Group 70,Resolver 33,False,False,Do Not Notify,?,?,?,?,code 6,Resolved by 32,,2016-04-20 17:07:00,True,True,False,True,True,False,,False,False
INC0019946,Closed,False,0,0,1,True,Caller 5545,Opened by  500,2016-04-15 16:28:00,?,,Updated by 908,2016-04-20 19:07:00,Phone,Location 204,Category 26,Subcategory 175,Symptom 116,?,2 - Medium,2 - Medium,3 - Moderate,Group 70,Resolver 232,False,False,Do Not Notify,?,?,?,?,code 9,Resolved by 211,,2016-04-20 19:07:00,True,True,False,True,True,False,,False,False
INC0019951,Closed,False,0,0,1,True,Caller 1905,Opened by  108,2016-04-15 16:39:00,?,,Updated by 908,2016-04-20 17:07:00,Phone,Location 75,Category 42,Subcategory 223,Symptom 534,?,2 - Medium,2 - Medium,3 - Moderate,Group 70,Resolver 17,False,False,Do Not Notify,?,?,?,?,code 6,Resolved by 52,,2016-04-20 17:07:00,True,True,False,True,True,False,,False,False
INC0019955,Closed,False,0,0,1,True,Caller 2238,Opened by  62,2016-04-15 16:45:00,?,,Updated by 908,2016-04-20 17:07:00,Phone,Location 54,Category 32,Subcategory 9,Symptom 491,?,2 - Medium,2 - Medium,3 - Moderate,Group 70,Resolver 33,False,False,Do Not Notify,?,?,?,?,code 6,Resolved by 32,,2016-04-20 17:07:00,True,True,False,True,True,False,,False,False
INC0020006,Closed,False,0,0,1,True,Caller 2073,Opened by  62,2016-04-15 20:38:00,?,,Updated by 908,2016-04-20 21:07:00,Phone,Location 135,Category 42,Subcategory 223,Symptom 534,?,2 - Medium,2 - Medium,3 - Moderate,Group 70,Resolver 33,False,False,Do Not Notify,?,?,?,?,code 6,Resolved by 32,,2016-04-20 21:07:00,True,True,False,True,True,False,,False,False
INC0020014,Closed,False,0,0,5,True,Caller 4036,Opened by  390,2016-04-16 01:46:00,Created by 169,2016-04-16 01:50:00,Updated by 20,2016-04-18 08:59:00,Phone,Location 188,Category 42,Subcategory 174,Symptom 491,?,2 - Medium,2 - Medium,3 - Moderate,Group 65,Resolver 25,False,False,Do Not Notify,?,?,?,?,?,?,,2016-04-18 08:59:00,True,True,False,True,True,False,,False,False
INC0020019,Closed,False,0,0,1,True,Caller 3603,Opened by  390,2016-04-16 04:04:00,?,,Updated by 908,2016-04-21 04:10:00,Phone,Location 204,Category 20,Subcategory 174,?,?,2 - Medium,2 - Medium,3 - Moderate,Group 70,Resolver 187,False,False,Do Not Notify,?,?,?,?,code 6,Resolved by 170,,2016-04-21 04:10:00,True,True,False,True,True,False,,False,False
INC0020030,Closed,False,0,0,1,True,Caller 2185,Opened by  390,2016-04-16 08:02:00,?,,Updated by 908,2016-04-21 08:10:00,Phone,Location 55,Category 32,Subcategory 174,?,?,2 - Medium,2 - Medium,3 - Moderate,Group 70,Resolver 187,False,False,Do Not Notify,?,?,?,?,code 6,Resolved by 170,,2016-04-21 08:10:00,True,True,False,True,True,False,,False,False
INC0020144,Closed,False,0,0,1,True,Caller 4952,Opened by  131,2016-04-18 08:14:00,?,,Updated by 908,2016-04-23 09:07:00,Phone,Location 108,Category 32,Subcategory 9,Symptom 491,?,2 - Medium,2 - Medium,3 - Moderate,Group 70,Resolver 73,False,False,Do Not Notify,?,?,?,?,code 7,Resolved by 66,,2016-04-23 09:07:00,True,True,False,True,True,False,,False,False
INC0020422,Closed,False,0,0,1,True,Caller 3428,Opened by  108,2016-04-18 13:17:00,?,,Updated by 908,2016-04-23 14:07:00,Phone,Location 93,Category 32,Subcategory 9,Symptom 491,?,2 - Medium,2 - Medium,3 - Moderate,Group 70,Resolver 56,False,False,Do Not Notify,?,?,?,?,code 6,Resolved by 52,,2016-04-23 14:07:00,True,True,False,True,True,False,,False,False
INC0020424,Closed,False,0,0,1,True,Caller 4361,Opened by  500,2016-04-18 13:23:00,?,,Updated by 908,2016-04-23 14:07:00,Phone,Location 204,Category 42,Subcategory 223,Symptom 534,?,2 - Medium,2 - Medium,3 - Moderate,Group 70,Resolver 232,False,False,Do Not Notify,?,?,?,?,code 9,Resolved by 211,,2016-04-23 14:07:00,True,True,False,True,True,False,,False,False
INC0020430,Closed,False,0,0,1,True,Caller 4178,Opened by  500,2016-04-18 13:31:00,?,,Updated by 908,2016-04-23 14:07:00,Phone,Location 43,Category 42,Subcategory 223,Symptom 534,?,2 - Medium,2 - Medium,3 - Moderate,Group 70,Resolver 232,False,False,Do Not Notify,?,?,?,?,code 9,Resolved by 211,,2016-04-23 14:07:00,True,True,False,True,True,False,,False,False
INC0020435,Closed,False,0,0,1,True,Caller 2922,Opened by  500,2016-04-18 13:37:00,?,,Updated by 908,2016-04-23 15:07:00,Phone,Location 143,Category 42,Subcategory 223,?,?,2 - Medium,2 - Medium,3 - Moderate,Group 70,Resolver 232,False,False,Do Not Notify,?,?,?,?,code 9,Resolved by 211,,2016-04-23 15:07:00,True,True,False,True,True,False,,False,False
INC0020475,Closed,False,0,0,1,True,Caller 2300,Opened by  500,2016-04-18 14:28:00,?,,Updated by 908,2016-04-23 15:07:00,Phone,Location 51,Category 42,Subcategory 223,Symptom 534,?,2 - Medium,2 - Medium,3 - Moderate,Group 70,Resolver 232,False,False,Do Not Notify,?,?,?,?,code 9,Resolved by 211,,2016-04-23 15:07:00,True,True,False,True,True,False,,False,False
INC0020496,Closed,False,0,0,1,True,Caller 3039,Opened by  108,2016-04-18 14:58:00,?,,Updated by 908,2016-04-23 16:07:00,Phone,Location 93,Category 42,Subcategory 223,Symptom 534,?,2 - Medium,2 - Medium,3 - Moderate,Group 70,Resolver 56,False,False,Do Not Notify,?,?,?,?,code 6,Resolved by 52,,2016-04-23 16:07:00,True,True,False,True,True,False,,False,False
INC0020517,Closed,False,0,0,1,True,Caller 3744,Opened by  62,2016-04-18 15:17:00,?,,Updated by 908,2016-04-23 17:07:00,Phone,Location 42,Category 26,Subcategory 275,Symptom 491,?,2 - Medium,2 - Medium,3 - Moderate,Group 70,Resolver 33,False,False,Do Not Notify,?,?,?,?,code 9,Resolved by 32,,2016-04-23 17:07:00,True,True,False,True,True,False,,False,False
INC0020522,Closed,False,0,0,1,True,Caller 2892,Opened by  500,2016-04-18 15:22:00,?,,Updated by 908,2016-04-23 16:07:00,Phone,Location 204,Category 35,Subcategory 28,Symptom 506,?,2 - Medium,2 - Medium,3 - Moderate,Group 70,Resolver 232,False,False,Do Not Notify,?,?,?,?,code 9,Resolved by 211,,2016-04-23 16:07:00,True,True,False,True,True,False,,False,False
INC0020523,Closed,False,0,0,1,True,Caller 1513,Opened by  108,2016-04-18 15:22:00,?,,Updated by 908,2016-04-23 16:07:00,Phone,Location 46,Category 26,Subcategory 175,Symptom 491,?,2 - Medium,2 - Medium,3 - Moderate,Group 70,Resolver 56,False,False,Do Not Notify,?,?,?,?,code 6,Resolved by 52,,2016-04-23 16:07:00,True,True,False,True,True,False,,False,False
INC0020561,Closed,False,0,0,1,True,Caller 2009,Opened by  108,2016-04-18 15:58:00,?,,Updated by 908,2016-04-23 17:07:00,Phone,Location 204,Category 35,Subcategory 28,Symptom 506,?,2 - Medium,2 - Medium,3 - Moderate,Group 70,Resolver 56,False,False,Do Not Notify,?,?,?,?,code 6,Resolved by 52,,2016-04-23 17:07:00,True,True,False,True,True,False,,False,False
INC0020567,Closed,False,0,0,1,True,Caller 4588,Opened by  62,2016-04-18 16:01:00,?,,Updated by 908,2016-04-23 16:10:00,Phone,Location 143,Category 26,Subcategory 175,Symptom 116,?,2 - Medium,2 - Medium,3 - Moderate,Group 70,Resolver 33,False,False,Do Not Notify,?,?,?,?,code 6,Resolved by 32,,2016-04-23 16:10:00,True,True,False,True,True,False,,False,False
INC0020571,Closed,False,0,0,1,True,Caller 5095,Opened by  500,2016-04-18 16:06:00,?,,Updated by 908,2016-04-23 17:07:00,Phone,Location 161,Category 20,Subcategory 125,Symptom 116,?,2 - Medium,2 - Medium,3 - Moderate,Group 70,Resolver 232,False,False,Do Not Notify,?,?,?,?,code 9,Resolved by 211,,2016-04-23 17:07:00,True,True,False,True,True,False,,False,False
INC0020573,Closed,False,0,0,1,True,Caller 1517,Opened by  62,2016-04-18 16:08:00,?,,Updated by 908,2016-04-23 17:07:00,Phone,Location 143,Category 32,Subcategory 9,Symptom 491,?,2 - Medium,2 - Medium,3 - Moderate,Group 70,Resolver 33,False,False,Do Not Notify,?,?,?,?,code 6,Resolved by 32,,2016-04-23 17:07:00,True,True,False,True,True,False,,False,False
INC0020592,Closed,False,0,0,1,True,Caller 4822,Opened by  500,2016-04-18 16:35:00,?,,Updated by 908,2016-04-23 17:07:00,Phone,Location 93,Category 42,Subcategory 223,Symptom 534,?,2 - Medium,2 - Medium,3 - Moderate,Group 70,Resolver 232,False,False,Do Not Notify,?,?,?,?,code 9,Resolved by 211,,2016-04-23 17:07:00,True,True,False,True,True,False,,False,False
INC0020597,Closed,False,0,0,1,True,Caller 24,Opened by  500,2016-04-18 16:41:00,?,,Updated by 908,2016-04-23 17:07:00,Phone,Location 161,Category 26,Subcategory 175,Symptom 116,?,2 - Medium,2 - Medium,3 - Moderate,Group 70,Resolver 232,False,False,Do Not Notify,?,?,?,?,code 8,Resolved by 211,,2016-04-23 17:07:00,True,True,False,True,True,False,,False,False
INC0020610,Closed,False,0,0,1,True,Caller 3752,Opened by  500,2016-04-18 16:59:00,?,,Updated by 908,2016-04-23 18:07:00,Phone,Location 108,Category 20,Subcategory 125,Symptom 517,?,2 - Medium,2 - Medium,3 - Moderate,Group 70,Resolver 232,False,False,Do Not Notify,?,?,?,?,code 9,Resolved by 211,,2016-04-23 18:07:00,True,True,False,True,True,False,,False,False
INC0020630,Closed,False,0,0,1,True,Caller 985,Opened by  62,2016-04-18 18:02:00,?,,Updated by 908,2016-04-23 18:07:00,Phone,Location 51,Category 42,Subcategory 223,Symptom 534,?,2 - Medium,2 - Medium,3 - Moderate,Group 70,Resolver 33,False,False,Do Not Notify,?,?,?,?,code 6,Resolved by 32,,2016-04-23 18:07:00,True,True,False,True,True,False,,False,False
INC0020721,Closed,False,0,0,1,True,Caller 1897,Opened by  40,2016-04-19 08:27:00,?,,Updated by 908,2016-04-24 09:07:00,Phone,Location 161,Category 42,Subcategory 223,Symptom 534,?,2 - Medium,2 - Medium,3 - Moderate,Group 70,Resolver 23,False,False,Do Not Notify,?,?,?,?,code 6,Resolved by 21,,2016-04-24 09:07:00,True,True,False,True,True,False,,False,False
INC0020743,Closed,False,0,0,1,True,Caller 1399,Opened by  40,2016-04-19 08:57:00,?,,Updated by 908,2016-04-24 09:07:00,Phone,Location 161,Category 42,Subcategory 223,Symptom 491,?,2 - Medium,2 - Medium,3 - Moderate,Group 70,Resolver 23,False,False,Do Not Notify,?,?,?,?,code 6,Resolved by 21,,2016-04-24 09:07:00,True,True,False,True,True,False,,False,False
INC0020770,Closed,False,0,0,1,True,Caller 1613,Opened by  40,2016-04-19 09:20:00,?,,Updated by 908,2016-04-24 10:07:00,Phone,Location 204,Category 20,Subcategory 103,Symptom 491,?,2 - Medium,2 - Medium,3 - Moderate,Group 70,Resolver 23,False,False,Do Not Notify,?,?,?,?,code 6,Resolved by 21,,2016-04-24 10:07:00,True,True,False,True,True,False,,False,False
INC0020784,Closed,False,0,0,1,True,Caller 4651,Opened by  40,2016-04-19 09:51:00,?,,Updated by 908,2016-04-24 10:07:00,Phone,Location 43,Category 42,Subcategory 223,Symptom 534,?,2 - Medium,2 - Medium,3 - Moderate,Group 70,Resolver 23,False,False,Do Not Notify,?,?,?,?,code 6,Resolved by 21,,2016-04-24 10:07:00,True,True,False,True,True,False,,False,False
INC0020810,Closed,False,0,0,1,True,Caller 76,Opened by  40,2016-04-19 10:26:00,?,,Updated by 908,2016-04-24 11:07:00,Phone,Location 173,Category 20,Subcategory 103,Symptom 116,?,2 - Medium,2 - Medium,3 - Moderate,Group 70,Resolver 23,False,False,Do Not Notify,?,?,?,?,code 6,Resolved by 21,,2016-04-24 11:07:00,True,True,False,True,True,False,,False,False
INC0020865,Closed,False,0,0,1,True,Caller 1697,Opened by  500,2016-04-19 11:49:00,?,,Updated by 908,2016-04-24 13:07:00,Phone,Location 161,Category 35,Subcategory 28,Symptom 506,?,2 - Medium,2 - Medium,3 - Moderate,Group 70,Resolver 232,False,False,Do Not Notify,?,?,?,?,code 9,Resolved by 211,,2016-04-24 13:07:00,True,True,False,True,True,False,,False,False
INC0020879,Closed,False,0,0,1,True,Caller 4056,Opened by  40,2016-04-19 12:07:00,?,,Updated by 908,2016-04-24 13:07:00,Phone,Location 143,Category 26,Subcategory 175,Symptom 116,?,2 - Medium,2 - Medium,3 - Moderate,Group 70,Resolver 23,False,False,Do Not Notify,?,?,?,?,code 6,Resolved by 21,,2016-04-24 13:07:00,True,True,False,True,True,False,,False,False
INC0020885,Closed,False,0,0,1,True,Caller 458,Opened by  40,2016-04-19 12:13:00,?,,Updated by 908,2016-04-24 13:07:00,Phone,Location 143,Category 32,Subcategory 9,Symptom 491,?,2 - Medium,2 - Medium,3 - Moderate,Group 70,Resolver 23,False,False,Do Not Notify,?,?,?,?,code 6,Resolved by 21,,2016-04-24 13:07:00,True,True,False,True,True,False,,False,False
INC0020936,Closed,False,0,0,1,True,Caller 4764,Opened by  108,2016-04-19 13:45:00,?,,Updated by 908,2016-04-24 15:07:00,Phone,Location 161,Category 20,Subcategory 174,?,?,2 - Medium,2 - Medium,3 - Moderate,Group 70,Resolver 56,False,False,Do Not Notify,?,?,?,?,code 6,Resolved by 52,,2016-04-24 15:07:00,True,True,False,True,True,False,,False,False
INC0020954,Closed,False,0,0,1,False,Caller 2984,Opened by  124,2016-04-19 14:14:00,?,,Updated by 908,2016-05-23 11:07:00,Phone,Location 204,Category 26,Subcategory 275,Symptom 54,?,2 - Medium,2 - Medium,3 - Moderate,Group 70,Resolver 69,False,False,Do Not Notify,?,?,?,?,code 6,Resolved by 62,,2016-05-23 11:07:00,True,True,False,True,True,False,,False,False
INC0020970,Closed,False,0,0,1,True,Caller 2377,Opened by  500,2016-04-19 14:30:00,?,,Updated by 908,2016-04-24 15:07:00,Phone,Location 43,Category 42,Subcategory 223,Symptom 534,?,2 - Medium,2 - Medium,3 - Moderate,Group 70,Resolver 232,False,False,Do Not Notify,?,?,?,?,code 9,Resolved by 211,,2016-04-24 15:07:00,True,True,False,True,True,False,,False,False
INC0020992,Closed,False,0,0,1,True,Caller 1661,Opened by  108,2016-04-19 15:00:00,?,,Updated by 908,2016-04-24 16:07:00,Phone,Location 143,Category 20,Subcategory 103,Symptom 116,?,2 - Medium,2 - Medium,3 - Moderate,Group 70,Resolver 56,False,False,Do Not Notify,?,?,?,?,code 6,Resolved by 52,,2016-04-24 16:07:00,True,True,False,True,True,False,,False,False
INC0020994,Closed,False,0,0,1,False,Caller 5393,Opened by  124,2016-04-19 15:06:00,?,,Updated by 908,2016-05-23 11:07:00,Phone,Location 204,Category 26,Subcategory 275,Symptom 54,?,2 - Medium,2 - Medium,3 - Moderate,Group 70,Resolver 69,False,False,Do Not Notify,?,?,?,?,code 6,Resolved by 62,,2016-05-23 11:07:00,True,True,False,True,True,False,,False,False
INC0021001,Closed,False,0,0,1,True,Caller 3908,Opened by  62,2016-04-19 15:22:00,?,,Updated by 908,2016-04-24 16:07:00,Phone,Location 161,Category 32,Subcategory 9,Symptom 105,?,2 - Medium,2 - Medium,3 - Moderate,Group 70,Resolver 33,False,False,Do Not Notify,?,?,?,?,code 9,Resolved by 32,,2016-04-24 16:07:00,True,True,False,True,True,False,,False,False
INC0021021,Closed,False,0,0,1,True,Caller 803,Opened by  62,2016-04-19 15:43:00,?,,Updated by 908,2016-04-24 16:07:00,Phone,Location 93,Category 37,Subcategory 135,Symptom 127,?,2 - Medium,2 - Medium,3 - Moderate,Group 70,Resolver 33,False,False,Do Not Notify,?,?,?,?,code 9,Resolved by 32,,2016-04-24 16:07:00,True,True,False,True,True,False,,False,False
INC0021031,Closed,False,0,0,1,True,Caller 2174,Opened by  108,2016-04-19 16:06:00,?,,Updated by 908,2016-04-24 17:07:00,Phone,Location 179,Category 42,Subcategory 223,Symptom 534,?,2 - Medium,2 - Medium,3 - Moderate,Group 70,Resolver 56,False,False,Do Not Notify,?,?,?,?,code 6,Resolved by 52,,2016-04-24 17:07:00,True,True,False,True,True,False,,False,False
INC0021035,Closed,False,0,0,1,True,Caller 4723,Opened by  62,2016-04-19 16:09:00,?,,Updated by 908,2016-04-24 17:07:00,Phone,Location 143,Category 26,Subcategory 175,Symptom 116,?,2 - Medium,2 - Medium,3 - Moderate,Group 70,Resolver 33,False,False,Do Not Notify,?,?,?,?,code 9,Resolved by 32,,2016-04-24 17:07:00,True,True,False,True,True,False,,False,False
INC0021044,Closed,False,0,0,1,True,Caller 5418,Opened by  500,2016-04-19 16:20:00,?,,Updated by 908,2016-04-24 18:07:00,Phone,Location 108,Category 35,Subcategory 174,Symptom 491,?,2 - Medium,2 - Medium,3 - Moderate,Group 70,Resolver 232,False,False,Do Not Notify,?,?,?,?,code 9,Resolved by 211,,2016-04-24 18:07:00,True,True,False,True,True,False,,False,False
INC0021046,Closed,False,0,0,1,True,Caller 1869,Opened by  108,2016-04-19 16:23:00,?,,Updated by 908,2016-04-24 18:07:00,Phone,Location 143,Category 38,Subcategory 86,Symptom 491,?,2 - Medium,2 - Medium,3 - Moderate,Group 70,Resolver 56,False,False,Do Not Notify,?,?,?,?,code 6,Resolved by 52,,2016-04-24 18:07:00,True,True,False,True,True,False,,False,False
INC0021061,Closed,False,0,0,1,True,Caller 5361,Opened by  500,2016-04-19 16:42:00,?,,Updated by 908,2016-04-24 18:07:00,Phone,Location 51,Category 42,Subcategory 223,Symptom 534,?,2 - Medium,2 - Medium,3 - Moderate,Group 70,Resolver 232,False,False,Do Not Notify,?,?,?,?,code 9,Resolved by 211,,2016-04-24 18:07:00,True,True,False,True,True,False,,False,False
INC0021063,Closed,False,0,0,1,True,Caller 1215,Opened by  62,2016-04-19 16:46:00,?,,Updated by 908,2016-04-24 17:07:00,Phone,Location 143,Category 26,Subcategory 175,Symptom 491,?,2 - Medium,2 - Medium,3 - Moderate,Group 70,Resolver 33,False,False,Do Not Notify,?,?,?,?,code 9,Resolved by 32,,2016-04-24 17:07:00,True,True,False,True,True,False,,False,False
INC0021311,Closed,False,0,0,1,False,Caller 3115,Opened by  124,2016-04-20 12:09:00,?,,Updated by 908,2016-05-23 11:07:00,Phone,Location 93,Category 26,Subcategory 275,Symptom 116,?,2 - Medium,2 - Medium,3 - Moderate,Group 70,Resolver 69,False,False,Do Not Notify,?,?,?,?,code 6,Resolved by 62,,2016-05-23 11:07:00,True,True,False,True,True,False,,False,False
INC0021363,Closed,False,0,0,1,True,Caller 863,Opened by  108,2016-04-20 14:03:00,?,,Updated by 908,2016-04-25 15:07:00,Phone,Location 204,Category 35,Subcategory 28,Symptom 506,?,2 - Medium,2 - Medium,3 - Moderate,Group 70,Resolver 56,False,False,Do Not Notify,?,?,?,?,code 6,Resolved by 52,,2016-04-25 15:07:00,True,True,False,True,True,False,,False,False
INC0021378,Closed,False,0,0,1,True,Caller 5292,Opened by  108,2016-04-20 14:17:00,?,,Updated by 908,2016-04-25 15:07:00,Phone,Location 161,Category 40,Subcategory 44,Symptom 5,?,2 - Medium,2 - Medium,3 - Moderate,Group 70,Resolver 56,False,False,Do Not Notify,?,?,?,?,code 6,Resolved by 52,,2016-04-25 15:07:00,True,True,False,True,True,False,,False,False
INC0021457,Closed,False,0,0,1,True,Caller 2974,Opened by  108,2016-04-20 15:21:00,?,,Updated by 908,2016-04-25 16:07:00,Phone,Location 111,Category 26,Subcategory 174,?,?,2 - Medium,2 - Medium,3 - Moderate,Group 70,Resolver 56,False,False,Do Not Notify,?,?,?,?,code 6,Resolved by 52,,2016-04-25 16:07:00,True,True,False,True,True,False,,False,False
INC0021507,Closed,False,0,0,1,True,Caller 1906,Opened by  62,2016-04-20 15:53:00,?,,Updated by 908,2016-04-25 17:07:00,Phone,Location 204,Category 26,Subcategory 174,Symptom 491,?,2 - Medium,2 - Medium,3 - Moderate,Group 70,Resolver 33,False,False,Do Not Notify,?,?,?,?,code 9,Resolved by 32,,2016-04-25 17:07:00,True,True,False,True,True,False,,False,False
INC0021526,Closed,False,0,0,1,True,Caller 2174,Opened by  62,2016-04-20 16:12:00,?,,Updated by 908,2016-04-25 17:07:00,Phone,Location 179,Category 42,Subcategory 223,Symptom 534,?,2 - Medium,2 - Medium,3 - Moderate,Group 70,Resolver 33,False,False,Do Not Notify,?,?,?,?,code 6,Resolved by 32,,2016-04-25 17:07:00,True,True,False,True,True,False,,False,False
INC0021538,Closed,False,0,0,1,True,Caller 4941,Opened by  62,2016-04-20 16:16:00,?,,Updated by 908,2016-04-25 17:07:00,Phone,Location 161,Category 20,Subcategory 103,Symptom 387,?,2 - Medium,2 - Medium,3 - Moderate,Group 70,Resolver 33,False,False,Do Not Notify,?,?,?,?,code 9,Resolved by 32,,2016-04-25 17:07:00,True,True,False,True,True,False,,False,False
INC0021557,Closed,False,0,0,1,True,Caller 2276,Opened by  62,2016-04-20 16:30:00,?,,Updated by 908,2016-04-25 17:07:00,Phone,Location 93,Category 20,Subcategory 174,Symptom 491,?,2 - Medium,2 - Medium,3 - Moderate,Group 70,Resolver 33,False,False,Do Not Notify,?,?,?,?,code 6,Resolved by 32,,2016-04-25 17:07:00,True,True,False,True,True,False,,False,False
INC0021577,Closed,False,0,0,1,True,Caller 34,Opened by  62,2016-04-20 16:40:00,?,,Updated by 908,2016-04-25 17:07:00,Phone,Location 143,Category 42,Subcategory 223,Symptom 534,?,2 - Medium,2 - Medium,3 - Moderate,Group 70,Resolver 33,False,False,Do Not Notify,?,?,?,?,code 6,Resolved by 32,,2016-04-25 17:07:00,True,True,False,True,True,False,,False,False
INC0021652,Closed,False,0,0,1,True,Caller 3148,Opened by  62,2016-04-20 18:06:00,?,,Updated by 908,2016-04-25 19:07:00,Phone,Location 204,Category 26,Subcategory 164,Symptom 295,?,2 - Medium,2 - Medium,3 - Moderate,Group 70,Resolver 33,False,False,Do Not Notify,?,?,?,?,code 9,Resolved by 32,,2016-04-25 19:07:00,True,True,False,True,True,False,,False,False
INC0021653,Closed,False,0,0,1,True,Caller 3148,Opened by  62,2016-04-20 18:07:00,?,,Updated by 908,2016-04-25 19:07:00,Phone,Location 204,Category 26,Subcategory 164,Symptom 295,?,2 - Medium,2 - Medium,3 - Moderate,Group 70,Resolver 33,False,False,Do Not Notify,?,?,?,?,code 9,Resolved by 32,,2016-04-25 19:07:00,True,True,False,True,True,False,,False,False
INC0021669,Closed,False,0,0,1,True,Caller 1735,Opened by  62,2016-04-20 19:17:00,?,,Updated by 908,2016-04-25 20:07:00,Phone,Location 204,Category 20,Subcategory 174,Symptom 491,?,2 - Medium,2 - Medium,3 - Moderate,Group 70,Resolver 33,False,False,Do Not Notify,?,?,?,?,code 9,Resolved by 32,,2016-04-25 20:07:00,True,True,False,True,True,False,,False,False
INC0021725,Closed,False,0,0,1,True,Caller 2909,Opened by  108,2016-04-21 11:29:00,?,,Updated by 908,2016-04-26 12:07:00,Phone,Location 204,Category 35,Subcategory 28,Symptom 506,?,2 - Medium,2 - Medium,3 - Moderate,Group 70,Resolver 56,False,False,Do Not Notify,?,?,?,?,code 6,Resolved by 52,,2016-04-26 12:07:00,True,True,False,True,True,False,,False,False
INC0021737,Closed,False,0,0,1,True,Caller 1544,Opened by  62,2016-04-21 15:19:00,?,,Updated by 908,2016-04-26 16:07:00,Phone,Location 143,Category 26,Subcategory 175,Symptom 116,?,2 - Medium,2 - Medium,3 - Moderate,Group 70,Resolver 33,False,False,Do Not Notify,?,?,?,?,code 9,Resolved by 32,,2016-04-26 16:07:00,True,True,False,True,True,False,,False,False
INC0021765,Closed,False,0,0,1,True,Caller 2688,Opened by  397,2016-04-22 02:31:00,?,,Updated by 908,2016-04-27 03:07:00,Phone,Location 161,Category 40,Subcategory 44,?,?,2 - Medium,2 - Medium,3 - Moderate,Group 70,Resolver 191,False,False,Do Not Notify,?,?,?,?,code 7,Resolved by 174,,2016-04-27 03:07:00,True,True,False,True,True,False,,False,False
INC0021825,Closed,False,0,0,1,True,Caller 2737,Opened by  500,2016-04-22 12:18:00,?,,Updated by 908,2016-04-27 13:07:00,Phone,Location 51,Category 20,Subcategory 125,Symptom 208,?,2 - Medium,2 - Medium,3 - Moderate,Group 70,Resolver 232,False,False,Do Not Notify,?,?,?,?,code 9,Resolved by 211,,2016-04-27 13:07:00,True,True,False,True,True,False,,False,False
INC0021831,Closed,False,0,0,1,True,Caller 2479,Opened by  500,2016-04-22 12:59:00,?,,Updated by 908,2016-04-27 14:07:00,Phone,Location 204,Category 32,Subcategory 174,Symptom 491,?,2 - Medium,2 - Medium,3 - Moderate,Group 70,Resolver 232,False,False,Do Not Notify,?,?,?,?,code 9,Resolved by 211,,2016-04-27 14:07:00,True,True,False,True,True,False,,False,False
INC0021914,Closed,False,0,0,1,True,Caller 3434,Opened by  397,2016-04-23 02:30:00,?,,Updated by 908,2016-04-28 03:07:00,Phone,Location 161,Category 46,Subcategory 223,Symptom 491,?,2 - Medium,2 - Medium,3 - Moderate,Group 70,Resolver 191,False,False,Do Not Notify,?,?,?,?,code 7,Resolved by 174,,2016-04-28 03:07:00,True,True,False,True,True,False,,False,False
INC0021936,Closed,False,0,0,1,True,Caller 2443,Opened by  108,2016-04-23 11:22:00,?,,Updated by 908,2016-04-28 13:07:00,Phone,Location 204,Category 26,Subcategory 175,?,?,2 - Medium,2 - Medium,3 - Moderate,Group 70,Resolver 56,False,False,Do Not Notify,?,?,?,?,code 6,Resolved by 52,,2016-04-28 13:07:00,True,True,False,True,True,False,,False,False
INC0021940,Closed,False,0,0,1,True,Caller 1150,Opened by  108,2016-04-23 13:07:00,?,,Updated by 908,2016-04-28 15:07:00,Phone,Location 93,Category 32,Subcategory 9,Symptom 491,?,2 - Medium,2 - Medium,3 - Moderate,Group 70,Resolver 56,False,False,Do Not Notify,?,?,?,?,code 6,Resolved by 52,,2016-04-28 15:07:00,True,True,False,True,True,False,,False,False
INC0021951,Closed,False,0,0,1,True,Caller 5206,Opened by  62,2016-04-23 16:38:00,?,,Updated by 908,2016-04-28 17:07:00,Phone,Location 161,Category 42,Subcategory 223,Symptom 534,?,2 - Medium,2 - Medium,3 - Moderate,Group 70,Resolver 33,False,False,Do Not Notify,?,?,?,?,code 6,Resolved by 32,,2016-04-28 17:07:00,True,True,False,True,True,False,,False,False
INC0021959,Closed,False,0,0,1,True,Caller 3337,Opened by  62,2016-04-23 20:58:00,?,,Updated by 908,2016-04-28 22:07:00,Phone,Location 204,Category 26,Subcategory 175,Symptom 116,?,2 - Medium,2 - Medium,3 - Moderate,Group 70,Resolver 33,False,False,Do Not Notify,?,?,?,?,code 9,Resolved by 32,,2016-04-28 22:07:00,True,True,False,True,True,False,,False,False
INC0022009,Closed,False,0,0,1,True,Caller 212,Opened by  94,2016-04-25 03:52:00,?,,Updated by 908,2016-04-30 04:07:00,Phone,Location 143,Category 26,Subcategory 174,Symptom 491,?,2 - Medium,2 - Medium,3 - Moderate,Group 70,Resolver 47,False,False,Do Not Notify,?,?,?,?,code 5,Resolved by 44,,2016-04-30 04:07:00,True,True,False,True,True,False,,False,False
INC0022011,Closed,False,0,0,1,True,Caller 3325,Opened by  397,2016-04-25 04:18:00,?,,Updated by 908,2016-04-30 05:07:00,Phone,Location 143,Category 32,Subcategory 9,Symptom 491,?,2 - Medium,2 - Medium,3 - Moderate,Group 70,Resolver 191,False,False,Do Not Notify,?,?,?,?,code 7,Resolved by 174,,2016-04-30 05:07:00,True,True,False,True,True,False,,False,False
INC0022315,Closed,False,0,0,1,True,Caller 4120,Opened by  17,2016-04-25 12:38:00,?,,Updated by 908,2016-04-30 13:07:00,Phone,Location 161,Category 26,Subcategory 174,Symptom 491,?,2 - Medium,2 - Medium,3 - Moderate,Group 70,Resolver 13,False,False,Do Not Notify,?,?,?,?,code 6,Resolved by 11,,2016-04-30 13:07:00,True,True,False,True,True,False,,False,False
INC0022418,Closed,False,0,0,1,True,Caller 3333,Opened by  62,2016-04-25 14:57:00,?,,Updated by 908,2016-04-30 15:10:00,Phone,Location 161,Category 20,Subcategory 174,Symptom 491,?,2 - Medium,2 - Medium,3 - Moderate,Group 70,Resolver 33,False,False,Do Not Notify,?,?,?,?,code 9,Resolved by 32,,2016-04-30 15:10:00,True,True,False,True,True,False,,False,False
INC0022434,Closed,False,0,0,1,True,Caller 771,Opened by  62,2016-04-25 15:11:00,?,,Updated by 908,2016-04-30 16:07:00,Phone,Location 93,Category 32,Subcategory 9,Symptom 105,?,2 - Medium,2 - Medium,3 - Moderate,Group 70,Resolver 33,False,False,Do Not Notify,?,?,?,?,code 6,Resolved by 32,,2016-04-30 16:07:00,True,True,False,True,True,False,,False,False
INC0022449,Closed,False,0,0,1,True,Caller 3256,Opened by  62,2016-04-25 15:31:00,?,,Updated by 908,2016-04-30 16:07:00,Phone,Location 143,Category 26,Subcategory 175,Symptom 491,?,2 - Medium,2 - Medium,3 - Moderate,Group 70,Resolver 33,False,False,Do Not Notify,?,?,?,?,code 9,Resolved by 32,,2016-04-30 16:07:00,True,True,False,True,True,False,,False,False
INC0022460,Closed,False,0,0,1,True,Caller 1517,Opened by  62,2016-04-25 15:40:00,?,,Updated by 908,2016-04-30 16:07:00,Phone,Location 143,Category 42,Subcategory 223,Symptom 491,?,2 - Medium,2 - Medium,3 - Moderate,Group 70,Resolver 33,False,False,Do Not Notify,?,?,?,?,code 6,Resolved by 32,,2016-04-30 16:07:00,True,True,False,True,True,False,,False,False
INC0022468,Closed,False,0,0,1,True,Caller 1195,Opened by  62,2016-04-25 15:54:00,?,,Updated by 908,2016-04-30 16:07:00,Phone,Location 161,Category 28,Subcategory 174,Symptom 491,?,2 - Medium,2 - Medium,3 - Moderate,Group 70,Resolver 33,False,False,Do Not Notify,?,?,?,?,code 6,Resolved by 32,,2016-04-30 16:07:00,True,True,False,True,True,False,,False,False
INC0022496,Closed,False,0,0,1,True,Caller 5561,Opened by  62,2016-04-25 16:30:00,?,,Updated by 908,2016-04-30 17:07:00,Phone,Location 161,Category 26,Subcategory 275,Symptom 491,?,2 - Medium,2 - Medium,3 - Moderate,Group 70,Resolver 33,False,False,Do Not Notify,?,?,?,?,code 9,Resolved by 32,,2016-04-30 17:07:00,True,True,False,True,True,False,,False,False
INC0022504,Closed,False,0,0,1,True,Caller 977,Opened by  62,2016-04-25 16:51:00,?,,Updated by 908,2016-04-30 17:07:00,Phone,Location 93,Category 42,Subcategory 223,Symptom 534,?,2 - Medium,2 - Medium,3 - Moderate,Group 70,Resolver 33,False,False,Do Not Notify,?,?,?,?,code 6,Resolved by 32,,2016-04-30 17:07:00,True,True,False,True,True,False,,False,False
INC0022513,Closed,False,0,0,1,True,Caller 3132,Opened by  62,2016-04-25 17:14:00,?,,Updated by 908,2016-04-30 18:07:00,Phone,Location 143,Category 26,Subcategory 175,Symptom 116,?,2 - Medium,2 - Medium,3 - Moderate,Group 70,Resolver 33,False,False,Do Not Notify,?,?,?,?,code 9,Resolved by 32,,2016-04-30 18:07:00,True,True,False,True,True,False,,False,False
INC0022551,Closed,False,0,0,1,True,Caller 5022,Opened by  397,2016-04-26 00:59:00,?,,Updated by 908,2016-05-01 01:07:00,Phone,Location 204,Category 46,Subcategory 223,?,?,2 - Medium,2 - Medium,3 - Moderate,Group 70,Resolver 191,False,False,Do Not Notify,?,?,?,?,code 7,Resolved by 174,,2016-05-01 01:07:00,True,True,False,True,True,False,,False,False
INC0022555,Closed,False,0,0,1,True,Caller 809,Opened by  397,2016-04-26 02:07:00,?,,Updated by 908,2016-05-01 03:07:00,Phone,Location 128,Category 32,Subcategory 9,?,?,2 - Medium,2 - Medium,3 - Moderate,Group 70,Resolver 191,False,False,Do Not Notify,?,?,?,?,code 7,Resolved by 174,,2016-05-01 03:07:00,True,True,False,True,True,False,,False,False
INC0022592,Closed,False,0,0,1,True,Caller 3594,Opened by  40,2016-04-26 08:36:00,?,,Updated by 908,2016-05-01 09:07:00,Phone,Location 108,Category 32,Subcategory 9,Symptom 105,?,2 - Medium,2 - Medium,3 - Moderate,Group 70,Resolver 23,False,False,Do Not Notify,?,?,?,?,code 6,Resolved by 21,,2016-05-01 09:07:00,True,True,False,True,True,False,,False,False
INC0022610,Closed,False,0,0,1,True,Caller 4145,Opened by  40,2016-04-26 08:50:00,?,,Updated by 908,2016-05-01 09:07:00,Phone,Location 204,Category 20,Subcategory 103,Symptom 116,?,2 - Medium,2 - Medium,3 - Moderate,Group 70,Resolver 23,False,False,Do Not Notify,?,?,?,?,code 6,Resolved by 21,,2016-05-01 09:07:00,True,True,False,True,True,False,,False,False
INC0022617,Closed,False,0,0,1,True,Caller 531,Opened by  40,2016-04-26 09:00:00,?,,Updated by 908,2016-05-01 09:07:00,Phone,Location 204,Category 35,Subcategory 28,Symptom 506,?,2 - Medium,2 - Medium,3 - Moderate,Group 70,Resolver 23,False,False,Do Not Notify,?,?,?,?,code 6,Resolved by 21,,2016-05-01 09:07:00,True,True,False,True,True,False,,False,False
INC0022697,Closed,False,0,0,1,True,Caller 1352,Opened by  40,2016-04-26 10:27:00,?,,Updated by 908,2016-05-01 11:07:00,Phone,Location 143,Category 26,Subcategory 164,Symptom 594,?,2 - Medium,2 - Medium,3 - Moderate,Group 70,Resolver 23,False,False,Do Not Notify,?,?,?,?,code 6,Resolved by 21,,2016-05-01 11:07:00,True,True,False,True,True,False,,False,False
INC0022724,Closed,False,0,0,1,True,Caller 2293,Opened by  40,2016-04-26 11:20:00,?,,Updated by 908,2016-05-01 12:07:00,Phone,Location 56,Category 35,Subcategory 28,Symptom 506,?,2 - Medium,2 - Medium,3 - Moderate,Group 70,Resolver 23,False,False,Do Not Notify,?,?,?,?,code 6,Resolved by 21,,2016-05-01 12:07:00,True,True,False,True,True,False,,False,False
INC0022726,Closed,False,0,0,1,True,Caller 3292,Opened by  40,2016-04-26 11:23:00,?,,Updated by 908,2016-05-01 12:07:00,Phone,Location 108,Category 32,Subcategory 9,Symptom 491,?,2 - Medium,2 - Medium,3 - Moderate,Group 70,Resolver 23,False,False,Do Not Notify,?,?,?,?,code 6,Resolved by 21,,2016-05-01 12:07:00,True,True,False,True,True,False,,False,False
INC0022754,Closed,False,0,0,1,True,Caller 2261,Opened by  108,2016-04-26 12:13:00,?,,Updated by 908,2016-05-01 13:07:00,Phone,Location 93,Category 28,Subcategory 174,?,?,2 - Medium,2 - Medium,3 - Moderate,Group 70,Resolver 56,False,False,Do Not Notify,?,?,?,?,code 6,Resolved by 52,,2016-05-01 13:07:00,True,True,False,True,True,False,,False,False
INC0022764,Closed,False,0,0,1,True,Caller 2129,Opened by  40,2016-04-26 12:26:00,?,,Updated by 908,2016-05-01 13:07:00,Phone,Location 161,Category 26,Subcategory 175,Symptom 116,?,2 - Medium,2 - Medium,3 - Moderate,Group 70,Resolver 23,False,False,Do Not Notify,?,?,?,?,code 9,Resolved by 21,,2016-05-01 13:07:00,True,True,False,True,True,False,,False,False
INC0022784,Closed,False,0,0,1,True,Caller 3334,Opened by  17,2016-04-26 13:27:00,?,,Updated by 908,2016-05-01 14:07:00,Phone,Location 55,Category 42,Subcategory 223,Symptom 534,?,2 - Medium,2 - Medium,3 - Moderate,Group 70,Resolver 13,False,False,Do Not Notify,?,?,?,?,code 7,Resolved by 11,,2016-05-01 14:07:00,True,True,False,True,True,False,,False,False
INC0022852,Closed,False,0,0,1,True,Caller 4661,Opened by  108,2016-04-26 15:15:00,?,,Updated by 908,2016-05-01 16:07:00,Phone,Location 111,Category 46,Subcategory 223,?,?,2 - Medium,2 - Medium,3 - Moderate,Group 70,Resolver 56,False,False,Do Not Notify,?,?,?,?,code 6,Resolved by 52,,2016-05-01 16:07:00,True,True,False,True,True,False,,False,False
INC0022859,Closed,False,0,0,1,True,Caller 407,Opened by  221,2016-04-26 15:27:00,?,,Updated by 908,2016-05-01 16:07:00,Phone,Location 108,Category 53,Subcategory 50,Symptom 491,?,2 - Medium,2 - Medium,3 - Moderate,Group 70,Resolver 115,False,False,Do Not Notify,?,?,?,?,code 9,Resolved by 103,,2016-05-01 16:07:00,True,True,False,True,True,False,,False,False
INC0022875,Closed,False,0,0,1,True,Caller 4709,Opened by  108,2016-04-26 15:44:00,?,,Updated by 908,2016-05-01 17:07:00,Phone,Location 143,Category 42,Subcategory 223,Symptom 534,?,2 - Medium,2 - Medium,3 - Moderate,Group 70,Resolver 56,False,False,Do Not Notify,?,?,?,?,code 6,Resolved by 52,,2016-05-01 17:07:00,True,True,False,True,True,False,,False,False
INC0022885,Closed,False,0,0,1,True,Caller 681,Opened by  62,2016-04-26 15:56:00,?,,Updated by 908,2016-05-01 17:07:00,Phone,Location 204,Category 26,Subcategory 175,Symptom 120,?,2 - Medium,2 - Medium,3 - Moderate,Group 70,Resolver 33,False,False,Do Not Notify,?,?,?,?,code 9,Resolved by 32,,2016-05-01 17:07:00,True,True,False,True,True,False,,False,False
INC0022888,Closed,False,0,0,1,True,Caller 4167,Opened by  62,2016-04-26 16:04:00,?,,Updated by 908,2016-05-01 16:10:00,Phone,Location 143,Category 42,Subcategory 223,Symptom 491,?,2 - Medium,2 - Medium,3 - Moderate,Group 70,Resolver 33,False,False,Do Not Notify,?,?,?,?,code 6,Resolved by 32,,2016-05-01 16:10:00,True,True,False,True,True,False,,False,False
INC0022892,Closed,False,0,0,1,True,Caller 4486,Opened by  62,2016-04-26 16:10:00,?,,Updated by 908,2016-05-01 17:07:00,Phone,Location 131,Category 42,Subcategory 223,Symptom 534,?,2 - Medium,2 - Medium,3 - Moderate,Group 70,Resolver 33,False,False,Do Not Notify,?,?,?,?,code 6,Resolved by 32,,2016-05-01 17:07:00,True,True,False,True,True,False,,False,False
INC0022918,Closed,False,0,0,1,True,Caller 409,Opened by  62,2016-04-26 16:50:00,?,,Updated by 908,2016-05-01 17:07:00,Phone,Location 204,Category 42,Subcategory 223,Symptom 534,?,2 - Medium,2 - Medium,3 - Moderate,Group 70,Resolver 33,False,False,Do Not Notify,?,?,?,?,code 6,Resolved by 32,,2016-05-01 17:07:00,True,True,False,True,True,False,,False,False
INC0022943,Closed,False,0,0,1,True,Caller 2578,Opened by  47,2016-04-26 18:20:00,?,,Updated by 908,2016-05-01 19:07:00,Phone,Location 161,Category 20,Subcategory 125,?,?,2 - Medium,2 - Medium,3 - Moderate,Group 70,Resolver 26,False,False,Do Not Notify,?,?,?,?,code 3,Resolved by 24,,2016-05-01 19:07:00,True,True,False,True,True,False,,False,False
INC0022946,Closed,False,0,0,1,True,Caller 1281,Opened by  62,2016-04-26 18:36:00,?,,Updated by 908,2016-05-01 19:07:00,Phone,Location 161,Category 42,Subcategory 223,Symptom 491,?,2 - Medium,2 - Medium,3 - Moderate,Group 70,Resolver 33,False,False,Do Not Notify,?,?,?,?,code 9,Resolved by 32,,2016-05-01 19:07:00,True,True,False,True,True,False,,False,False
INC0022949,Closed,False,0,0,1,True,Caller 2743,Opened by  47,2016-04-26 18:49:00,?,,Updated by 908,2016-05-01 19:07:00,Phone,Location 131,Category 32,Subcategory 9,?,?,2 - Medium,2 - Medium,3 - Moderate,Group 70,Resolver 26,False,False,Do Not Notify,?,?,?,?,code 9,Resolved by 24,,2016-05-01 19:07:00,True,True,False,True,True,False,,False,False
INC0022953,Closed,False,0,0,1,True,Caller 2743,Opened by  47,2016-04-26 18:59:00,?,,Updated by 908,2016-05-01 20:07:00,Phone,Location 131,Category 53,Subcategory 226,Symptom 387,?,2 - Medium,2 - Medium,3 - Moderate,Group 70,Resolver 26,False,False,Do Not Notify,?,?,?,?,code 9,Resolved by 24,,2016-05-01 20:07:00,True,True,False,True,True,False,,False,False
INC0022959,Closed,False,0,0,1,True,Caller 1555,Opened by  62,2016-04-26 20:11:00,?,,Updated by 908,2016-05-01 21:07:00,Phone,Location 204,Category 26,Subcategory 174,Symptom 491,?,2 - Medium,2 - Medium,3 - Moderate,Group 70,Resolver 33,False,False,Do Not Notify,?,?,?,?,code 9,Resolved by 32,,2016-05-01 21:07:00,True,True,False,True,True,False,,False,False
INC0022975,Closed,False,0,0,1,True,Caller 4403,Opened by  397,2016-04-27 02:43:00,?,,Updated by 908,2016-05-02 03:07:00,Phone,Location 55,Category 20,Subcategory 174,?,?,2 - Medium,2 - Medium,3 - Moderate,Group 70,Resolver 191,False,False,Do Not Notify,?,?,?,?,code 7,Resolved by 174,,2016-05-02 03:07:00,True,True,False,True,True,False,,False,False
INC0022977,Closed,False,0,0,1,True,Caller 4403,Opened by  397,2016-04-27 05:40:00,?,,Updated by 908,2016-05-02 06:07:00,Phone,Location 55,Category 37,Subcategory 123,Symptom 127,?,2 - Medium,2 - Medium,3 - Moderate,Group 70,Resolver 191,False,False,Do Not Notify,?,?,?,?,code 7,Resolved by 174,,2016-05-02 06:07:00,True,True,False,True,True,False,,False,False
INC0022998,Closed,False,0,0,1,True,Caller 645,Opened by  40,2016-04-27 08:23:00,?,,Updated by 908,2016-05-02 09:07:00,Phone,Location 143,Category 42,Subcategory 223,Symptom 534,?,2 - Medium,2 - Medium,3 - Moderate,Group 70,Resolver 23,False,False,Do Not Notify,?,?,?,?,code 6,Resolved by 21,,2016-05-02 09:07:00,True,True,False,True,True,False,,False,False
INC0023007,Closed,False,0,0,1,True,Caller 3912,Opened by  40,2016-04-27 08:35:00,?,,Updated by 908,2016-05-02 09:07:00,Phone,Location 161,Category 26,Subcategory 164,Symptom 295,?,2 - Medium,2 - Medium,3 - Moderate,Group 70,Resolver 23,False,False,Do Not Notify,?,?,?,?,code 9,Resolved by 21,,2016-05-02 09:07:00,True,True,False,True,True,False,,False,False
INC0023028,Closed,False,0,0,1,True,Caller 4027,Opened by  40,2016-04-27 09:01:00,?,,Updated by 908,2016-05-02 10:07:00,Phone,Location 204,Category 53,Subcategory 174,?,?,2 - Medium,2 - Medium,3 - Moderate,Group 70,Resolver 23,False,False,Do Not Notify,?,?,?,?,code 6,Resolved by 21,,2016-05-02 10:07:00,True,True,False,True,True,False,,False,False
INC0023061,Closed,False,0,0,1,True,Caller 335,Opened by  40,2016-04-27 09:38:00,?,,Updated by 908,2016-05-02 10:07:00,Phone,Location 179,Category 32,Subcategory 9,Symptom 491,?,2 - Medium,2 - Medium,3 - Moderate,Group 70,Resolver 23,False,False,Do Not Notify,?,?,?,?,code 6,Resolved by 21,,2016-05-02 10:07:00,True,True,False,True,True,False,,False,False
INC0023089,Closed,False,0,0,1,True,Caller 1082,Opened by  40,2016-04-27 10:12:00,?,,Updated by 908,2016-05-02 11:07:00,Phone,Location 204,Category 53,Subcategory 174,?,?,2 - Medium,2 - Medium,3 - Moderate,Group 70,Resolver 23,False,False,Do Not Notify,?,?,?,?,code 6,Resolved by 21,,2016-05-02 11:07:00,True,True,False,True,True,False,,False,False
INC0023100,Closed,False,0,0,1,True,Caller 1595,Opened by  40,2016-04-27 10:24:00,?,,Updated by 908,2016-05-02 11:07:00,Phone,Location 204,Category 37,Subcategory 135,Symptom 127,?,2 - Medium,2 - Medium,3 - Moderate,Group 70,Resolver 23,False,False,Do Not Notify,?,?,?,?,code 6,Resolved by 21,,2016-05-02 11:07:00,True,True,False,True,True,False,,False,False
INC0023162,Closed,False,0,0,1,True,Caller 2696,Opened by  40,2016-04-27 11:40:00,?,,Updated by 908,2016-05-02 12:07:00,Phone,Location 15,Category 42,Subcategory 223,Symptom 534,?,2 - Medium,2 - Medium,3 - Moderate,Group 70,Resolver 23,False,False,Do Not Notify,?,?,?,?,code 6,Resolved by 21,,2016-05-02 12:07:00,True,True,False,True,True,False,,False,False
INC0023186,Closed,False,0,0,1,True,Caller 791,Opened by  108,2016-04-27 12:03:00,?,,Updated by 908,2016-05-02 13:07:00,Phone,Location 204,Category 9,Subcategory 164,?,?,2 - Medium,2 - Medium,3 - Moderate,Group 70,Resolver 56,False,False,Do Not Notify,?,?,?,?,code 6,Resolved by 52,,2016-05-02 13:07:00,True,True,False,True,True,False,,False,False
INC0023217,Closed,False,0,0,1,True,Caller 1150,Opened by  108,2016-04-27 13:17:00,?,,Updated by 908,2016-05-02 14:07:00,Phone,Location 204,Category 42,Subcategory 223,Symptom 534,?,2 - Medium,2 - Medium,3 - Moderate,Group 70,Resolver 56,False,False,Do Not Notify,?,?,?,?,code 6,Resolved by 52,,2016-05-02 14:07:00,True,True,False,True,True,False,,False,False
INC0023223,Closed,False,0,0,1,True,Caller 1473,Opened by  40,2016-04-27 13:33:00,?,,Updated by 908,2016-05-02 14:07:00,Phone,Location 143,Category 53,Subcategory 174,?,?,2 - Medium,2 - Medium,3 - Moderate,Group 70,Resolver 23,False,False,Do Not Notify,?,?,?,?,code 6,Resolved by 21,,2016-05-02 14:07:00,True,True,False,True,True,False,,False,False
INC0023227,Closed,False,0,0,1,True,Caller 1150,Opened by  108,2016-04-27 13:37:00,?,,Updated by 908,2016-05-02 14:07:00,Phone,Location 204,Category 42,Subcategory 223,Symptom 534,?,2 - Medium,2 - Medium,3 - Moderate,Group 70,Resolver 56,False,False,Do Not Notify,?,?,?,?,code 6,Resolved by 52,,2016-05-02 14:07:00,True,True,False,True,True,False,,False,False
INC0023231,Closed,False,0,0,1,True,Caller 4961,Opened by  40,2016-04-27 13:42:00,?,,Updated by 908,2016-05-02 14:07:00,Phone,Location 161,Category 20,Subcategory 125,Symptom 116,?,2 - Medium,2 - Medium,3 - Moderate,Group 70,Resolver 23,False,False,Do Not Notify,?,?,?,?,code 9,Resolved by 21,,2016-05-02 14:07:00,True,True,False,True,True,False,,False,False
INC0023242,Closed,False,0,0,1,True,Caller 3896,Opened by  108,2016-04-27 13:54:00,?,,Updated by 908,2016-05-02 14:10:00,Phone,Location 161,Category 34,Subcategory 151,Symptom 491,?,2 - Medium,2 - Medium,3 - Moderate,Group 70,Resolver 56,False,False,Do Not Notify,?,?,?,?,code 6,Resolved by 52,,2016-05-02 14:10:00,True,True,False,True,True,False,,False,False
INC0023253,Closed,False,0,0,1,True,Caller 2473,Opened by  108,2016-04-27 14:22:00,?,,Updated by 908,2016-05-02 15:07:00,Phone,Location 55,Category 40,Subcategory 44,?,?,2 - Medium,2 - Medium,3 - Moderate,Group 70,Resolver 56,False,False,Do Not Notify,?,?,?,?,code 6,Resolved by 52,,2016-05-02 15:07:00,True,True,False,True,True,False,,False,False
INC0023301,Closed,False,0,0,1,True,Caller 1150,Opened by  108,2016-04-27 15:35:00,?,,Updated by 908,2016-05-02 17:07:00,Phone,Location 204,Category 35,Subcategory 28,Symptom 506,?,2 - Medium,2 - Medium,3 - Moderate,Group 70,Resolver 56,False,False,Do Not Notify,?,?,?,?,code 6,Resolved by 52,,2016-05-02 17:07:00,True,True,False,True,True,False,,False,False
INC0023302,Closed,False,0,0,1,True,Caller 5026,Opened by  108,2016-04-27 15:42:00,?,,Updated by 908,2016-05-02 16:07:00,Phone,Location 161,Category 35,Subcategory 174,?,?,2 - Medium,2 - Medium,3 - Moderate,Group 70,Resolver 56,False,False,Do Not Notify,?,?,?,?,code 6,Resolved by 52,,2016-05-02 16:07:00,True,True,False,True,True,False,,False,False
INC0023306,Closed,False,0,0,1,True,Caller 154,Opened by  62,2016-04-27 15:47:00,?,,Updated by 908,2016-05-02 17:07:00,Phone,Location 108,Category 26,Subcategory 275,Symptom 491,?,2 - Medium,2 - Medium,3 - Moderate,Group 70,Resolver 33,False,False,Do Not Notify,?,?,?,?,code 9,Resolved by 32,,2016-05-02 17:07:00,True,True,False,True,True,False,,False,False
INC0023338,Closed,False,0,0,1,True,Caller 3757,Opened by  108,2016-04-27 16:43:00,?,,Updated by 908,2016-05-02 17:07:00,Phone,Location 46,Category 26,Subcategory 175,Symptom 491,?,2 - Medium,2 - Medium,3 - Moderate,Group 70,Resolver 56,False,False,Do Not Notify,?,?,?,?,code 6,Resolved by 52,,2016-05-02 17:07:00,True,True,False,True,True,False,,False,False
INC0023361,Closed,False,0,0,1,True,Caller 1177,Opened by  62,2016-04-27 17:29:00,?,,Updated by 908,2016-05-02 18:07:00,Phone,Location 55,Category 26,Subcategory 175,Symptom 491,?,2 - Medium,2 - Medium,3 - Moderate,Group 70,Resolver 33,False,False,Do Not Notify,?,?,?,?,code 9,Resolved by 32,,2016-05-02 18:07:00,True,True,False,True,True,False,,False,False
INC0023367,Closed,False,0,0,1,True,Caller 1177,Opened by  62,2016-04-27 17:39:00,?,,Updated by 908,2016-05-02 18:07:00,Phone,Location 55,Category 42,Subcategory 223,Symptom 534,?,2 - Medium,2 - Medium,3 - Moderate,Group 70,Resolver 33,False,False,Do Not Notify,?,?,?,?,code 6,Resolved by 32,,2016-05-02 18:07:00,True,True,False,True,True,False,,False,False
INC0023377,Closed,False,0,0,1,True,Caller 290,Opened by  20,2016-04-27 18:28:00,?,,Updated by 908,2016-05-02 19:07:00,Phone,Location 188,Category 42,Subcategory 223,Symptom 491,?,3 - Low,3 - Low,4 - Low,Group 70,Resolver 15,False,False,Do Not Notify,?,?,?,?,code 6,Resolved by 13,,2016-05-02 19:07:00,True,True,False,True,True,False,,False,False
INC0023383,Closed,False,0,0,1,True,Caller 961,Opened by  62,2016-04-27 19:28:00,?,,Updated by 908,2016-05-02 20:07:00,Phone,Location 161,Category 42,Subcategory 223,Symptom 491,?,2 - Medium,2 - Medium,3 - Moderate,Group 70,Resolver 33,False,False,Do Not Notify,?,?,?,?,code 9,Resolved by 32,,2016-05-02 20:07:00,True,True,False,True,True,False,,False,False
INC0023384,Closed,False,0,0,1,True,Caller 290,Opened by  20,2016-04-27 19:41:00,?,,Updated by 908,2016-05-02 20:07:00,Phone,Location 188,Category 42,Subcategory 223,Symptom 491,?,3 - Low,3 - Low,4 - Low,Group 70,Resolver 15,False,False,Do Not Notify,?,?,?,?,code 6,Resolved by 13,,2016-05-02 20:07:00,True,True,False,True,True,False,,False,False
INC0023385,Closed,False,0,0,1,True,Caller 290,Opened by  20,2016-04-27 19:42:00,?,,Updated by 908,2016-05-02 20:07:00,Phone,Location 188,Category 28,Subcategory 174,Symptom 491,?,3 - Low,3 - Low,4 - Low,Group 70,Resolver 15,False,False,Do Not Notify,?,?,?,?,code 6,Resolved by 13,,2016-05-02 20:07:00,True,True,False,True,True,False,,False,False
INC0023390,Closed,False,0,0,1,True,Caller 290,Opened by  20,2016-04-27 20:03:00,?,,Updated by 908,2016-05-02 20:07:00,Phone,Location 188,Category 42,Subcategory 223,Symptom 491,?,3 - Low,3 - Low,4 - Low,Group 70,Resolver 15,False,False,Do Not Notify,?,?,?,?,code 6,Resolved by 13,,2016-05-02 20:07:00,True,True,False,True,True,False,,False,False
INC0023391,Closed,False,0,0,1,True,Caller 290,Opened by  20,2016-04-27 20:04:00,?,,Updated by 908,2016-05-02 20:07:00,Phone,Location 188,Category 42,Subcategory 223,Symptom 491,?,3 - Low,3 - Low,4 - Low,Group 70,Resolver 15,False,False,Do Not Notify,?,?,?,?,code 6,Resolved by 13,,2016-05-02 20:07:00,True,True,False,True,True,False,,False,False
INC0023404,Closed,False,0,0,1,True,Caller 290,Opened by  20,2016-04-27 21:34:00,?,,Updated by 908,2016-05-02 22:07:00,Phone,Location 188,Category 42,Subcategory 223,Symptom 491,?,3 - Low,3 - Low,4 - Low,Group 70,Resolver 15,False,False,Do Not Notify,?,?,?,?,code 6,Resolved by 13,,2016-05-02 22:07:00,True,True,False,True,True,False,,False,False
INC0023405,Closed,False,0,0,1,True,Caller 290,Opened by  20,2016-04-27 21:35:00,?,,Updated by 908,2016-05-02 22:07:00,Phone,Location 188,Category 42,Subcategory 223,Symptom 491,?,3 - Low,3 - Low,4 - Low,Group 70,Resolver 15,False,False,Do Not Notify,?,?,?,?,code 6,Resolved by 13,,2016-05-02 22:07:00,True,True,False,True,True,False,,False,False
INC0023407,Closed,False,0,0,1,True,Caller 290,Opened by  20,2016-04-27 21:36:00,?,,Updated by 908,2016-05-02 22:07:00,Phone,Location 188,Category 42,Subcategory 223,Symptom 491,?,3 - Low,3 - Low,4 - Low,Group 70,Resolver 15,False,False,Do Not Notify,?,?,?,?,code 6,Resolved by 13,,2016-05-02 22:07:00,True,True,False,True,True,False,,False,False
INC0023408,Closed,False,0,0,1,True,Caller 290,Opened by  20,2016-04-27 21:38:00,?,,Updated by 908,2016-05-02 22:07:00,Phone,Location 188,Category 42,Subcategory 223,Symptom 491,?,3 - Low,3 - Low,4 - Low,Group 70,Resolver 15,False,False,Do Not Notify,?,?,?,?,code 6,Resolved by 13,,2016-05-02 22:07:00,True,True,False,True,True,False,,False,False
INC0023409,Closed,False,0,0,1,True,Caller 290,Opened by  20,2016-04-27 21:39:00,?,,Updated by 908,2016-05-02 22:07:00,Phone,Location 188,Category 42,Subcategory 223,Symptom 491,?,3 - Low,3 - Low,4 - Low,Group 70,Resolver 15,False,False,Do Not Notify,?,?,?,?,code 6,Resolved by 13,,2016-05-02 22:07:00,True,True,False,True,True,False,,False,False
INC0023410,Closed,False,0,0,1,True,Caller 290,Opened by  20,2016-04-27 21:41:00,?,,Updated by 908,2016-05-02 22:07:00,Phone,Location 188,Category 28,Subcategory 174,Symptom 491,?,3 - Low,3 - Low,4 - Low,Group 70,Resolver 15,False,False,Do Not Notify,?,?,?,?,code 6,Resolved by 13,,2016-05-02 22:07:00,True,True,False,True,True,False,,False,False
INC0023411,Closed,False,0,0,1,True,Caller 290,Opened by  20,2016-04-27 21:42:00,?,,Updated by 908,2016-05-02 22:07:00,Phone,Location 188,Category 28,Subcategory 174,Symptom 491,?,3 - Low,3 - Low,4 - Low,Group 70,Resolver 15,False,False,Do Not Notify,?,?,?,?,code 6,Resolved by 13,,2016-05-02 22:07:00,True,True,False,True,True,False,,False,False
INC0023412,Closed,False,0,0,1,True,Caller 290,Opened by  20,2016-04-27 21:43:00,?,,Updated by 908,2016-05-02 22:07:00,Phone,Location 188,Category 28,Subcategory 174,Symptom 491,?,3 - Low,3 - Low,4 - Low,Group 70,Resolver 15,False,False,Do Not Notify,?,?,?,?,code 6,Resolved by 13,,2016-05-02 22:07:00,True,True,False,True,True,False,,False,False
INC0023413,Closed,False,0,0,1,True,Caller 290,Opened by  20,2016-04-27 21:46:00,?,,Updated by 908,2016-05-02 22:07:00,Phone,Location 188,Category 28,Subcategory 174,Symptom 491,?,3 - Low,3 - Low,4 - Low,Group 70,Resolver 15,False,False,Do Not Notify,?,?,?,?,code 6,Resolved by 13,,2016-05-02 22:07:00,True,True,False,True,True,False,,False,False
INC0023415,Closed,False,0,0,1,True,Caller 5569,Opened by  47,2016-04-27 22:01:00,?,,Updated by 908,2016-05-02 22:07:00,Phone,Location 143,Category 46,Subcategory 223,?,?,2 - Medium,2 - Medium,3 - Moderate,Group 70,Resolver 26,False,False,Do Not Notify,?,?,?,?,code 9,Resolved by 24,,2016-05-02 22:07:00,True,True,False,True,True,False,,False,False
INC0023416,Closed,False,0,0,1,True,Caller 290,Opened by  20,2016-04-27 22:02:00,?,,Updated by 908,2016-05-02 22:07:00,Phone,Location 188,Category 28,Subcategory 174,Symptom 491,?,3 - Low,3 - Low,4 - Low,Group 70,Resolver 15,False,False,Do Not Notify,?,?,?,?,code 6,Resolved by 13,,2016-05-02 22:07:00,True,True,False,True,True,False,,False,False
INC0023417,Closed,False,0,0,1,True,Caller 290,Opened by  20,2016-04-27 22:04:00,?,,Updated by 908,2016-05-02 22:07:00,Phone,Location 188,Category 28,Subcategory 174,Symptom 491,?,3 - Low,3 - Low,4 - Low,Group 70,Resolver 15,False,False,Do Not Notify,?,?,?,?,code 6,Resolved by 13,,2016-05-02 22:07:00,True,True,False,True,True,False,,False,False
INC0023418,Closed,False,0,0,1,True,Caller 290,Opened by  20,2016-04-27 23:08:00,?,,Updated by 908,2016-05-02 23:10:00,Phone,Location 188,Category 28,Subcategory 174,Symptom 491,?,3 - Low,3 - Low,4 - Low,Group 70,Resolver 15,False,False,Do Not Notify,?,?,?,?,code 6,Resolved by 13,,2016-05-02 23:10:00,True,True,False,True,True,False,,False,False
INC0023419,Closed,False,0,0,1,True,Caller 290,Opened by  20,2016-04-27 23:09:00,?,,Updated by 908,2016-05-03 00:07:00,Phone,Location 188,Category 28,Subcategory 174,Symptom 491,?,3 - Low,3 - Low,4 - Low,Group 70,Resolver 15,False,False,Do Not Notify,?,?,?,?,code 6,Resolved by 13,,2016-05-03 00:07:00,True,True,False,True,True,False,,False,False
INC0023420,Closed,False,0,0,1,True,Caller 290,Opened by  20,2016-04-27 23:11:00,?,,Updated by 908,2016-05-03 00:07:00,Phone,Location 188,Category 28,Subcategory 174,Symptom 491,?,3 - Low,3 - Low,4 - Low,Group 70,Resolver 15,False,False,Do Not Notify,?,?,?,?,code 6,Resolved by 13,,2016-05-03 00:07:00,True,True,False,True,True,False,,False,False
INC0023741,Closed,False,0,0,1,True,Caller 3256,Opened by  108,2016-04-28 13:26:00,?,,Updated by 908,2016-05-03 14:07:00,Phone,Location 161,Category 32,Subcategory 9,?,?,2 - Medium,2 - Medium,3 - Moderate,Group 70,Resolver 56,False,False,Do Not Notify,?,?,?,?,code 6,Resolved by 52,,2016-05-03 14:07:00,True,True,False,True,True,False,,False,False
INC0023743,Closed,False,0,0,1,False,Caller 136,Opened by  536,2016-04-28 13:29:00,?,,Updated by 908,2016-05-23 11:07:00,Phone,Location 161,Category 42,Subcategory 223,?,?,2 - Medium,2 - Medium,3 - Moderate,Group 70,Resolver 253,False,False,Do Not Notify,?,?,?,?,code 9,Resolved by 231,,2016-05-23 11:07:00,True,True,False,True,True,False,,False,False
INC0023744,Closed,False,0,0,1,True,Caller 3190,Opened by  108,2016-04-28 13:31:00,?,,Updated by 908,2016-05-03 14:10:00,Phone,Location 204,Category 26,Subcategory 175,?,?,2 - Medium,2 - Medium,3 - Moderate,Group 70,Resolver 56,False,False,Do Not Notify,?,?,?,?,code 6,Resolved by 52,,2016-05-03 14:10:00,True,True,False,True,True,False,,False,False
INC0023745,Closed,False,0,0,1,False,Caller 568,Opened by  536,2016-04-28 13:32:00,?,,Updated by 908,2016-05-23 11:07:00,Phone,Location 161,Category 42,Subcategory 223,?,?,2 - Medium,2 - Medium,3 - Moderate,Group 70,Resolver 253,False,False,Do Not Notify,?,?,?,?,code 9,Resolved by 231,,2016-05-23 11:07:00,True,True,False,True,True,False,,False,False
INC0023748,Closed,False,0,0,1,False,Caller 1465,Opened by  536,2016-04-28 13:35:00,?,,Updated by 908,2016-05-23 11:07:00,Phone,Location 91,Category 42,Subcategory 223,?,?,2 - Medium,2 - Medium,3 - Moderate,Group 70,Resolver 253,False,False,Do Not Notify,?,?,?,?,code 9,Resolved by 231,,2016-05-23 11:07:00,True,True,False,True,True,False,,False,False
INC0023754,Closed,False,0,0,1,False,Caller 1572,Opened by  536,2016-04-28 13:50:00,?,,Updated by 908,2016-05-23 11:07:00,Phone,Location 161,Category 42,Subcategory 223,?,?,2 - Medium,2 - Medium,3 - Moderate,Group 70,Resolver 253,False,False,Do Not Notify,?,?,?,?,code 9,Resolved by 231,,2016-05-23 11:07:00,True,True,False,True,True,False,,False,False
INC0023758,Closed,False,0,0,1,True,Caller 5582,Opened by  17,2016-04-28 13:54:00,?,,Updated by 908,2016-05-03 14:07:00,Phone,Location 204,Category 42,Subcategory 223,Symptom 534,?,2 - Medium,2 - Medium,3 - Moderate,Group 70,Resolver 13,False,False,Do Not Notify,?,?,?,?,code 7,Resolved by 11,,2016-05-03 14:07:00,True,True,False,True,True,False,,False,False
INC0023765,Closed,False,0,0,1,False,Caller 1596,Opened by  536,2016-04-28 14:06:00,?,,Updated by 908,2016-05-23 11:07:00,Phone,Location 135,Category 42,Subcategory 223,?,?,2 - Medium,2 - Medium,3 - Moderate,Group 70,Resolver 253,False,False,Do Not Notify,?,?,?,?,code 9,Resolved by 231,,2016-05-23 11:07:00,True,True,False,True,True,False,,False,False
INC0023768,Closed,False,0,0,1,False,Caller 1677,Opened by  536,2016-04-28 14:07:00,?,,Updated by 908,2016-05-23 11:07:00,Phone,Location 135,Category 42,Subcategory 223,?,?,2 - Medium,2 - Medium,3 - Moderate,Group 70,Resolver 253,False,False,Do Not Notify,?,?,?,?,code 9,Resolved by 231,,2016-05-23 11:07:00,True,True,False,True,True,False,,False,False
INC0023774,Closed,False,0,0,1,False,Caller 1686,Opened by  536,2016-04-28 14:15:00,?,,Updated by 908,2016-05-23 11:07:00,Phone,Location 161,Category 42,Subcategory 223,?,?,2 - Medium,2 - Medium,3 - Moderate,Group 70,Resolver 253,False,False,Do Not Notify,?,?,?,?,code 9,Resolved by 231,,2016-05-23 11:07:00,True,True,False,True,True,False,,False,False
INC0023778,Closed,False,0,0,1,False,Caller 1696,Opened by  536,2016-04-28 14:18:00,?,,Updated by 908,2016-05-23 11:07:00,Phone,Location 161,Category 42,Subcategory 223,?,?,2 - Medium,2 - Medium,3 - Moderate,Group 70,Resolver 253,False,False,Do Not Notify,?,?,?,?,code 9,Resolved by 231,,2016-05-23 11:07:00,True,True,False,True,True,False,,False,False
INC0023784,Closed,False,0,0,1,False,Caller 1851,Opened by  536,2016-04-28 14:27:00,?,,Updated by 908,2016-05-23 11:07:00,Phone,Location 229,Category 42,Subcategory 223,?,?,2 - Medium,2 - Medium,3 - Moderate,Group 70,Resolver 253,False,False,Do Not Notify,?,?,?,?,code 9,Resolved by 231,,2016-05-23 11:07:00,True,True,False,True,True,False,,False,False
INC0023817,Closed,False,0,0,1,False,Caller 1978,Opened by  536,2016-04-28 15:15:00,?,,Updated by 908,2016-05-23 11:07:00,Phone,Location 135,Category 42,Subcategory 223,?,?,2 - Medium,2 - Medium,3 - Moderate,Group 70,Resolver 253,False,False,Do Not Notify,?,?,?,?,code 9,Resolved by 231,,2016-05-23 11:07:00,True,True,False,True,True,False,,False,False
INC0023821,Closed,False,0,0,1,False,Caller 2232,Opened by  536,2016-04-28 15:21:00,?,,Updated by 908,2016-05-23 11:07:00,Phone,Location 135,Category 42,Subcategory 223,?,?,2 - Medium,2 - Medium,3 - Moderate,Group 70,Resolver 253,False,False,Do Not Notify,?,?,?,?,code 9,Resolved by 231,,2016-05-23 11:07:00,True,True,False,True,True,False,,False,False
INC0023824,Closed,False,0,0,1,False,Caller 2958,Opened by  536,2016-04-28 15:26:00,?,,Updated by 908,2016-05-23 11:07:00,Phone,Location 91,Category 42,Subcategory 223,?,?,2 - Medium,2 - Medium,3 - Moderate,Group 70,Resolver 253,False,False,Do Not Notify,?,?,?,?,code 9,Resolved by 231,,2016-05-23 11:07:00,True,True,False,True,True,False,,False,False
INC0023830,Closed,False,0,0,1,False,Caller 3358,Opened by  536,2016-04-28 15:32:00,?,,Updated by 908,2016-05-23 11:07:00,Phone,Location 229,Category 42,Subcategory 223,?,?,2 - Medium,2 - Medium,3 - Moderate,Group 70,Resolver 253,False,False,Do Not Notify,?,?,?,?,code 9,Resolved by 231,,2016-05-23 11:07:00,True,True,False,True,True,False,,False,False
INC0023833,Closed,False,0,0,1,True,Caller 5532,Opened by  62,2016-04-28 15:39:00,?,,Updated by 908,2016-05-03 16:07:00,Phone,Location 8,Category 26,Subcategory 174,Symptom 491,?,2 - Medium,2 - Medium,3 - Moderate,Group 70,Resolver 33,False,False,Do Not Notify,?,?,?,?,code 6,Resolved by 32,,2016-05-03 16:07:00,True,True,False,True,True,False,,False,False
INC0023838,Closed,False,0,0,1,False,Caller 3854,Opened by  536,2016-04-28 15:45:00,?,,Updated by 908,2016-05-23 11:07:00,Phone,Location 161,Category 42,Subcategory 223,?,?,2 - Medium,2 - Medium,3 - Moderate,Group 70,Resolver 253,False,False,Do Not Notify,?,?,?,?,code 9,Resolved by 231,,2016-05-23 11:07:00,True,True,False,True,True,False,,False,False
INC0023846,Closed,False,0,0,1,False,Caller 4124,Opened by  536,2016-04-28 16:06:00,?,,Updated by 908,2016-05-23 11:07:00,Phone,Location 229,Category 42,Subcategory 223,?,?,2 - Medium,2 - Medium,3 - Moderate,Group 70,Resolver 253,False,False,Do Not Notify,?,?,?,?,code 9,Resolved by 231,,2016-05-23 11:07:00,True,True,False,True,True,False,,False,False
INC0023848,Closed,False,0,0,1,False,Caller 4124,Opened by  536,2016-04-28 16:08:00,?,,Updated by 908,2016-05-23 11:07:00,Phone,Location 229,Category 42,Subcategory 223,?,?,2 - Medium,2 - Medium,3 - Moderate,Group 70,Resolver 253,False,False,Do Not Notify,?,?,?,?,code 9,Resolved by 231,,2016-05-23 11:07:00,True,True,False,True,True,False,,False,False
INC0023849,Closed,False,0,0,1,False,Caller 4965,Opened by  536,2016-04-28 16:11:00,?,,Updated by 908,2016-05-23 11:07:00,Phone,Location 161,Category 42,Subcategory 223,?,?,2 - Medium,2 - Medium,3 - Moderate,Group 70,Resolver 253,False,False,Do Not Notify,?,?,?,?,code 9,Resolved by 231,,2016-05-23 11:07:00,True,True,False,True,True,False,,False,False
INC0023853,Closed,False,0,0,1,False,Caller 5001,Opened by  536,2016-04-28 16:13:00,?,,Updated by 908,2016-05-23 11:07:00,Phone,Location 161,Category 42,Subcategory 223,?,?,2 - Medium,2 - Medium,3 - Moderate,Group 70,Resolver 253,False,False,Do Not Notify,?,?,?,?,code 9,Resolved by 231,,2016-05-23 11:07:00,True,True,False,True,True,False,,False,False
INC0023854,Closed,False,0,0,1,False,Caller 5407,Opened by  536,2016-04-28 16:14:00,?,,Updated by 908,2016-05-23 11:07:00,Phone,Location 161,Category 42,Subcategory 223,?,?,2 - Medium,2 - Medium,3 - Moderate,Group 70,Resolver 253,False,False,Do Not Notify,?,?,?,?,code 9,Resolved by 231,,2016-05-23 11:07:00,True,True,False,True,True,False,,False,False
INC0023880,Closed,False,0,0,1,True,Caller 4901,Opened by  108,2016-04-28 16:47:00,?,,Updated by 908,2016-05-03 17:07:00,Phone,Location 161,Category 35,Subcategory 174,?,?,2 - Medium,2 - Medium,3 - Moderate,Group 70,Resolver 56,False,False,Do Not Notify,?,?,?,?,code 6,Resolved by 52,,2016-05-03 17:07:00,True,True,False,True,True,False,,False,False
INC0023885,Closed,False,0,0,1,True,Caller 75,Opened by  62,2016-04-28 16:54:00,?,,Updated by 908,2016-05-03 17:07:00,Phone,Location 143,Category 42,Subcategory 223,Symptom 534,?,2 - Medium,2 - Medium,3 - Moderate,Group 70,Resolver 33,False,False,Do Not Notify,?,?,?,?,code 6,Resolved by 32,,2016-05-03 17:07:00,True,True,False,True,True,False,,False,False
INC0023890,Closed,False,0,0,1,True,Caller 1241,Opened by  62,2016-04-28 17:02:00,?,,Updated by 908,2016-05-03 17:10:00,Phone,Location 51,Category 42,Subcategory 223,Symptom 534,?,2 - Medium,2 - Medium,3 - Moderate,Group 70,Resolver 33,False,False,Do Not Notify,?,?,?,?,code 6,Resolved by 32,,2016-05-03 17:10:00,True,True,False,True,True,False,,False,False
INC0023904,Closed,False,0,0,1,True,Caller 1483,Opened by  62,2016-04-28 17:37:00,?,,Updated by 908,2016-05-03 18:07:00,Phone,Location 174,Category 26,Subcategory 175,Symptom 491,?,2 - Medium,2 - Medium,3 - Moderate,Group 70,Resolver 33,False,False,Do Not Notify,?,?,?,?,code 6,Resolved by 32,,2016-05-03 18:07:00,True,True,False,True,True,False,,False,False
INC0023917,Closed,False,0,0,1,True,Caller 49,Opened by  62,2016-04-28 19:22:00,?,,Updated by 908,2016-05-03 20:07:00,Phone,Location 242,Category 26,Subcategory 175,Symptom 116,?,2 - Medium,2 - Medium,3 - Moderate,Group 70,Resolver 33,False,False,Do Not Notify,?,?,?,?,code 9,Resolved by 32,,2016-05-03 20:07:00,True,True,False,True,True,False,,False,False
INC0023924,Closed,False,0,0,1,True,Caller 5427,Opened by  62,2016-04-28 20:02:00,?,,Updated by 908,2016-05-03 21:07:00,Phone,Location 93,Category 35,Subcategory 28,Symptom 506,?,2 - Medium,2 - Medium,3 - Moderate,Group 70,Resolver 33,False,False,Do Not Notify,?,?,?,?,code 9,Resolved by 32,,2016-05-03 21:07:00,True,True,False,True,True,False,,False,False
INC0024049,Closed,False,0,0,1,False,Caller 278,Opened by  536,2016-04-29 09:52:00,?,,Updated by 908,2016-05-23 11:07:00,Phone,Location 171,Category 42,Subcategory 223,?,?,2 - Medium,2 - Medium,3 - Moderate,Group 70,Resolver 215,False,False,Do Not Notify,?,?,?,?,code 6,Resolved by 231,,2016-05-23 11:07:00,True,True,False,True,True,False,,False,False
INC0024052,Closed,False,0,0,1,False,Caller 292,Opened by  536,2016-04-29 10:04:00,?,,Updated by 908,2016-05-23 11:07:00,Phone,Location 31,Category 42,Subcategory 223,?,?,2 - Medium,2 - Medium,3 - Moderate,Group 70,Resolver 215,False,False,Do Not Notify,?,?,?,?,code 6,Resolved by 231,,2016-05-23 11:07:00,True,True,False,True,True,False,,False,False
INC0024105,Closed,False,0,0,1,False,Caller 3365,Opened by  536,2016-04-29 10:59:00,?,,Updated by 908,2016-05-23 11:07:00,Phone,Location 161,Category 42,Subcategory 223,?,?,2 - Medium,2 - Medium,3 - Moderate,Group 70,Resolver 215,False,False,Do Not Notify,?,?,?,?,code 6,Resolved by 231,,2016-05-23 11:07:00,True,True,False,True,True,False,,False,False
INC0024207,Closed,False,0,0,1,True,Caller 1011,Opened by  108,2016-04-29 13:13:00,?,,Updated by 908,2016-05-04 14:07:00,Phone,Location 161,Category 53,Subcategory 174,?,?,2 - Medium,2 - Medium,3 - Moderate,Group 70,Resolver 56,False,False,Do Not Notify,?,?,?,?,code 6,Resolved by 52,,2016-05-04 14:07:00,True,True,False,True,True,False,,False,False
INC0024214,Closed,False,0,0,1,True,Caller 5030,Opened by  500,2016-04-29 13:20:00,?,,Updated by 908,2016-05-04 14:07:00,Phone,Location 143,Category 32,Subcategory 174,Symptom 491,?,2 - Medium,2 - Medium,3 - Moderate,Group 70,Resolver 232,False,False,Do Not Notify,?,?,?,?,code 9,Resolved by 211,,2016-05-04 14:07:00,True,True,False,True,True,False,,False,False
INC0024217,Closed,False,0,0,1,True,Caller 731,Opened by  500,2016-04-29 13:35:00,?,,Updated by 908,2016-05-04 14:10:00,Phone,Location 70,Category 32,Subcategory 174,Symptom 491,?,2 - Medium,2 - Medium,3 - Moderate,Group 70,Resolver 232,False,False,Do Not Notify,?,?,?,?,code 9,Resolved by 211,,2016-05-04 14:10:00,True,True,False,True,True,False,,False,False
INC0024233,Closed,False,0,0,1,True,Caller 3190,Opened by  108,2016-04-29 13:57:00,?,,Updated by 908,2016-05-04 14:07:00,Phone,Location 204,Category 42,Subcategory 223,Symptom 534,?,2 - Medium,2 - Medium,3 - Moderate,Group 70,Resolver 56,False,False,Do Not Notify,?,?,?,?,code 6,Resolved by 52,,2016-05-04 14:07:00,True,True,False,True,True,False,,False,False
INC0024283,Closed,False,0,0,1,True,Caller 2789,Opened by  62,2016-04-29 15:10:00,?,,Updated by 908,2016-05-04 16:07:00,Phone,Location 143,Category 42,Subcategory 223,Symptom 534,?,2 - Medium,2 - Medium,3 - Moderate,Group 70,Resolver 33,False,False,Do Not Notify,?,?,?,?,code 6,Resolved by 32,,2016-05-04 16:07:00,True,True,False,True,True,False,,False,False
INC0024288,Closed,False,0,0,1,True,Caller 3071,Opened by  108,2016-04-29 15:17:00,?,,Updated by 908,2016-05-04 16:07:00,Phone,Location 143,Category 37,Subcategory 123,Symptom 127,?,2 - Medium,2 - Medium,3 - Moderate,Group 70,Resolver 56,False,False,Do Not Notify,?,?,?,?,code 6,Resolved by 52,,2016-05-04 16:07:00,True,True,False,True,True,False,,False,False
INC0024291,Closed,False,0,0,1,True,Caller 715,Opened by  62,2016-04-29 15:24:00,?,,Updated by 908,2016-05-04 16:07:00,Phone,Location 204,Category 42,Subcategory 223,Symptom 534,?,2 - Medium,2 - Medium,3 - Moderate,Group 70,Resolver 33,False,False,Do Not Notify,?,?,?,?,code 6,Resolved by 32,,2016-05-04 16:07:00,True,True,False,True,True,False,,False,False
INC0024313,Closed,False,0,0,1,True,Caller 4248,Opened by  62,2016-04-29 15:57:00,?,,Updated by 908,2016-05-04 16:07:00,Phone,Location 161,Category 26,Subcategory 175,Symptom 120,?,2 - Medium,2 - Medium,3 - Moderate,Group 70,Resolver 33,False,False,Do Not Notify,?,?,?,?,code 9,Resolved by 32,,2016-05-04 16:07:00,True,True,False,True,True,False,,False,False
INC0024318,Closed,False,0,0,1,True,Caller 1759,Opened by  62,2016-04-29 16:06:00,?,,Updated by 908,2016-05-04 17:07:00,Phone,Location 55,Category 26,Subcategory 175,Symptom 116,?,2 - Medium,2 - Medium,3 - Moderate,Group 70,Resolver 33,False,False,Do Not Notify,?,?,?,?,code 9,Resolved by 32,,2016-05-04 17:07:00,True,True,False,True,True,False,,False,False
INC0024345,Closed,False,0,0,1,True,Caller 1057,Opened by  500,2016-04-29 16:50:00,?,,Updated by 908,2016-05-04 18:07:00,Phone,Location 161,Category 53,Subcategory 174,Symptom 491,?,2 - Medium,2 - Medium,3 - Moderate,Group 70,Resolver 232,False,False,Do Not Notify,?,?,?,?,code 9,Resolved by 211,,2016-05-04 18:07:00,True,True,False,True,True,False,,False,False
INC0024359,Closed,False,0,0,1,True,Caller 4633,Opened by  62,2016-04-29 17:04:00,?,,Updated by 908,2016-05-04 18:07:00,Phone,Location 161,Category 42,Subcategory 223,Symptom 534,?,2 - Medium,2 - Medium,3 - Moderate,Group 70,Resolver 33,False,False,Do Not Notify,?,?,?,?,code 6,Resolved by 32,,2016-05-04 18:07:00,True,True,False,True,True,False,,False,False
INC0024371,Closed,False,0,0,1,True,Caller 5332,Opened by  108,2016-04-29 17:16:00,?,,Updated by 908,2016-05-04 18:07:00,Phone,Location 51,Category 26,Subcategory 174,?,?,2 - Medium,2 - Medium,3 - Moderate,Group 70,Resolver 33,False,False,Do Not Notify,?,?,?,?,code 6,Resolved by 52,,2016-05-04 18:07:00,True,True,False,True,True,False,,False,False
INC0024377,Closed,False,0,0,1,True,Caller 2602,Opened by  62,2016-04-29 17:48:00,?,,Updated by 908,2016-05-04 18:07:00,Phone,Location 143,Category 42,Subcategory 223,Symptom 534,?,2 - Medium,2 - Medium,3 - Moderate,Group 70,Resolver 33,False,False,Do Not Notify,?,?,?,?,code 6,Resolved by 32,,2016-05-04 18:07:00,True,True,False,True,True,False,,False,False
INC0024392,Closed,False,0,0,1,True,Caller 1413,Opened by  62,2016-04-29 19:44:00,?,,Updated by 908,2016-05-04 20:07:00,Phone,Location 55,Category 26,Subcategory 175,Symptom 116,?,2 - Medium,2 - Medium,3 - Moderate,Group 70,Resolver 33,False,False,Do Not Notify,?,?,?,?,code 9,Resolved by 32,,2016-05-04 20:07:00,True,True,False,True,True,False,,False,False
INC0024466,Closed,False,0,0,1,True,Caller 4878,Opened by  500,2016-04-30 13:16:00,?,,Updated by 908,2016-05-05 14:07:00,Phone,Location 70,Category 32,Subcategory 300,Symptom 491,?,2 - Medium,2 - Medium,3 - Moderate,Group 70,Resolver 232,False,False,Do Not Notify,?,?,?,?,code 9,Resolved by 211,,2016-05-05 14:07:00,True,True,False,True,True,False,,False,False
INC0024468,Closed,False,0,0,1,True,Caller 2473,Opened by  500,2016-04-30 14:25:00,?,,Updated by 908,2016-05-05 15:07:00,Phone,Location 55,Category 57,Subcategory 170,Symptom 534,?,2 - Medium,2 - Medium,3 - Moderate,Group 70,Resolver 232,False,False,Do Not Notify,?,?,?,?,code 9,Resolved by 211,,2016-05-05 15:07:00,True,True,False,True,True,False,,False,False
INC0024472,Closed,False,0,0,1,True,Caller 3068,Opened by  62,2016-04-30 15:42:00,?,,Updated by 908,2016-05-05 16:07:00,Phone,Location 204,Category 26,Subcategory 175,Symptom 119,?,2 - Medium,2 - Medium,3 - Moderate,Group 70,Resolver 33,False,False,Do Not Notify,?,?,?,?,code 9,Resolved by 32,,2016-05-05 16:07:00,True,True,False,True,True,False,,False,False
INC0024473,Closed,False,0,0,1,True,Caller 5464,Opened by  62,2016-04-30 16:08:00,?,,Updated by 908,2016-05-05 17:07:00,Phone,Location 108,Category 26,Subcategory 174,Symptom 491,?,2 - Medium,2 - Medium,3 - Moderate,Group 70,Resolver 33,False,False,Do Not Notify,?,?,?,?,code 9,Resolved by 32,,2016-05-05 17:07:00,True,True,False,True,True,False,,False,False
INC0024479,Closed,False,0,0,1,True,Caller 5411,Opened by  500,2016-04-30 17:38:00,?,,Updated by 908,2016-05-05 18:07:00,Phone,Location 161,Category 20,Subcategory 125,Symptom 517,?,2 - Medium,2 - Medium,3 - Moderate,Group 70,Resolver 232,False,False,Do Not Notify,?,?,?,?,code 9,Resolved by 211,,2016-05-05 18:07:00,True,True,False,True,True,False,,False,False
INC0024482,Closed,False,0,0,1,True,Caller 156,Opened by  62,2016-04-30 19:06:00,?,,Updated by 908,2016-05-05 20:07:00,Phone,Location 161,Category 42,Subcategory 174,Symptom 491,?,2 - Medium,2 - Medium,3 - Moderate,Group 70,Resolver 33,False,False,Do Not Notify,?,?,?,?,code 9,Resolved by 32,,2016-05-05 20:07:00,True,True,False,True,True,False,,False,False
INC0024484,Closed,False,0,0,1,True,Caller 958,Opened by  62,2016-04-30 19:54:00,?,,Updated by 908,2016-05-05 20:07:00,Phone,Location 180,Category 9,Subcategory 202,Symptom 70,?,2 - Medium,2 - Medium,3 - Moderate,Group 70,Resolver 33,False,False,Do Not Notify,?,?,?,?,code 9,Resolved by 32,,2016-05-05 20:07:00,True,True,False,True,True,False,,False,False
INC0024485,Closed,False,0,0,1,True,Caller 958,Opened by  62,2016-04-30 20:04:00,?,,Updated by 908,2016-05-05 21:07:00,Phone,Location 180,Category 9,Subcategory 202,Symptom 70,?,2 - Medium,2 - Medium,3 - Moderate,Group 70,Resolver 33,False,False,Do Not Notify,?,?,?,?,code 9,Resolved by 32,,2016-05-05 21:07:00,True,True,False,True,True,False,,False,False
INC0024496,Closed,False,0,0,1,True,Caller 4397,Opened by  397,2016-05-01 00:13:00,?,,Updated by 908,2016-05-06 01:07:00,Phone,Location 143,Category 46,Subcategory 223,?,?,2 - Medium,2 - Medium,3 - Moderate,Group 70,Resolver 191,False,False,Do Not Notify,?,?,?,?,code 7,Resolved by 174,,2016-05-06 01:07:00,True,True,False,True,True,False,,False,False
INC0024498,Closed,False,0,0,1,True,Caller 3307,Opened by  397,2016-05-01 03:02:00,?,,Updated by 908,2016-05-06 04:10:00,Phone,Location 143,Category 20,Subcategory 174,?,?,2 - Medium,2 - Medium,3 - Moderate,Group 70,Resolver 191,False,False,Do Not Notify,?,?,?,?,code 7,Resolved by 174,,2016-05-06 04:10:00,True,True,False,True,True,False,,False,False
INC0024538,Closed,False,0,0,1,True,Caller 1418,Opened by  108,2016-05-01 11:32:00,?,,Updated by 908,2016-05-06 13:07:00,Phone,Location 143,Category 42,Subcategory 223,Symptom 534,?,2 - Medium,2 - Medium,3 - Moderate,Group 70,Resolver 56,False,False,Do Not Notify,?,?,?,?,code 6,Resolved by 52,,2016-05-06 13:07:00,True,True,False,True,True,False,,False,False
INC0024567,Closed,False,0,0,1,True,Caller 4210,Opened by  108,2016-05-01 16:14:00,?,,Updated by 908,2016-05-06 17:07:00,Phone,Location 165,Category 42,Subcategory 223,Symptom 534,?,2 - Medium,2 - Medium,3 - Moderate,Group 70,Resolver 56,False,False,Do Not Notify,?,?,?,?,code 6,Resolved by 52,,2016-05-06 17:07:00,True,True,False,True,True,False,,False,False
INC0024900,Closed,False,0,0,1,True,Caller 3759,Opened by  500,2016-05-02 12:17:00,?,,Updated by 908,2016-05-07 13:07:00,Phone,Location 43,Category 42,Subcategory 223,Symptom 534,?,2 - Medium,2 - Medium,3 - Moderate,Group 70,Resolver 232,False,False,Do Not Notify,?,?,?,?,code 9,Resolved by 211,,2016-05-07 13:07:00,True,True,False,True,True,False,,False,False
INC0024909,Closed,False,0,0,1,True,Caller 951,Opened by  500,2016-05-02 12:23:00,?,,Updated by 908,2016-05-07 13:07:00,Phone,Location 204,Category 20,Subcategory 125,Symptom 517,?,2 - Medium,2 - Medium,3 - Moderate,Group 70,Resolver 232,False,False,Do Not Notify,?,?,?,?,code 9,Resolved by 211,,2016-05-07 13:07:00,True,True,False,True,True,False,,False,False
INC0024919,Closed,False,0,0,1,True,Caller 2648,Opened by  500,2016-05-02 12:45:00,?,,Updated by 908,2016-05-07 13:07:00,Phone,Location 204,Category 35,Subcategory 28,Symptom 506,?,2 - Medium,2 - Medium,3 - Moderate,Group 70,Resolver 232,False,False,Do Not Notify,?,?,?,?,code 9,Resolved by 211,,2016-05-07 13:07:00,True,True,False,True,True,False,,False,False
INC0024921,Closed,False,0,0,1,True,Caller 2965,Opened by  108,2016-05-02 12:53:00,?,,Updated by 908,2016-05-07 14:07:00,Phone,Location 204,Category 53,Subcategory 174,Symptom 491,?,2 - Medium,2 - Medium,3 - Moderate,Group 70,Resolver 56,False,False,Do Not Notify,?,?,?,?,code 6,Resolved by 52,,2016-05-07 14:07:00,True,True,False,True,True,False,,False,False
INC0024938,Closed,False,0,0,1,True,Caller 3208,Opened by  62,2016-05-02 13:30:00,?,,Updated by 908,2016-05-07 14:07:00,Phone,Location 55,Category 42,Subcategory 223,?,?,2 - Medium,2 - Medium,3 - Moderate,Group 70,Resolver 33,False,False,Do Not Notify,?,?,?,?,code 7,Resolved by 32,,2016-05-07 14:07:00,True,True,False,True,True,False,,False,False
INC0025005,Closed,False,0,0,1,True,Caller 4425,Opened by  62,2016-05-02 15:07:00,?,,Updated by 908,2016-05-07 16:07:00,Phone,Location 131,Category 26,Subcategory 175,Symptom 120,?,2 - Medium,2 - Medium,3 - Moderate,Group 70,Resolver 33,False,False,Do Not Notify,?,?,?,?,code 9,Resolved by 32,,2016-05-07 16:07:00,True,True,False,True,True,False,,False,False
INC0025010,Closed,False,0,0,1,True,Caller 2052,Opened by  108,2016-05-02 15:11:00,?,,Updated by 908,2016-05-07 16:10:00,Phone,Location 161,Category 26,Subcategory 174,?,?,2 - Medium,2 - Medium,3 - Moderate,Group 70,Resolver 56,False,False,Do Not Notify,?,?,?,?,code 6,Resolved by 52,,2016-05-07 16:10:00,True,True,False,True,True,False,,False,False
INC0025043,Closed,False,0,0,1,True,Caller 3368,Opened by  62,2016-05-02 15:58:00,?,,Updated by 908,2016-05-07 17:07:00,Phone,Location 93,Category 61,Subcategory 36,Symptom 458,?,2 - Medium,2 - Medium,3 - Moderate,Group 70,Resolver 33,False,False,Do Not Notify,?,?,?,?,code 6,Resolved by 32,,2016-05-07 17:07:00,True,True,False,True,True,False,,False,False
INC0025053,Closed,False,0,0,1,True,Caller 3368,Opened by  62,2016-05-02 16:10:00,?,,Updated by 908,2016-05-07 17:07:00,Phone,Location 93,Category 26,Subcategory 275,Symptom 491,?,2 - Medium,2 - Medium,3 - Moderate,Group 70,Resolver 33,False,False,Do Not Notify,?,?,?,?,code 9,Resolved by 32,,2016-05-07 17:07:00,True,True,False,True,True,False,,False,False
INC0025064,Closed,False,0,0,1,True,Caller 1315,Opened by  62,2016-05-02 16:26:00,?,,Updated by 908,2016-05-07 17:07:00,Phone,Location 108,Category 26,Subcategory 175,Symptom 116,?,2 - Medium,2 - Medium,3 - Moderate,Group 70,Resolver 33,False,False,Do Not Notify,?,?,?,?,code 9,Resolved by 32,,2016-05-07 17:07:00,True,True,False,True,True,False,,False,False
INC0025065,Closed,False,0,0,1,True,Caller 4180,Opened by  500,2016-05-02 16:26:00,?,,Updated by 908,2016-05-07 17:07:00,Phone,Location 143,Category 26,Subcategory 175,Symptom 491,?,2 - Medium,2 - Medium,3 - Moderate,Group 70,Resolver 232,False,False,Do Not Notify,?,?,?,?,code 9,Resolved by 211,,2016-05-07 17:07:00,True,True,False,True,True,False,,False,False
INC0025125,Closed,False,0,0,1,True,Caller 3112,Opened by  305,2016-05-02 18:23:00,?,,Updated by 908,2016-05-07 21:07:00,Phone,Location 161,Category 46,Subcategory 223,?,?,2 - Medium,2 - Medium,3 - Moderate,Group 70,Resolver 150,False,False,Do Not Notify,?,?,?,?,code 10,Resolved by 134,,2016-05-07 21:07:00,True,True,False,True,True,False,,False,False
INC0025136,Closed,False,0,0,1,True,Caller 835,Opened by  62,2016-05-02 20:06:00,?,,Updated by 908,2016-05-07 21:07:00,Phone,Location 204,Category 32,Subcategory 9,Symptom 105,?,2 - Medium,2 - Medium,3 - Moderate,Group 70,Resolver 33,False,False,Do Not Notify,?,?,?,?,code 6,Resolved by 32,,2016-05-07 21:07:00,True,True,False,True,True,False,,False,False
INC0025141,Closed,False,0,0,1,True,Caller 290,Opened by  20,2016-05-02 21:42:00,?,,Updated by 908,2016-05-07 22:07:00,Phone,Location 188,Category 28,Subcategory 174,Symptom 491,?,3 - Low,3 - Low,4 - Low,Group 70,Resolver 15,False,False,Do Not Notify,?,?,?,?,code 6,Resolved by 13,,2016-05-07 22:07:00,True,True,False,True,True,False,,False,False
INC0025142,Closed,False,0,0,1,True,Caller 290,Opened by  20,2016-05-02 21:43:00,?,,Updated by 908,2016-05-07 22:07:00,Phone,Location 188,Category 28,Subcategory 174,Symptom 491,?,3 - Low,3 - Low,4 - Low,Group 70,Resolver 15,False,False,Do Not Notify,?,?,?,?,code 6,Resolved by 13,,2016-05-07 22:07:00,True,True,False,True,True,False,,False,False
INC0025144,Closed,False,0,0,1,True,Caller 290,Opened by  20,2016-05-02 21:45:00,?,,Updated by 908,2016-05-07 22:07:00,Phone,Location 188,Category 28,Subcategory 174,Symptom 491,?,3 - Low,3 - Low,4 - Low,Group 70,Resolver 15,False,False,Do Not Notify,?,?,?,?,code 6,Resolved by 13,,2016-05-07 22:07:00,True,True,False,True,True,False,,False,False
INC0025145,Closed,False,0,0,1,True,Caller 290,Opened by  20,2016-05-02 21:45:00,?,,Updated by 908,2016-05-07 22:07:00,Phone,Location 188,Category 28,Subcategory 174,Symptom 491,?,3 - Low,3 - Low,4 - Low,Group 70,Resolver 15,False,False,Do Not Notify,?,?,?,?,code 6,Resolved by 13,,2016-05-07 22:07:00,True,True,False,True,True,False,,False,False
INC0025146,Closed,False,0,0,1,True,Caller 290,Opened by  20,2016-05-02 21:47:00,?,,Updated by 908,2016-05-07 22:07:00,Phone,Location 188,Category 28,Subcategory 174,Symptom 491,?,3 - Low,3 - Low,4 - Low,Group 70,Resolver 15,False,False,Do Not Notify,?,?,?,?,code 6,Resolved by 13,,2016-05-07 22:07:00,True,True,False,True,True,False,,False,False
INC0025147,Closed,False,0,0,1,True,Caller 290,Opened by  20,2016-05-02 21:48:00,?,,Updated by 908,2016-05-07 22:07:00,Phone,Location 188,Category 28,Subcategory 174,Symptom 491,?,3 - Low,3 - Low,4 - Low,Group 70,Resolver 15,False,False,Do Not Notify,?,?,?,?,code 6,Resolved by 13,,2016-05-07 22:07:00,True,True,False,True,True,False,,False,False
INC0025148,Closed,False,0,0,1,True,Caller 290,Opened by  20,2016-05-02 21:48:00,?,,Updated by 908,2016-05-07 22:07:00,Phone,Location 188,Category 28,Subcategory 174,Symptom 491,?,3 - Low,3 - Low,4 - Low,Group 70,Resolver 15,False,False,Do Not Notify,?,?,?,?,code 6,Resolved by 13,,2016-05-07 22:07:00,True,True,False,True,True,False,,False,False
INC0025149,Closed,False,0,0,1,True,Caller 290,Opened by  20,2016-05-02 21:49:00,?,,Updated by 908,2016-05-07 22:07:00,Phone,Location 188,Category 28,Subcategory 174,Symptom 491,?,3 - Low,3 - Low,4 - Low,Group 70,Resolver 15,False,False,Do Not Notify,?,?,?,?,code 6,Resolved by 13,,2016-05-07 22:07:00,True,True,False,True,True,False,,False,False
INC0025150,Closed,False,0,0,1,True,Caller 290,Opened by  20,2016-05-02 21:49:00,?,,Updated by 908,2016-05-07 22:07:00,Phone,Location 188,Category 28,Subcategory 174,Symptom 491,?,3 - Low,3 - Low,4 - Low,Group 70,Resolver 15,False,False,Do Not Notify,?,?,?,?,code 6,Resolved by 13,,2016-05-07 22:07:00,True,True,False,True,True,False,,False,False
INC0025151,Closed,False,0,0,1,True,Caller 290,Opened by  20,2016-05-02 21:50:00,?,,Updated by 908,2016-05-07 22:07:00,Phone,Location 188,Category 28,Subcategory 174,Symptom 491,?,3 - Low,3 - Low,4 - Low,Group 70,Resolver 15,False,False,Do Not Notify,?,?,?,?,code 6,Resolved by 13,,2016-05-07 22:07:00,True,True,False,True,True,False,,False,False
INC0025152,Closed,False,0,0,1,True,Caller 290,Opened by  20,2016-05-02 21:50:00,?,,Updated by 908,2016-05-07 22:07:00,Phone,Location 188,Category 28,Subcategory 174,Symptom 491,?,3 - Low,3 - Low,4 - Low,Group 70,Resolver 15,False,False,Do Not Notify,?,?,?,?,code 6,Resolved by 13,,2016-05-07 22:07:00,True,True,False,True,True,False,,False,False
INC0025153,Closed,False,0,0,1,True,Caller 290,Opened by  20,2016-05-02 21:51:00,?,,Updated by 908,2016-05-07 22:07:00,Phone,Location 188,Category 28,Subcategory 174,Symptom 491,?,3 - Low,3 - Low,4 - Low,Group 70,Resolver 15,False,False,Do Not Notify,?,?,?,?,code 6,Resolved by 13,,2016-05-07 22:07:00,True,True,False,True,True,False,,False,False
INC0025154,Closed,False,0,0,1,True,Caller 290,Opened by  20,2016-05-02 21:52:00,?,,Updated by 908,2016-05-07 22:07:00,Phone,Location 188,Category 28,Subcategory 174,Symptom 491,?,3 - Low,3 - Low,4 - Low,Group 70,Resolver 15,False,False,Do Not Notify,?,?,?,?,code 6,Resolved by 13,,2016-05-07 22:07:00,True,True,False,True,True,False,,False,False
INC0025155,Closed,False,0,0,1,True,Caller 290,Opened by  20,2016-05-02 21:52:00,?,,Updated by 908,2016-05-07 22:07:00,Phone,Location 188,Category 28,Subcategory 174,Symptom 491,?,3 - Low,3 - Low,4 - Low,Group 70,Resolver 15,False,False,Do Not Notify,?,?,?,?,code 6,Resolved by 13,,2016-05-07 22:07:00,True,True,False,True,True,False,,False,False
INC0025156,Closed,False,0,0,1,True,Caller 290,Opened by  20,2016-05-02 21:54:00,?,,Updated by 908,2016-05-07 22:07:00,Phone,Location 188,Category 28,Subcategory 174,Symptom 491,?,3 - Low,3 - Low,4 - Low,Group 70,Resolver 15,False,False,Do Not Notify,?,?,?,?,code 6,Resolved by 13,,2016-05-07 22:07:00,True,True,False,True,True,False,,False,False
INC0025157,Closed,False,0,0,1,True,Caller 290,Opened by  20,2016-05-02 21:55:00,?,,Updated by 908,2016-05-07 22:07:00,Phone,Location 188,Category 28,Subcategory 174,Symptom 491,?,3 - Low,3 - Low,4 - Low,Group 70,Resolver 15,False,False,Do Not Notify,?,?,?,?,code 6,Resolved by 13,,2016-05-07 22:07:00,True,True,False,True,True,False,,False,False
INC0025158,Closed,False,0,0,1,True,Caller 290,Opened by  20,2016-05-02 21:56:00,?,,Updated by 908,2016-05-07 22:07:00,Phone,Location 188,Category 28,Subcategory 174,Symptom 491,?,3 - Low,3 - Low,4 - Low,Group 70,Resolver 15,False,False,Do Not Notify,?,?,?,?,code 6,Resolved by 13,,2016-05-07 22:07:00,True,True,False,True,True,False,,False,False
INC0025159,Closed,False,0,0,1,True,Caller 290,Opened by  20,2016-05-02 22:02:00,?,,Updated by 908,2016-05-07 22:07:00,Phone,Location 188,Category 28,Subcategory 174,Symptom 491,?,3 - Low,3 - Low,4 - Low,Group 70,Resolver 15,False,False,Do Not Notify,?,?,?,?,code 6,Resolved by 13,,2016-05-07 22:07:00,True,True,False,True,True,False,,False,False
INC0025160,Closed,False,0,0,1,True,Caller 290,Opened by  20,2016-05-02 22:03:00,?,,Updated by 908,2016-05-07 22:07:00,Phone,Location 188,Category 28,Subcategory 174,Symptom 491,?,3 - Low,3 - Low,4 - Low,Group 70,Resolver 15,False,False,Do Not Notify,?,?,?,?,code 6,Resolved by 13,,2016-05-07 22:07:00,True,True,False,True,True,False,,False,False
INC0025161,Closed,False,0,0,1,True,Caller 290,Opened by  20,2016-05-02 22:04:00,?,,Updated by 908,2016-05-07 22:07:00,Phone,Location 188,Category 28,Subcategory 174,Symptom 491,?,3 - Low,3 - Low,4 - Low,Group 70,Resolver 15,False,False,Do Not Notify,?,?,?,?,code 6,Resolved by 13,,2016-05-07 22:07:00,True,True,False,True,True,False,,False,False
INC0025162,Closed,False,0,0,1,True,Caller 290,Opened by  20,2016-05-02 22:04:00,?,,Updated by 908,2016-05-07 22:07:00,Phone,Location 188,Category 28,Subcategory 174,Symptom 491,?,3 - Low,3 - Low,4 - Low,Group 70,Resolver 15,False,False,Do Not Notify,?,?,?,?,code 6,Resolved by 13,,2016-05-07 22:07:00,True,True,False,True,True,False,,False,False
INC0025163,Closed,False,0,0,1,True,Caller 290,Opened by  20,2016-05-02 22:05:00,?,,Updated by 908,2016-05-07 22:07:00,Phone,Location 188,Category 28,Subcategory 174,Symptom 491,?,3 - Low,3 - Low,4 - Low,Group 70,Resolver 15,False,False,Do Not Notify,?,?,?,?,code 6,Resolved by 13,,2016-05-07 22:07:00,True,True,False,True,True,False,,False,False
INC0025374,Closed,False,0,0,1,True,Caller 3631,Opened by  108,2016-05-03 11:36:00,?,,Updated by 908,2016-05-08 12:07:00,Phone,Location 108,Category 26,Subcategory 275,Symptom 371,?,2 - Medium,2 - Medium,3 - Moderate,Group 70,Resolver 56,False,False,Do Not Notify,?,?,?,?,code 6,Resolved by 52,,2016-05-08 12:07:00,True,True,False,True,True,False,,False,False
INC0025380,Closed,False,0,0,1,False,Caller 2630,Opened by  124,2016-05-03 11:44:00,?,,Updated by 908,2016-05-23 11:07:00,Phone,Location 204,Category 26,Subcategory 275,Symptom 54,?,2 - Medium,2 - Medium,3 - Moderate,Group 70,Resolver 69,False,False,Do Not Notify,?,?,?,?,code 6,Resolved by 62,,2016-05-23 11:07:00,True,True,False,True,True,False,,False,False
INC0025400,Closed,False,0,0,1,True,Caller 3379,Opened by  108,2016-05-03 12:23:00,?,,Updated by 908,2016-05-08 13:07:00,Phone,Location 204,Category 24,Subcategory 174,?,?,2 - Medium,2 - Medium,3 - Moderate,Group 70,Resolver 56,False,False,Do Not Notify,?,?,?,?,code 6,Resolved by 52,,2016-05-08 13:07:00,True,True,False,True,True,False,,False,False
INC0025420,Closed,False,0,0,1,True,Caller 4927,Opened by  108,2016-05-03 13:05:00,?,,Updated by 908,2016-05-08 13:10:00,Phone,Location 143,Category 42,Subcategory 223,Symptom 534,?,2 - Medium,2 - Medium,3 - Moderate,Group 70,Resolver 56,False,False,Do Not Notify,?,?,?,?,code 6,Resolved by 52,,2016-05-08 13:10:00,True,True,False,True,True,False,,False,False
INC0025424,Closed,False,0,0,1,True,Caller 4271,Opened by  108,2016-05-03 13:15:00,?,,Updated by 908,2016-05-08 14:07:00,Phone,Location 91,Category 35,Subcategory 28,Symptom 506,?,2 - Medium,2 - Medium,3 - Moderate,Group 70,Resolver 56,False,False,Do Not Notify,?,?,?,?,code 6,Resolved by 52,,2016-05-08 14:07:00,True,True,False,True,True,False,,False,False
INC0025441,Closed,False,0,0,1,True,Caller 1319,Opened by  108,2016-05-03 13:54:00,?,,Updated by 908,2016-05-08 15:07:00,Phone,Location 108,Category 53,Subcategory 174,?,?,2 - Medium,2 - Medium,3 - Moderate,Group 70,Resolver 56,False,False,Do Not Notify,?,?,?,?,code 6,Resolved by 52,,2016-05-08 15:07:00,True,True,False,True,True,False,,False,False
INC0025491,Closed,False,0,0,1,True,Caller 794,Opened by  62,2016-05-03 15:11:00,?,,Updated by 908,2016-05-08 16:07:00,Phone,Location 143,Category 26,Subcategory 175,Symptom 116,?,2 - Medium,2 - Medium,3 - Moderate,Group 70,Resolver 33,False,False,Do Not Notify,?,?,?,?,code 9,Resolved by 32,,2016-05-08 16:07:00,True,True,False,True,True,False,,False,False
INC0025504,Closed,False,0,0,1,True,Caller 794,Opened by  62,2016-05-03 15:25:00,?,,Updated by 908,2016-05-08 16:07:00,Phone,Location 143,Category 26,Subcategory 275,Symptom 116,?,2 - Medium,2 - Medium,3 - Moderate,Group 70,Resolver 33,False,False,Do Not Notify,?,?,?,?,code 9,Resolved by 32,,2016-05-08 16:07:00,True,True,False,True,True,False,,False,False
INC0025507,Closed,False,0,0,1,True,Caller 794,Opened by  62,2016-05-03 15:31:00,?,,Updated by 908,2016-05-08 16:07:00,Phone,Location 143,Category 20,Subcategory 125,Symptom 517,?,2 - Medium,2 - Medium,3 - Moderate,Group 70,Resolver 33,False,False,Do Not Notify,?,?,?,?,code 9,Resolved by 32,,2016-05-08 16:07:00,True,True,False,True,True,False,,False,False
INC0025510,Closed,False,0,0,1,True,Caller 364,Opened by  108,2016-05-03 15:33:00,?,,Updated by 908,2016-05-08 16:07:00,Phone,Location 143,Category 32,Subcategory 174,?,?,2 - Medium,2 - Medium,3 - Moderate,Group 70,Resolver 56,False,False,Do Not Notify,?,?,?,?,code 6,Resolved by 52,,2016-05-08 16:07:00,True,True,False,True,True,False,,False,False
INC0025534,Closed,False,0,0,1,True,Caller 3247,Opened by  108,2016-05-03 16:10:00,?,,Updated by 908,2016-05-08 17:07:00,Phone,Location 161,Category 26,Subcategory 175,?,?,2 - Medium,2 - Medium,3 - Moderate,Group 70,Resolver 56,False,False,Do Not Notify,?,?,?,?,code 6,Resolved by 52,,2016-05-08 17:07:00,True,True,False,True,True,False,,False,False
INC0025551,Closed,False,0,0,1,True,Caller 4317,Opened by  108,2016-05-03 16:41:00,?,,Updated by 908,2016-05-08 17:07:00,Phone,Location 204,Category 53,Subcategory 174,?,?,2 - Medium,2 - Medium,3 - Moderate,Group 70,Resolver 56,False,False,Do Not Notify,?,?,?,?,code 6,Resolved by 52,,2016-05-08 17:07:00,True,True,False,True,True,False,,False,False
INC0025554,Closed,False,0,0,1,True,Caller 956,Opened by  62,2016-05-03 16:46:00,?,,Updated by 908,2016-05-08 17:07:00,Phone,Location 143,Category 26,Subcategory 164,Symptom 491,?,2 - Medium,2 - Medium,3 - Moderate,Group 70,Resolver 33,False,False,Do Not Notify,?,?,?,?,code 9,Resolved by 32,,2016-05-08 17:07:00,True,True,False,True,True,False,,False,False
INC0025565,Closed,False,0,0,1,True,Caller 1207,Opened by  62,2016-05-03 17:08:00,?,,Updated by 908,2016-05-08 18:07:00,Phone,Location 143,Category 26,Subcategory 175,Symptom 491,?,2 - Medium,2 - Medium,3 - Moderate,Group 70,Resolver 33,False,False,Do Not Notify,?,?,?,?,code 9,Resolved by 32,,2016-05-08 18:07:00,True,True,False,True,True,False,,False,False
INC0025571,Closed,False,0,0,1,True,Caller 3788,Opened by  108,2016-05-03 17:24:00,?,,Updated by 908,2016-05-08 18:07:00,Phone,Location 93,Category 53,Subcategory 174,?,?,2 - Medium,2 - Medium,3 - Moderate,Group 70,Resolver 56,False,False,Do Not Notify,?,?,?,?,code 6,Resolved by 52,,2016-05-08 18:07:00,True,True,False,True,True,False,,False,False
INC0025588,Closed,False,0,0,1,True,Caller 290,Opened by  305,2016-05-03 21:20:00,?,,Updated by 908,2016-05-08 22:07:00,Phone,Location 188,Category 28,Subcategory 174,Symptom 491,?,2 - Medium,2 - Medium,3 - Moderate,Group 70,Resolver 15,False,False,Do Not Notify,?,?,?,?,code 6,Resolved by 134,,2016-05-08 22:07:00,True,True,False,True,True,False,,False,False
INC0025592,Closed,False,0,0,1,True,Caller 290,Opened by  20,2016-05-03 21:29:00,?,,Updated by 908,2016-05-08 22:07:00,Phone,Location 188,Category 28,Subcategory 174,Symptom 491,?,3 - Low,3 - Low,4 - Low,Group 70,Resolver 15,False,False,Do Not Notify,?,?,?,?,code 6,Resolved by 13,,2016-05-08 22:07:00,True,True,False,True,True,False,,False,False
INC0025594,Closed,False,0,0,1,True,Caller 290,Opened by  20,2016-05-03 21:30:00,?,,Updated by 908,2016-05-08 22:07:00,Phone,Location 188,Category 28,Subcategory 174,Symptom 491,?,3 - Low,3 - Low,4 - Low,Group 70,Resolver 15,False,False,Do Not Notify,?,?,?,?,code 6,Resolved by 13,,2016-05-08 22:07:00,True,True,False,True,True,False,,False,False
INC0025596,Closed,False,0,0,1,True,Caller 290,Opened by  20,2016-05-03 21:31:00,?,,Updated by 908,2016-05-08 22:07:00,Phone,Location 188,Category 28,Subcategory 174,Symptom 491,?,3 - Low,3 - Low,4 - Low,Group 70,Resolver 15,False,False,Do Not Notify,?,?,?,?,code 6,Resolved by 13,,2016-05-08 22:07:00,True,True,False,True,True,False,,False,False
INC0025597,Closed,False,0,0,1,True,Caller 290,Opened by  20,2016-05-03 21:31:00,?,,Updated by 908,2016-05-08 22:07:00,Phone,Location 188,Category 28,Subcategory 174,Symptom 491,?,3 - Low,3 - Low,4 - Low,Group 70,Resolver 15,False,False,Do Not Notify,?,?,?,?,code 6,Resolved by 13,,2016-05-08 22:07:00,True,True,False,True,True,False,,False,False
INC0025599,Closed,False,0,0,1,True,Caller 290,Opened by  20,2016-05-03 21:32:00,?,,Updated by 908,2016-05-08 22:07:00,Phone,Location 188,Category 28,Subcategory 174,Symptom 491,?,3 - Low,3 - Low,4 - Low,Group 70,Resolver 15,False,False,Do Not Notify,?,?,?,?,code 6,Resolved by 13,,2016-05-08 22:07:00,True,True,False,True,True,False,,False,False
INC0025601,Closed,False,0,0,1,True,Caller 290,Opened by  20,2016-05-03 21:33:00,?,,Updated by 908,2016-05-08 22:07:00,Phone,Location 188,Category 28,Subcategory 174,Symptom 491,?,3 - Low,3 - Low,4 - Low,Group 70,Resolver 15,False,False,Do Not Notify,?,?,?,?,code 6,Resolved by 13,,2016-05-08 22:07:00,True,True,False,True,True,False,,False,False
INC0025602,Closed,False,0,0,1,True,Caller 290,Opened by  20,2016-05-03 21:34:00,?,,Updated by 908,2016-05-08 22:07:00,Phone,Location 188,Category 28,Subcategory 174,Symptom 491,?,3 - Low,3 - Low,4 - Low,Group 70,Resolver 15,False,False,Do Not Notify,?,?,?,?,code 6,Resolved by 13,,2016-05-08 22:07:00,True,True,False,True,True,False,,False,False
INC0025604,Closed,False,0,0,1,True,Caller 290,Opened by  20,2016-05-03 21:34:00,?,,Updated by 908,2016-05-08 22:07:00,Phone,Location 188,Category 28,Subcategory 174,Symptom 491,?,3 - Low,3 - Low,4 - Low,Group 70,Resolver 15,False,False,Do Not Notify,?,?,?,?,code 6,Resolved by 13,,2016-05-08 22:07:00,True,True,False,True,True,False,,False,False
INC0025606,Closed,False,0,0,1,True,Caller 290,Opened by  20,2016-05-03 21:35:00,?,,Updated by 908,2016-05-08 22:07:00,Phone,Location 188,Category 28,Subcategory 174,Symptom 491,?,3 - Low,3 - Low,4 - Low,Group 70,Resolver 15,False,False,Do Not Notify,?,?,?,?,code 6,Resolved by 13,,2016-05-08 22:07:00,True,True,False,True,True,False,,False,False
INC0025609,Closed,False,0,0,1,True,Caller 290,Opened by  20,2016-05-03 21:36:00,?,,Updated by 908,2016-05-08 22:07:00,Phone,Location 188,Category 28,Subcategory 174,Symptom 491,?,3 - Low,3 - Low,4 - Low,Group 70,Resolver 15,False,False,Do Not Notify,?,?,?,?,code 6,Resolved by 13,,2016-05-08 22:07:00,True,True,False,True,True,False,,False,False
INC0025644,Closed,False,0,0,1,True,Caller 3796,Opened by  40,2016-05-04 07:58:00,?,,Updated by 908,2016-05-09 09:07:00,Phone,Location 161,Category 9,Subcategory 164,Symptom 381,?,2 - Medium,2 - Medium,3 - Moderate,Group 70,Resolver 23,False,False,Do Not Notify,?,?,?,?,code 9,Resolved by 21,,2016-05-09 09:07:00,True,True,False,True,True,False,,False,False
INC0025666,Closed,False,0,0,1,True,Caller 4891,Opened by  40,2016-05-04 08:32:00,?,,Updated by 908,2016-05-09 09:07:00,Phone,Location 179,Category 37,Subcategory 135,Symptom 491,?,2 - Medium,2 - Medium,3 - Moderate,Group 70,Resolver 23,False,False,Do Not Notify,?,?,?,?,code 9,Resolved by 21,,2016-05-09 09:07:00,True,True,False,True,True,False,,False,False
INC0025685,Closed,False,0,0,1,True,Caller 1890,Opened by  40,2016-05-04 08:51:00,?,,Updated by 908,2016-05-09 09:07:00,Phone,Location 204,Category 42,Subcategory 223,Symptom 534,?,2 - Medium,2 - Medium,3 - Moderate,Group 70,Resolver 23,False,False,Do Not Notify,?,?,?,?,code 6,Resolved by 21,,2016-05-09 09:07:00,True,True,False,True,True,False,,False,False
INC0025705,Closed,False,0,0,1,True,Caller 3969,Opened by  40,2016-05-04 09:14:00,?,,Updated by 908,2016-05-09 10:07:00,Phone,Location 17,Category 9,Subcategory 164,Symptom 491,?,2 - Medium,2 - Medium,3 - Moderate,Group 70,Resolver 23,False,False,Do Not Notify,?,?,?,?,code 6,Resolved by 21,,2016-05-09 10:07:00,True,True,False,True,True,False,,False,False
INC0025719,Closed,False,0,0,1,True,Caller 1365,Opened by  40,2016-05-04 09:25:00,?,,Updated by 908,2016-05-09 10:07:00,Phone,Location 204,Category 26,Subcategory 175,Symptom 116,?,2 - Medium,2 - Medium,3 - Moderate,Group 70,Resolver 23,False,False,Do Not Notify,?,?,?,?,code 10,Resolved by 21,,2016-05-09 10:07:00,True,True,False,True,True,False,,False,False
INC0025774,Closed,False,0,0,1,True,Caller 3219,Opened by  40,2016-05-04 10:45:00,?,,Updated by 908,2016-05-09 11:07:00,Phone,Location 93,Category 42,Subcategory 223,Symptom 534,?,2 - Medium,2 - Medium,3 - Moderate,Group 70,Resolver 23,False,False,Do Not Notify,?,?,?,?,code 6,Resolved by 21,,2016-05-09 11:07:00,True,True,False,True,True,False,,False,False
INC0025809,Closed,False,0,0,1,True,Caller 2261,Opened by  40,2016-05-04 11:34:00,?,,Updated by 908,2016-05-09 12:07:00,Phone,Location 93,Category 35,Subcategory 28,Symptom 506,?,2 - Medium,2 - Medium,3 - Moderate,Group 70,Resolver 23,False,False,Do Not Notify,?,?,?,?,code 9,Resolved by 21,,2016-05-09 12:07:00,True,True,False,True,True,False,,False,False
INC0025813,Closed,False,0,0,1,True,Caller 3461,Opened by  108,2016-05-04 11:39:00,?,,Updated by 908,2016-05-09 12:07:00,Phone,Location 161,Category 42,Subcategory 223,Symptom 532,?,2 - Medium,2 - Medium,3 - Moderate,Group 70,Resolver 56,False,False,Do Not Notify,?,?,?,?,code 6,Resolved by 52,,2016-05-09 12:07:00,True,True,False,True,True,False,,False,False
INC0025814,Closed,False,0,0,1,True,Caller 1555,Opened by  40,2016-05-04 11:40:00,?,,Updated by 908,2016-05-09 12:07:00,Phone,Location 204,Category 35,Subcategory 28,Symptom 506,?,2 - Medium,2 - Medium,3 - Moderate,Group 70,Resolver 23,False,False,Do Not Notify,?,?,?,?,code 9,Resolved by 21,,2016-05-09 12:07:00,True,True,False,True,True,False,,False,False
INC0025818,Closed,False,0,0,1,True,Caller 1964,Opened by  40,2016-05-04 11:45:00,?,,Updated by 908,2016-05-09 13:10:00,Phone,Location 206,Category 37,Subcategory 135,Symptom 127,?,2 - Medium,2 - Medium,3 - Moderate,Group 70,Resolver 23,False,False,Do Not Notify,?,?,?,?,code 9,Resolved by 21,,2016-05-09 13:10:00,True,True,False,True,True,False,,False,False
INC0025857,Closed,False,0,0,1,True,Caller 3669,Opened by  40,2016-05-04 13:13:00,?,,Updated by 908,2016-05-09 14:07:00,Phone,Location 161,Category 20,Subcategory 103,Symptom 116,?,2 - Medium,2 - Medium,3 - Moderate,Group 70,Resolver 23,False,False,Do Not Notify,?,?,?,?,code 9,Resolved by 21,,2016-05-09 14:07:00,True,True,False,True,True,False,,False,False
INC0025864,Closed,False,0,0,1,True,Caller 3153,Opened by  62,2016-05-04 13:21:00,?,,Updated by 908,2016-05-09 14:07:00,Phone,Location 204,Category 42,Subcategory 223,?,?,2 - Medium,2 - Medium,3 - Moderate,Group 70,Resolver 33,False,False,Do Not Notify,?,?,?,?,code 7,Resolved by 32,,2016-05-09 14:07:00,True,True,False,True,True,False,,False,False
INC0025894,Closed,False,0,0,1,True,Caller 106,Opened by  108,2016-05-04 14:03:00,?,,Updated by 908,2016-05-09 15:07:00,Phone,Location 108,Category 42,Subcategory 223,Symptom 534,?,2 - Medium,2 - Medium,3 - Moderate,Group 70,Resolver 56,False,False,Do Not Notify,?,?,?,?,code 6,Resolved by 52,,2016-05-09 15:07:00,True,True,False,True,True,False,,False,False
INC0025961,Closed,False,0,0,1,True,Caller 2573,Opened by  108,2016-05-04 15:33:00,?,,Updated by 908,2016-05-09 16:07:00,Phone,Location 161,Category 20,Subcategory 174,?,?,2 - Medium,2 - Medium,3 - Moderate,Group 70,Resolver 56,False,False,Do Not Notify,?,?,?,?,code 6,Resolved by 52,,2016-05-09 16:07:00,True,True,False,True,True,False,,False,False
INC0025972,Closed,False,0,0,1,True,Caller 1587,Opened by  108,2016-05-04 15:46:00,?,,Updated by 908,2016-05-09 16:07:00,Phone,Location 204,Category 26,Subcategory 175,Symptom 491,?,2 - Medium,2 - Medium,3 - Moderate,Group 70,Resolver 56,False,False,Do Not Notify,?,?,?,?,code 6,Resolved by 52,,2016-05-09 16:07:00,True,True,False,True,True,False,,False,False
INC0025987,Closed,False,0,0,1,True,Caller 1690,Opened by  108,2016-05-04 16:04:00,?,,Updated by 908,2016-05-09 16:07:00,Phone,Location 47,Category 28,Subcategory 174,?,?,2 - Medium,2 - Medium,3 - Moderate,Group 70,Resolver 56,False,False,Do Not Notify,?,?,?,?,code 6,Resolved by 52,,2016-05-09 16:07:00,True,True,False,True,True,False,,False,False
INC0025996,Closed,False,0,0,1,True,Caller 2553,Opened by  108,2016-05-04 16:16:00,?,,Updated by 908,2016-05-09 17:07:00,Phone,Location 108,Category 32,Subcategory 174,?,?,2 - Medium,2 - Medium,3 - Moderate,Group 70,Resolver 56,False,False,Do Not Notify,?,?,?,?,code 6,Resolved by 52,,2016-05-09 17:07:00,True,True,False,True,True,False,,False,False
INC0025998,Closed,False,0,0,1,True,Caller 4509,Opened by  17,2016-05-04 16:21:00,?,,Updated by 908,2016-05-09 17:07:00,Phone,Location 136,Category 26,Subcategory 175,Symptom 491,?,2 - Medium,2 - Medium,3 - Moderate,Group 70,Resolver 13,False,False,Do Not Notify,?,?,?,?,code 6,Resolved by 11,,2016-05-09 17:07:00,True,True,False,True,True,False,,False,False
INC0026013,Closed,False,0,0,1,True,Caller 2646,Opened by  17,2016-05-04 16:45:00,?,,Updated by 908,2016-05-09 18:07:00,Phone,Location 108,Category 26,Subcategory 164,Symptom 295,?,2 - Medium,2 - Medium,3 - Moderate,Group 70,Resolver 13,False,False,Do Not Notify,?,?,?,?,code 6,Resolved by 11,,2016-05-09 18:07:00,True,True,False,True,True,False,,False,False
INC0026017,Closed,False,0,0,1,True,Caller 4165,Opened by  62,2016-05-04 16:56:00,?,,Updated by 908,2016-05-09 17:10:00,Phone,Location 204,Category 28,Subcategory 174,Symptom 491,?,2 - Medium,2 - Medium,3 - Moderate,Group 70,Resolver 33,False,False,Do Not Notify,?,?,?,?,code 9,Resolved by 32,,2016-05-09 17:10:00,True,True,False,True,True,False,,False,False
INC0026018,Closed,False,0,0,1,True,Caller 984,Opened by  108,2016-05-04 16:56:00,?,,Updated by 908,2016-05-09 18:07:00,Phone,Location 93,Category 42,Subcategory 223,Symptom 534,?,2 - Medium,2 - Medium,3 - Moderate,Group 70,Resolver 56,False,False,Do Not Notify,?,?,?,?,code 6,Resolved by 52,,2016-05-09 18:07:00,True,True,False,True,True,False,,False,False
INC0026025,Closed,False,0,0,1,True,Caller 3288,Opened by  108,2016-05-04 17:12:00,?,,Updated by 908,2016-05-09 18:07:00,Phone,Location 204,Category 26,Subcategory 174,?,?,2 - Medium,2 - Medium,3 - Moderate,Group 70,Resolver 56,False,False,Do Not Notify,?,?,?,?,code 6,Resolved by 52,,2016-05-09 18:07:00,True,True,False,True,True,False,,False,False
INC0026046,Closed,False,0,0,1,True,Caller 5621,Opened by  62,2016-05-04 18:05:00,?,,Updated by 908,2016-05-09 19:07:00,Phone,Location 161,Category 42,Subcategory 223,Symptom 534,?,2 - Medium,2 - Medium,3 - Moderate,Group 70,Resolver 33,False,False,Do Not Notify,?,?,?,?,code 6,Resolved by 32,,2016-05-09 19:07:00,True,True,False,True,True,False,,False,False
INC0026055,Closed,False,0,0,1,True,Caller 2566,Opened by  62,2016-05-04 18:50:00,?,,Updated by 908,2016-05-09 19:07:00,Phone,Location 161,Category 26,Subcategory 174,Symptom 491,?,2 - Medium,2 - Medium,3 - Moderate,Group 70,Resolver 33,False,False,Do Not Notify,?,?,?,?,code 9,Resolved by 32,,2016-05-09 19:07:00,True,True,False,True,True,False,,False,False
INC0026068,Closed,False,0,0,1,True,Caller 290,Opened by  20,2016-05-04 21:18:00,?,,Updated by 908,2016-05-09 22:07:00,Phone,Location 188,Category 28,Subcategory 174,Symptom 491,?,3 - Low,3 - Low,4 - Low,Group 70,Resolver 15,False,False,Do Not Notify,?,?,?,?,code 6,Resolved by 13,,2016-05-09 22:07:00,True,True,False,True,True,False,,False,False
INC0026215,Closed,False,0,0,1,True,Caller 13,Opened by  62,2016-05-05 09:30:00,?,,Updated by 908,2016-05-10 10:07:00,Phone,Location 59,Category 42,Subcategory 223,?,?,2 - Medium,2 - Medium,3 - Moderate,Group 70,Resolver 33,False,False,Do Not Notify,?,?,?,?,code 6,Resolved by 32,,2016-05-10 10:07:00,True,True,False,True,True,False,,False,False
INC0026344,Closed,False,0,0,1,True,Caller 2971,Opened by  108,2016-05-05 11:38:00,?,,Updated by 908,2016-05-10 12:07:00,Phone,Location 209,Category 42,Subcategory 223,Symptom 534,?,2 - Medium,2 - Medium,3 - Moderate,Group 70,Resolver 56,False,False,Do Not Notify,?,?,?,?,code 6,Resolved by 52,,2016-05-10 12:07:00,True,True,False,True,True,False,,False,False
INC0026399,Closed,False,0,0,1,True,Caller 3407,Opened by  108,2016-05-05 12:30:00,?,,Updated by 908,2016-05-10 13:07:00,Phone,Location 204,Category 35,Subcategory 28,Symptom 506,?,2 - Medium,2 - Medium,3 - Moderate,Group 70,Resolver 56,False,False,Do Not Notify,?,?,?,?,code 6,Resolved by 52,,2016-05-10 13:07:00,True,True,False,True,True,False,,False,False
INC0026414,Closed,False,0,0,1,True,Caller 4493,Opened by  108,2016-05-05 13:03:00,?,,Updated by 908,2016-05-10 14:07:00,Phone,Location 143,Category 20,Subcategory 174,?,?,2 - Medium,2 - Medium,3 - Moderate,Group 70,Resolver 56,False,False,Do Not Notify,?,?,?,?,code 6,Resolved by 52,,2016-05-10 14:07:00,True,True,False,True,True,False,,False,False
INC0026419,Closed,False,0,0,1,True,Caller 2451,Opened by  108,2016-05-05 13:29:00,?,,Updated by 908,2016-05-10 14:07:00,Phone,Location 161,Category 42,Subcategory 223,Symptom 534,?,2 - Medium,2 - Medium,3 - Moderate,Group 70,Resolver 56,False,False,Do Not Notify,?,?,?,?,code 6,Resolved by 52,,2016-05-10 14:07:00,True,True,False,True,True,False,,False,False
INC0026436,Closed,False,0,0,1,True,Caller 4535,Opened by  108,2016-05-05 13:57:00,?,,Updated by 908,2016-05-10 14:07:00,Phone,Location 161,Category 42,Subcategory 223,Symptom 532,?,2 - Medium,2 - Medium,3 - Moderate,Group 70,Resolver 56,False,False,Do Not Notify,?,?,?,?,code 6,Resolved by 52,,2016-05-10 14:07:00,True,True,False,True,True,False,,False,False
INC0026444,Closed,False,0,0,1,True,Caller 995,Opened by  108,2016-05-05 14:10:00,?,,Updated by 908,2016-05-10 15:07:00,Phone,Location 93,Category 42,Subcategory 223,Symptom 532,?,2 - Medium,2 - Medium,3 - Moderate,Group 70,Resolver 56,False,False,Do Not Notify,?,?,?,?,code 6,Resolved by 52,,2016-05-10 15:07:00,True,True,False,True,True,False,,False,False
INC0026490,Closed,False,0,0,1,True,Caller 1150,Opened by  108,2016-05-05 15:17:00,?,,Updated by 908,2016-05-10 16:07:00,Phone,Location 204,Category 37,Subcategory 123,Symptom 127,?,2 - Medium,2 - Medium,3 - Moderate,Group 70,Resolver 56,False,False,Do Not Notify,?,?,?,?,code 6,Resolved by 52,,2016-05-10 16:07:00,True,True,False,True,True,False,,False,False
INC0026514,Closed,False,0,0,1,True,Caller 653,Opened by  108,2016-05-05 15:43:00,?,,Updated by 908,2016-05-10 16:07:00,Phone,Location 108,Category 26,Subcategory 174,?,?,2 - Medium,2 - Medium,3 - Moderate,Group 70,Resolver 56,False,False,Do Not Notify,?,?,?,?,code 6,Resolved by 52,,2016-05-10 16:07:00,True,True,False,True,True,False,,False,False
INC0026545,Closed,False,0,0,1,True,Caller 3607,Opened by  108,2016-05-05 16:18:00,?,,Updated by 908,2016-05-10 17:07:00,Phone,Location 161,Category 26,Subcategory 174,?,?,2 - Medium,2 - Medium,3 - Moderate,Group 70,Resolver 56,False,False,Do Not Notify,?,?,?,?,code 6,Resolved by 52,,2016-05-10 17:07:00,True,True,False,True,True,False,,False,False
INC0026550,Closed,False,0,0,1,True,Caller 3607,Opened by  108,2016-05-05 16:27:00,?,,Updated by 908,2016-05-10 17:07:00,Phone,Location 161,Category 26,Subcategory 174,?,?,2 - Medium,2 - Medium,3 - Moderate,Group 70,Resolver 56,False,False,Do Not Notify,?,?,?,?,code 6,Resolved by 52,,2016-05-10 17:07:00,True,True,False,True,True,False,,False,False
INC0026558,Closed,False,0,0,1,True,Caller 1739,Opened by  62,2016-05-05 16:44:00,?,,Updated by 908,2016-05-10 17:07:00,Phone,Location 161,Category 20,Subcategory 174,Symptom 491,?,2 - Medium,2 - Medium,3 - Moderate,Group 70,Resolver 33,False,False,Do Not Notify,?,?,?,?,code 6,Resolved by 32,,2016-05-10 17:07:00,True,True,False,True,True,False,,False,False
INC0026559,Closed,False,0,0,1,True,Caller 4663,Opened by  108,2016-05-05 16:45:00,?,,Updated by 908,2016-05-10 18:07:00,Phone,Location 204,Category 9,Subcategory 174,?,?,2 - Medium,2 - Medium,3 - Moderate,Group 70,Resolver 56,False,False,Do Not Notify,?,?,?,?,code 6,Resolved by 52,,2016-05-10 18:07:00,True,True,False,True,True,False,,False,False
INC0026569,Closed,False,0,0,1,True,Caller 1190,Opened by  108,2016-05-05 17:15:00,?,,Updated by 908,2016-05-10 18:07:00,Phone,Location 143,Category 42,Subcategory 223,Symptom 534,?,2 - Medium,2 - Medium,3 - Moderate,Group 70,Resolver 56,False,False,Do Not Notify,?,?,?,?,code 6,Resolved by 52,,2016-05-10 18:07:00,True,True,False,True,True,False,,False,False
INC0026592,Closed,False,0,0,1,True,Caller 4831,Opened by  62,2016-05-05 20:58:00,?,,Updated by 908,2016-05-10 21:07:00,Phone,Location 204,Category 26,Subcategory 174,Symptom 491,?,2 - Medium,2 - Medium,3 - Moderate,Group 70,Resolver 33,False,False,Do Not Notify,?,?,?,?,code 9,Resolved by 32,,2016-05-10 21:07:00,True,True,False,True,True,False,,False,False
INC0026852,Closed,False,0,0,1,True,Caller 2545,Opened by  62,2016-05-06 12:02:00,?,,Updated by 908,2016-05-11 13:07:00,Phone,Location 55,Category 42,Subcategory 223,?,?,2 - Medium,2 - Medium,3 - Moderate,Group 70,Resolver 33,False,False,Do Not Notify,?,?,?,?,code 6,Resolved by 32,,2016-05-11 13:07:00,True,True,False,True,True,False,,False,False
INC0026855,Closed,False,0,0,1,True,Caller 4796,Opened by  108,2016-05-06 12:09:00,?,,Updated by 908,2016-05-11 13:07:00,Phone,Location 204,Category 57,Subcategory 170,Symptom 534,?,2 - Medium,2 - Medium,3 - Moderate,Group 70,Resolver 56,False,False,Do Not Notify,?,?,?,?,code 6,Resolved by 52,,2016-05-11 13:07:00,True,True,False,True,True,False,,False,False
INC0026886,Closed,False,0,0,1,True,Caller 4878,Opened by  108,2016-05-06 12:57:00,?,,Updated by 908,2016-05-11 14:07:00,Phone,Location 70,Category 26,Subcategory 175,Symptom 491,?,2 - Medium,2 - Medium,3 - Moderate,Group 70,Resolver 56,False,False,Do Not Notify,?,?,?,?,code 6,Resolved by 52,,2016-05-11 14:07:00,True,True,False,True,True,False,,False,False
INC0026892,Closed,False,0,0,1,True,Caller 3814,Opened by  108,2016-05-06 13:38:00,?,,Updated by 908,2016-05-11 14:07:00,Phone,Location 108,Category 42,Subcategory 223,Symptom 534,?,2 - Medium,2 - Medium,3 - Moderate,Group 70,Resolver 56,False,False,Do Not Notify,?,?,?,?,code 6,Resolved by 52,,2016-05-11 14:07:00,True,True,False,True,True,False,,False,False
INC0026904,Closed,False,0,0,1,True,Caller 814,Opened by  108,2016-05-06 14:00:00,?,,Updated by 908,2016-05-11 15:07:00,Phone,Location 37,Category 53,Subcategory 174,Symptom 491,?,2 - Medium,2 - Medium,3 - Moderate,Group 70,Resolver 56,False,False,Do Not Notify,?,?,?,?,code 6,Resolved by 52,,2016-05-11 15:07:00,True,True,False,True,True,False,,False,False
INC0026966,Closed,False,0,0,1,True,Caller 3206,Opened by  108,2016-05-06 15:46:00,?,,Updated by 908,2016-05-11 16:07:00,Phone,Location 99,Category 42,Subcategory 223,?,?,2 - Medium,2 - Medium,3 - Moderate,Group 70,Resolver 56,False,False,Do Not Notify,?,?,?,?,code 6,Resolved by 52,,2016-05-11 16:07:00,True,True,False,True,True,False,,False,False
INC0026974,Closed,False,0,0,1,True,Caller 4328,Opened by  62,2016-05-06 15:55:00,?,,Updated by 908,2016-05-11 16:07:00,Phone,Location 51,Category 42,Subcategory 223,Symptom 534,?,2 - Medium,2 - Medium,3 - Moderate,Group 70,Resolver 33,False,False,Do Not Notify,?,?,?,?,code 6,Resolved by 32,,2016-05-11 16:07:00,True,True,False,True,True,False,,False,False
INC0026983,Closed,False,0,0,1,True,Caller 1612,Opened by  17,2016-05-06 16:27:00,?,,Updated by 908,2016-05-11 17:07:00,Phone,Location 42,Category 53,Subcategory 174,Symptom 491,?,2 - Medium,2 - Medium,3 - Moderate,Group 70,Resolver 13,False,False,Do Not Notify,?,?,?,?,code 6,Resolved by 11,,2016-05-11 17:07:00,True,True,False,True,True,False,,False,False
INC0026997,Closed,False,0,0,1,True,Caller 2621,Opened by  108,2016-05-06 16:43:00,?,,Updated by 908,2016-05-11 17:07:00,Phone,Location 108,Category 42,Subcategory 223,Symptom 534,?,2 - Medium,2 - Medium,3 - Moderate,Group 70,Resolver 56,False,False,Do Not Notify,?,?,?,?,code 6,Resolved by 52,,2016-05-11 17:07:00,True,True,False,True,True,False,,False,False
INC0027005,Closed,False,0,0,1,True,Caller 2856,Opened by  62,2016-05-06 16:54:00,?,,Updated by 908,2016-05-11 17:07:00,Phone,Location 110,Category 42,Subcategory 223,Symptom 534,?,2 - Medium,2 - Medium,3 - Moderate,Group 70,Resolver 33,False,False,Do Not Notify,?,?,?,?,code 6,Resolved by 32,,2016-05-11 17:07:00,True,True,False,True,True,False,,False,False
INC0027008,Closed,False,0,0,1,True,Caller 2147,Opened by  108,2016-05-06 17:05:00,?,,Updated by 908,2016-05-11 18:07:00,Phone,Location 143,Category 42,Subcategory 223,Symptom 534,?,2 - Medium,2 - Medium,3 - Moderate,Group 70,Resolver 56,False,False,Do Not Notify,?,?,?,?,code 6,Resolved by 52,,2016-05-11 18:07:00,True,True,False,True,True,False,,False,False
INC0027021,Closed,False,0,0,1,True,Caller 1478,Opened by  62,2016-05-06 17:34:00,?,,Updated by 908,2016-05-11 18:07:00,Phone,Location 39,Category 42,Subcategory 223,Symptom 534,?,2 - Medium,2 - Medium,3 - Moderate,Group 70,Resolver 33,False,False,Do Not Notify,?,?,?,?,code 6,Resolved by 32,,2016-05-11 18:07:00,True,True,False,True,True,False,,False,False
INC0027119,Closed,False,0,0,1,True,Caller 5410,Opened by  108,2016-05-07 11:59:00,?,,Updated by 908,2016-05-12 13:07:00,Phone,Location 51,Category 42,Subcategory 223,Symptom 534,?,2 - Medium,2 - Medium,3 - Moderate,Group 70,Resolver 56,False,False,Do Not Notify,?,?,?,?,code 6,Resolved by 52,,2016-05-12 13:07:00,True,True,False,True,True,False,,False,False
INC0027148,Closed,False,0,0,1,True,Caller 2650,Opened by  108,2016-05-07 16:26:00,?,,Updated by 908,2016-05-12 17:07:00,Phone,Location 161,Category 26,Subcategory 175,?,?,2 - Medium,2 - Medium,3 - Moderate,Group 70,Resolver 56,False,False,Do Not Notify,?,?,?,?,code 6,Resolved by 52,,2016-05-12 17:07:00,True,True,False,True,True,False,,False,False
INC0027165,Closed,False,0,0,1,True,Caller 1855,Opened by  62,2016-05-07 20:36:00,?,,Updated by 908,2016-05-12 21:07:00,Phone,Location 161,Category 26,Subcategory 175,Symptom 116,?,2 - Medium,2 - Medium,3 - Moderate,Group 70,Resolver 33,False,False,Do Not Notify,?,?,?,?,code 9,Resolved by 32,,2016-05-12 21:07:00,True,True,False,True,True,False,,False,False
INC0027177,Closed,False,0,0,1,True,Caller 1031,Opened by  94,2016-05-08 00:40:00,?,,Updated by 908,2016-05-13 01:07:00,Phone,Location 188,Category 20,Subcategory 103,Symptom 387,?,2 - Medium,2 - Medium,3 - Moderate,Group 70,Resolver 47,False,False,Do Not Notify,?,?,?,?,code 6,Resolved by 44,,2016-05-13 01:07:00,True,True,False,True,True,False,,False,False
INC0027178,Closed,False,0,0,1,True,Caller 1031,Opened by  94,2016-05-08 00:49:00,?,,Updated by 908,2016-05-13 01:07:00,Phone,Location 188,Category 26,Subcategory 275,?,?,2 - Medium,2 - Medium,3 - Moderate,Group 70,Resolver 47,False,False,Do Not Notify,?,?,?,?,code 6,Resolved by 44,,2016-05-13 01:07:00,True,True,False,True,True,False,,False,False
INC0027184,Closed,False,0,0,1,True,Caller 5283,Opened by  94,2016-05-08 02:06:00,?,,Updated by 908,2016-05-13 03:07:00,Phone,Location 204,Category 28,Subcategory 174,Symptom 491,?,2 - Medium,2 - Medium,3 - Moderate,Group 70,Resolver 47,False,False,Do Not Notify,?,?,?,?,code 6,Resolved by 44,,2016-05-13 03:07:00,True,True,False,True,True,False,,False,False
INC0027186,Closed,False,0,0,1,True,Caller 4263,Opened by  94,2016-05-08 02:44:00,?,,Updated by 908,2016-05-13 03:07:00,Phone,Location 204,Category 57,Subcategory 170,Symptom 534,?,2 - Medium,2 - Medium,3 - Moderate,Group 70,Resolver 47,False,False,Do Not Notify,?,?,?,?,code 5,Resolved by 44,,2016-05-13 03:07:00,True,True,False,True,True,False,,False,False
INC0027187,Closed,False,0,0,2,True,Caller 1737,Opened by  94,2016-05-08 03:12:00,?,,Updated by 908,2016-05-13 04:07:00,Phone,Location 204,Category 28,Subcategory 174,Symptom 491,?,2 - Medium,2 - Medium,3 - Moderate,Group 70,Resolver 47,False,False,Do Not Notify,?,?,?,?,code 5,Resolved by 44,,2016-05-13 04:07:00,True,True,False,True,True,False,,False,False
INC0027188,Closed,False,0,0,1,True,Caller 2196,Opened by  94,2016-05-08 03:40:00,?,,Updated by 908,2016-05-13 04:07:00,Phone,Location 161,Category 42,Subcategory 223,Symptom 534,?,2 - Medium,2 - Medium,3 - Moderate,Group 70,Resolver 47,False,False,Do Not Notify,?,?,?,?,code 6,Resolved by 44,,2016-05-13 04:07:00,True,True,False,True,True,False,,False,False
INC0027189,Closed,False,0,0,1,True,Caller 2989,Opened by  390,2016-05-08 03:45:00,?,,Updated by 908,2016-05-13 04:07:00,Phone,Location 204,Category 26,Subcategory 275,?,?,2 - Medium,2 - Medium,3 - Moderate,Group 70,Resolver 187,False,False,Do Not Notify,?,?,?,?,code 6,Resolved by 170,,2016-05-13 04:07:00,True,True,False,True,True,False,,False,False
INC0027439,Closed,False,0,0,1,True,Caller 3739,Opened by  108,2016-05-09 11:34:00,?,,Updated by 908,2016-05-14 12:07:00,Phone,Location 143,Category 42,Subcategory 223,Symptom 534,?,2 - Medium,2 - Medium,3 - Moderate,Group 70,Resolver 56,False,False,Do Not Notify,?,?,?,?,code 6,Resolved by 52,,2016-05-14 12:07:00,True,True,False,True,True,False,,False,False
INC0027480,Closed,False,0,0,1,True,Caller 3937,Opened by  108,2016-05-09 13:01:00,?,,Updated by 908,2016-05-14 14:07:00,Phone,Location 174,Category 32,Subcategory 174,Symptom 491,?,2 - Medium,2 - Medium,3 - Moderate,Group 70,Resolver 56,False,False,Do Not Notify,?,?,?,?,code 6,Resolved by 52,,2016-05-14 14:07:00,True,True,False,True,True,False,,False,False
INC0027491,Closed,False,0,0,1,True,Caller 1222,Opened by  108,2016-05-09 13:27:00,?,,Updated by 908,2016-05-14 14:07:00,Phone,Location 204,Category 32,Subcategory 174,?,?,2 - Medium,2 - Medium,3 - Moderate,Group 70,Resolver 56,False,False,Do Not Notify,?,?,?,?,code 6,Resolved by 52,,2016-05-14 14:07:00,True,True,False,True,True,False,,False,False
INC0027572,Closed,False,0,0,1,True,Caller 5385,Opened by  62,2016-05-09 15:22:00,?,,Updated by 908,2016-05-14 16:07:00,Phone,Location 108,Category 42,Subcategory 223,Symptom 534,?,2 - Medium,2 - Medium,3 - Moderate,Group 70,Resolver 33,False,False,Do Not Notify,?,?,?,?,code 6,Resolved by 32,,2016-05-14 16:07:00,True,True,False,True,True,False,,False,False
INC0027591,Closed,False,0,0,1,True,Caller 1613,Opened by  108,2016-05-09 15:40:00,?,,Updated by 908,2016-05-14 16:07:00,Phone,Location 204,Category 35,Subcategory 28,Symptom 506,?,2 - Medium,2 - Medium,3 - Moderate,Group 70,Resolver 56,False,False,Do Not Notify,?,?,?,?,code 6,Resolved by 52,,2016-05-14 16:07:00,True,True,False,True,True,False,,False,False
INC0027592,Closed,False,0,0,1,True,Caller 1360,Opened by  62,2016-05-09 15:41:00,?,,Updated by 908,2016-05-14 16:07:00,Phone,Location 55,Category 42,Subcategory 223,Symptom 534,?,2 - Medium,2 - Medium,3 - Moderate,Group 70,Resolver 33,False,False,Do Not Notify,?,?,?,?,code 6,Resolved by 32,,2016-05-14 16:07:00,True,True,False,True,True,False,,False,False
INC0027597,Closed,False,0,0,1,True,Caller 4949,Opened by  62,2016-05-09 15:50:00,?,,Updated by 908,2016-05-14 16:07:00,Phone,Location 93,Category 32,Subcategory 174,Symptom 491,?,2 - Medium,2 - Medium,3 - Moderate,Group 70,Resolver 33,False,False,Do Not Notify,?,?,?,?,code 6,Resolved by 32,,2016-05-14 16:07:00,True,True,False,True,True,False,,False,False
INC0027602,Closed,False,0,0,1,True,Caller 1042,Opened by  62,2016-05-09 16:01:00,?,,Updated by 908,2016-05-14 16:07:00,Phone,Location 111,Category 32,Subcategory 9,Symptom 105,?,2 - Medium,2 - Medium,3 - Moderate,Group 70,Resolver 33,False,False,Do Not Notify,?,?,?,?,code 6,Resolved by 32,,2016-05-14 16:07:00,True,True,False,True,True,False,,False,False
INC0027616,Closed,False,1,0,2,False,Caller 3552,Opened by  62,2016-05-09 16:31:00,?,,Updated by 908,2016-06-08 17:07:00,Phone,Location 204,Category 38,Subcategory 174,Symptom 491,?,2 - Medium,2 - Medium,3 - Moderate,Group 70,Resolver 33,False,False,Do Not Notify,?,?,?,?,code 6,Resolved by 32,,2016-06-08 17:07:00,True,True,False,True,True,False,,False,False
INC0027629,Closed,False,0,0,1,True,Caller 555,Opened by  62,2016-05-09 16:45:00,?,,Updated by 908,2016-05-14 17:07:00,Phone,Location 161,Category 20,Subcategory 103,Symptom 517,?,2 - Medium,2 - Medium,3 - Moderate,Group 70,Resolver 33,False,False,Do Not Notify,?,?,?,?,code 9,Resolved by 32,,2016-05-14 17:07:00,True,True,False,True,True,False,,False,False
INC0027636,Closed,False,0,0,1,True,Caller 4149,Opened by  108,2016-05-09 16:52:00,?,,Updated by 908,2016-05-14 17:07:00,Phone,Location 204,Category 57,Subcategory 170,Symptom 534,?,2 - Medium,2 - Medium,3 - Moderate,Group 70,Resolver 56,False,False,Do Not Notify,?,?,?,?,code 6,Resolved by 52,,2016-05-14 17:07:00,True,True,False,True,True,False,,False,False
INC0027647,Closed,False,0,0,1,True,Caller 4250,Opened by  62,2016-05-09 17:25:00,?,,Updated by 908,2016-05-14 18:07:00,Phone,Location 143,Category 35,Subcategory 28,Symptom 506,?,2 - Medium,2 - Medium,3 - Moderate,Group 70,Resolver 33,False,False,Do Not Notify,?,?,?,?,code 9,Resolved by 32,,2016-05-14 18:07:00,True,True,False,True,True,False,,False,False
INC0027651,Closed,False,0,0,1,True,Caller 3451,Opened by  62,2016-05-09 17:42:00,?,,Updated by 908,2016-05-14 18:07:00,Phone,Location 143,Category 42,Subcategory 223,?,?,2 - Medium,2 - Medium,3 - Moderate,Group 70,Resolver 33,False,False,Do Not Notify,?,?,?,?,code 7,Resolved by 32,,2016-05-14 18:07:00,True,True,False,True,True,False,,False,False
INC0027791,Closed,False,0,0,1,True,Caller 3919,Opened by  62,2016-05-10 09:36:00,?,,Updated by 908,2016-05-15 11:07:00,Phone,Location 161,Category 26,Subcategory 174,?,?,2 - Medium,2 - Medium,3 - Moderate,Group 70,Resolver 33,False,False,Do Not Notify,?,?,?,?,code 7,Resolved by 32,,2016-05-15 11:07:00,True,True,False,True,True,False,,False,False
INC0027833,Closed,False,0,0,1,True,Caller 2286,Opened by  62,2016-05-10 10:36:00,?,,Updated by 908,2016-05-15 11:07:00,Phone,Location 204,Category 46,Subcategory 223,?,?,2 - Medium,2 - Medium,3 - Moderate,Group 70,Resolver 33,False,False,Do Not Notify,?,?,?,?,code 7,Resolved by 32,,2016-05-15 11:07:00,True,True,False,True,True,False,,False,False
INC0027894,Closed,False,0,0,1,True,Caller 2965,Opened by  108,2016-05-10 12:29:00,?,,Updated by 908,2016-05-15 15:07:00,Phone,Location 204,Category 53,Subcategory 174,?,?,2 - Medium,2 - Medium,3 - Moderate,Group 70,Resolver 56,False,False,Do Not Notify,?,?,?,?,code 6,Resolved by 52,,2016-05-15 15:07:00,True,True,False,True,True,False,,False,False
INC0027919,Closed,False,0,0,1,True,Caller 5153,Opened by  500,2016-05-10 13:58:00,?,,Updated by 908,2016-05-15 15:07:00,Phone,Location 46,Category 37,Subcategory 123,Symptom 127,?,2 - Medium,2 - Medium,3 - Moderate,Group 70,Resolver 232,False,False,Do Not Notify,?,?,?,?,code 9,Resolved by 211,,2016-05-15 15:07:00,True,True,False,True,True,False,,False,False
INC0027934,Closed,False,0,0,1,True,Caller 1735,Opened by  500,2016-05-10 14:27:00,?,,Updated by 908,2016-05-15 15:07:00,Phone,Location 204,Category 42,Subcategory 223,Symptom 534,?,2 - Medium,2 - Medium,3 - Moderate,Group 70,Resolver 232,False,False,Do Not Notify,?,?,?,?,code 9,Resolved by 211,,2016-05-15 15:07:00,True,True,False,True,True,False,,False,False
INC0027942,Closed,False,0,0,1,True,Caller 707,Opened by  108,2016-05-10 14:41:00,?,,Updated by 908,2016-05-15 15:07:00,Phone,Location 144,Category 26,Subcategory 174,?,?,2 - Medium,2 - Medium,3 - Moderate,Group 70,Resolver 56,False,False,Do Not Notify,?,?,?,?,code 6,Resolved by 52,,2016-05-15 15:07:00,True,True,False,True,True,False,,False,False
INC0027964,Closed,False,0,0,1,True,Caller 2455,Opened by  500,2016-05-10 15:00:00,?,,Updated by 908,2016-05-15 15:07:00,Phone,Location 204,Category 42,Subcategory 223,Symptom 534,?,2 - Medium,2 - Medium,3 - Moderate,Group 70,Resolver 232,False,False,Do Not Notify,?,?,?,?,code 9,Resolved by 211,,2016-05-15 15:07:00,True,True,False,True,True,False,,False,False
INC0027976,Closed,False,0,0,1,True,Caller 2225,Opened by  108,2016-05-10 15:22:00,?,,Updated by 908,2016-05-15 16:07:00,Phone,Location 69,Category 53,Subcategory 174,?,?,2 - Medium,2 - Medium,3 - Moderate,Group 70,Resolver 56,False,False,Do Not Notify,?,?,?,?,code 6,Resolved by 52,,2016-05-15 16:07:00,True,True,False,True,True,False,,False,False
INC0027978,Closed,False,0,0,1,True,Caller 1872,Opened by  62,2016-05-10 15:30:00,?,,Updated by 908,2016-05-15 16:07:00,Phone,Location 128,Category 42,Subcategory 223,Symptom 65,?,2 - Medium,2 - Medium,3 - Moderate,Group 70,Resolver 33,False,False,Do Not Notify,?,?,?,?,code 6,Resolved by 32,,2016-05-15 16:07:00,True,True,False,True,True,False,,False,False
INC0027993,Closed,False,0,0,1,True,Caller 3432,Opened by  62,2016-05-10 15:53:00,?,,Updated by 908,2016-05-15 16:07:00,Phone,Location 179,Category 42,Subcategory 223,Symptom 534,?,2 - Medium,2 - Medium,3 - Moderate,Group 70,Resolver 33,False,False,Do Not Notify,?,?,?,?,code 6,Resolved by 32,,2016-05-15 16:07:00,True,True,False,True,True,False,,False,False
INC0027999,Closed,False,1,0,2,False,Caller 2047,Opened by  62,2016-05-10 16:02:00,?,,Updated by 908,2016-06-08 17:07:00,Phone,Location 108,Category 9,Subcategory 202,Symptom 70,?,2 - Medium,2 - Medium,3 - Moderate,Group 70,Resolver 33,False,False,Do Not Notify,?,?,?,?,code 9,Resolved by 32,,2016-06-08 17:07:00,True,True,False,True,True,False,,False,False
INC0028051,Closed,False,0,0,1,True,Caller 1150,Opened by  108,2016-05-10 17:01:00,?,,Updated by 908,2016-05-15 18:07:00,Phone,Location 204,Category 26,Subcategory 175,Symptom 130,?,2 - Medium,2 - Medium,3 - Moderate,Group 70,Resolver 56,False,False,Do Not Notify,?,?,?,?,code 6,Resolved by 52,,2016-05-15 18:07:00,True,True,False,True,True,False,,False,False
INC0028055,Closed,False,0,0,1,True,Caller 4039,Opened by  108,2016-05-10 17:14:00,?,,Updated by 908,2016-05-15 18:07:00,Phone,Location 108,Category 26,Subcategory 175,Symptom 491,?,2 - Medium,2 - Medium,3 - Moderate,Group 70,Resolver 56,False,False,Do Not Notify,?,?,?,?,code 6,Resolved by 52,,2016-05-15 18:07:00,True,True,False,True,True,False,,False,False
INC0028057,Closed,False,0,0,1,True,Caller 2735,Opened by  62,2016-05-10 17:25:00,?,,Updated by 908,2016-05-15 18:07:00,Phone,Location 108,Category 26,Subcategory 175,Symptom 116,?,2 - Medium,2 - Medium,3 - Moderate,Group 70,Resolver 33,False,False,Do Not Notify,?,?,?,?,code 9,Resolved by 32,,2016-05-15 18:07:00,True,True,False,True,True,False,,False,False
INC0028062,Closed,False,1,0,2,False,Caller 2735,Opened by  62,2016-05-10 17:35:00,?,,Updated by 908,2016-06-08 17:07:00,Phone,Location 108,Category 9,Subcategory 164,Symptom 491,?,2 - Medium,2 - Medium,3 - Moderate,Group 70,Resolver 33,False,False,Do Not Notify,?,?,?,?,code 9,Resolved by 32,,2016-06-08 17:07:00,True,True,False,True,True,False,,False,False
INC0028066,Closed,False,0,0,1,True,Caller 1183,Opened by  62,2016-05-10 17:55:00,?,,Updated by 908,2016-05-15 18:07:00,Phone,Location 93,Category 26,Subcategory 175,Symptom 116,?,2 - Medium,2 - Medium,3 - Moderate,Group 70,Resolver 33,False,False,Do Not Notify,?,?,?,?,code 9,Resolved by 32,,2016-05-15 18:07:00,True,True,False,True,True,False,,False,False
INC0028077,Closed,False,0,0,1,True,Caller 5386,Opened by  62,2016-05-10 19:43:00,?,,Updated by 908,2016-05-15 20:07:00,Phone,Location 161,Category 42,Subcategory 223,Symptom 534,?,2 - Medium,2 - Medium,3 - Moderate,Group 70,Resolver 33,False,False,Do Not Notify,?,?,?,?,code 6,Resolved by 32,,2016-05-15 20:07:00,True,True,False,True,True,False,,False,False
INC0028080,Closed,False,0,0,1,True,Caller 2712,Opened by  62,2016-05-10 20:36:00,?,,Updated by 908,2016-05-15 21:07:00,Phone,Location 143,Category 26,Subcategory 175,Symptom 116,?,2 - Medium,2 - Medium,3 - Moderate,Group 70,Resolver 33,False,False,Do Not Notify,?,?,?,?,code 9,Resolved by 32,,2016-05-15 21:07:00,True,True,False,True,True,False,,False,False
INC0028118,Closed,False,0,0,1,True,Caller 457,Opened by  94,2016-05-11 01:04:00,?,,Updated by 908,2016-05-16 01:07:00,Phone,Location 143,Category 42,Subcategory 223,Symptom 534,?,2 - Medium,2 - Medium,3 - Moderate,Group 70,Resolver 47,False,False,Do Not Notify,?,?,?,?,code 6,Resolved by 44,,2016-05-16 01:07:00,True,True,False,True,True,False,,False,False
INC0028123,Closed,False,0,0,1,True,Caller 3332,Opened by  94,2016-05-11 04:49:00,?,,Updated by 908,2016-05-16 05:07:00,Phone,Location 108,Category 20,Subcategory 103,Symptom 517,?,2 - Medium,2 - Medium,3 - Moderate,Group 70,Resolver 47,False,False,Do Not Notify,?,?,?,?,code 6,Resolved by 44,,2016-05-16 05:07:00,True,True,False,True,True,False,,False,False
INC0028124,Closed,False,0,0,1,True,Caller 5323,Opened by  94,2016-05-11 04:54:00,?,,Updated by 908,2016-05-16 05:07:00,Phone,Location 108,Category 20,Subcategory 125,Symptom 517,?,2 - Medium,2 - Medium,3 - Moderate,Group 70,Resolver 47,False,False,Do Not Notify,?,?,?,?,code 6,Resolved by 44,,2016-05-16 05:07:00,True,True,False,True,True,False,,False,False
INC0028129,Closed,False,0,0,1,True,Caller 1950,Opened by  62,2016-05-11 06:15:00,?,,Updated by 908,2016-05-16 07:07:00,Phone,Location 204,Category 42,Subcategory 223,Symptom 534,?,2 - Medium,2 - Medium,3 - Moderate,Group 70,Resolver 33,False,False,Do Not Notify,?,?,?,?,code 6,Resolved by 32,,2016-05-16 07:07:00,True,True,False,True,True,False,,False,False
INC0028192,Closed,False,0,0,1,True,Caller 4196,Opened by  62,2016-05-11 08:44:00,?,,Updated by 908,2016-05-16 09:07:00,Phone,Location 143,Category 53,Subcategory 303,Symptom 583,?,2 - Medium,2 - Medium,3 - Moderate,Group 70,Resolver 33,False,False,Do Not Notify,?,?,?,?,code 9,Resolved by 32,,2016-05-16 09:07:00,True,True,False,True,True,False,,False,False
INC0028234,Closed,False,0,0,1,True,Caller 3619,Opened by  62,2016-05-11 09:18:00,?,,Updated by 908,2016-05-16 10:07:00,Phone,Location 93,Category 20,Subcategory 174,Symptom 491,?,2 - Medium,2 - Medium,3 - Moderate,Group 70,Resolver 33,False,False,Do Not Notify,?,?,?,?,code 9,Resolved by 32,,2016-05-16 10:07:00,True,True,False,True,True,False,,False,False
INC0028249,Closed,False,0,0,1,True,Caller 3716,Opened by  62,2016-05-11 09:30:00,?,,Updated by 908,2016-05-16 10:07:00,Phone,Location 131,Category 42,Subcategory 223,Symptom 534,?,2 - Medium,2 - Medium,3 - Moderate,Group 70,Resolver 33,False,False,Do Not Notify,?,?,?,?,code 6,Resolved by 32,,2016-05-16 10:07:00,True,True,False,True,True,False,,False,False
INC0028290,Closed,False,1,0,2,False,Caller 318,Opened by  62,2016-05-11 10:12:00,?,,Updated by 908,2016-06-08 17:07:00,Phone,Location 93,Category 9,Subcategory 202,Symptom 70,?,2 - Medium,2 - Medium,3 - Moderate,Group 70,Resolver 33,False,False,Do Not Notify,?,?,?,?,code 9,Resolved by 32,,2016-06-08 17:07:00,True,True,False,True,True,False,,False,False
INC0028360,Closed,False,1,0,2,False,Caller 4565,Opened by  62,2016-05-11 11:29:00,?,,Updated by 908,2016-06-08 17:07:00,Phone,Location 161,Category 9,Subcategory 202,Symptom 70,?,2 - Medium,2 - Medium,3 - Moderate,Group 70,Resolver 33,False,False,Do Not Notify,?,?,?,?,code 9,Resolved by 32,,2016-06-08 17:07:00,True,True,False,True,True,False,,False,False
INC0028389,Closed,False,0,0,1,True,Caller 2102,Opened by  108,2016-05-11 12:03:00,?,,Updated by 908,2016-05-16 13:07:00,Phone,Location 161,Category 35,Subcategory 28,Symptom 506,?,2 - Medium,2 - Medium,3 - Moderate,Group 70,Resolver 56,False,False,Do Not Notify,?,?,?,?,code 6,Resolved by 52,,2016-05-16 13:07:00,True,True,False,True,True,False,,False,False
INC0028416,Closed,False,0,0,1,True,Caller 4495,Opened by  108,2016-05-11 12:57:00,?,,Updated by 908,2016-05-16 14:07:00,Phone,Location 143,Category 35,Subcategory 28,?,?,2 - Medium,2 - Medium,3 - Moderate,Group 70,Resolver 56,False,False,Do Not Notify,?,?,?,?,code 6,Resolved by 52,,2016-05-16 14:07:00,True,True,False,True,True,False,,False,False
INC0028473,Closed,False,0,0,1,True,Caller 2443,Opened by  500,2016-05-11 14:38:00,?,,Updated by 908,2016-05-16 15:07:00,Phone,Location 204,Category 35,Subcategory 28,Symptom 506,?,2 - Medium,2 - Medium,3 - Moderate,Group 70,Resolver 232,False,False,Do Not Notify,?,?,?,?,code 9,Resolved by 211,,2016-05-16 15:07:00,True,True,False,True,True,False,,False,False
INC0028503,Closed,False,0,0,1,True,Caller 1513,Opened by  500,2016-05-11 15:17:00,?,,Updated by 908,2016-05-16 16:07:00,Phone,Location 46,Category 42,Subcategory 223,Symptom 532,?,2 - Medium,2 - Medium,3 - Moderate,Group 70,Resolver 232,False,False,Do Not Notify,?,?,?,?,code 2,Resolved by 211,,2016-05-16 16:07:00,True,True,False,True,True,False,,False,False
INC0028544,Closed,False,0,0,1,True,Caller 471,Opened by  108,2016-05-11 17:09:00,?,,Updated by 908,2016-05-16 18:07:00,Phone,Location 204,Category 32,Subcategory 174,?,?,2 - Medium,2 - Medium,3 - Moderate,Group 70,Resolver 56,False,False,Do Not Notify,?,?,?,?,code 6,Resolved by 52,,2016-05-16 18:07:00,True,True,False,True,True,False,,False,False
INC0028644,Closed,False,0,0,1,True,Caller 375,Opened by  62,2016-05-12 08:42:00,?,,Updated by 908,2016-05-17 09:07:00,Phone,Location 108,Category 26,Subcategory 164,Symptom 295,?,2 - Medium,2 - Medium,3 - Moderate,Group 70,Resolver 33,False,False,Do Not Notify,?,?,?,?,code 9,Resolved by 32,,2016-05-17 09:07:00,True,True,False,True,True,False,,False,False
INC0028651,Closed,False,0,0,1,True,Caller 3089,Opened by  62,2016-05-12 08:53:00,?,,Updated by 908,2016-05-17 09:07:00,Phone,Location 108,Category 26,Subcategory 174,Symptom 491,?,2 - Medium,2 - Medium,3 - Moderate,Group 70,Resolver 33,False,False,Do Not Notify,?,?,?,?,code 9,Resolved by 32,,2016-05-17 09:07:00,True,True,False,True,True,False,,False,False
INC0028669,Closed,False,0,0,1,True,Caller 1944,Opened by  131,2016-05-12 09:05:00,?,,Updated by 908,2016-05-17 10:07:00,Phone,Location 161,Category 26,Subcategory 164,Symptom 295,?,2 - Medium,2 - Medium,3 - Moderate,Group 70,Resolver 73,False,False,Do Not Notify,?,?,?,?,code 7,Resolved by 66,,2016-05-17 10:07:00,True,True,False,True,True,False,,False,False
INC0028751,Closed,False,0,0,1,True,Caller 5422,Opened by  62,2016-05-12 10:37:00,?,,Updated by 908,2016-05-17 11:07:00,Phone,Location 143,Category 43,Subcategory 174,Symptom 491,?,2 - Medium,2 - Medium,3 - Moderate,Group 70,Resolver 33,False,False,Do Not Notify,?,?,?,?,code 6,Resolved by 32,,2016-05-17 11:07:00,True,True,False,True,True,False,,False,False
INC0028761,Closed,False,1,0,2,False,Caller 3497,Opened by  62,2016-05-12 10:51:00,?,,Updated by 908,2016-06-08 17:07:00,Phone,Location 143,Category 37,Subcategory 123,Symptom 127,?,2 - Medium,2 - Medium,3 - Moderate,Group 70,Resolver 33,False,False,Do Not Notify,?,?,?,?,code 9,Resolved by 32,,2016-06-08 17:07:00,True,True,False,True,True,False,,False,False
INC0028915,Closed,False,0,0,1,True,Caller 5078,Opened by  108,2016-05-12 15:27:00,?,,Updated by 908,2016-05-17 16:07:00,Phone,Location 108,Category 9,Subcategory 174,?,?,2 - Medium,2 - Medium,3 - Moderate,Group 70,Resolver 56,False,False,Do Not Notify,?,?,?,?,code 6,Resolved by 52,,2016-05-17 16:07:00,True,True,False,True,True,False,,False,False
INC0028926,Closed,False,0,0,1,True,Caller 2358,Opened by  108,2016-05-12 15:34:00,?,,Updated by 908,2016-05-17 16:07:00,Phone,Location 51,Category 37,Subcategory 123,Symptom 127,?,2 - Medium,2 - Medium,3 - Moderate,Group 70,Resolver 56,False,False,Do Not Notify,?,?,?,?,code 6,Resolved by 52,,2016-05-17 16:07:00,True,True,False,True,True,False,,False,False
INC0028935,Closed,False,0,0,1,True,Caller 3940,Opened by  108,2016-05-12 15:47:00,?,,Updated by 908,2016-05-17 16:07:00,Phone,Location 97,Category 37,Subcategory 123,Symptom 127,?,2 - Medium,2 - Medium,3 - Moderate,Group 70,Resolver 56,False,False,Do Not Notify,?,?,?,?,code 6,Resolved by 52,,2016-05-17 16:07:00,True,True,False,True,True,False,,False,False
INC0028944,Closed,False,0,0,1,True,Caller 5581,Opened by  108,2016-05-12 15:57:00,?,,Updated by 908,2016-05-17 16:07:00,Phone,Location 204,Category 42,Subcategory 223,Symptom 534,?,2 - Medium,2 - Medium,3 - Moderate,Group 70,Resolver 56,False,False,Do Not Notify,?,?,?,?,code 6,Resolved by 52,,2016-05-17 16:07:00,True,True,False,True,True,False,,False,False
INC0028981,Closed,False,0,0,1,True,Caller 2621,Opened by  108,2016-05-12 16:27:00,?,,Updated by 908,2016-05-17 17:07:00,Phone,Location 108,Category 42,Subcategory 223,Symptom 534,?,2 - Medium,2 - Medium,3 - Moderate,Group 70,Resolver 56,False,False,Do Not Notify,?,?,?,?,code 6,Resolved by 52,,2016-05-17 17:07:00,True,True,False,True,True,False,,False,False
INC0028997,Closed,False,0,0,1,True,Caller 2209,Opened by  108,2016-05-12 17:18:00,?,,Updated by 908,2016-05-17 18:07:00,Phone,Location 143,Category 53,Subcategory 174,Symptom 491,?,2 - Medium,2 - Medium,3 - Moderate,Group 70,Resolver 56,False,False,Do Not Notify,?,?,?,?,code 6,Resolved by 52,,2016-05-17 18:07:00,True,True,False,True,True,False,,False,False
INC0029054,Closed,False,0,0,1,True,Caller 2134,Opened by  94,2016-05-13 00:44:00,?,,Updated by 908,2016-05-18 01:07:00,Phone,Location 108,Category 26,Subcategory 175,?,?,2 - Medium,2 - Medium,3 - Moderate,Group 70,Resolver 47,False,False,Do Not Notify,?,?,?,?,code 6,Resolved by 44,,2016-05-18 01:07:00,True,True,False,True,True,False,,False,False
INC0029077,Closed,False,0,0,1,True,Caller 4958,Opened by  108,2016-05-13 08:04:00,?,,Updated by 908,2016-05-18 09:07:00,Phone,Location 108,Category 26,Subcategory 174,?,?,2 - Medium,2 - Medium,3 - Moderate,Group 70,Resolver 56,False,False,Do Not Notify,?,?,?,?,code 6,Resolved by 52,,2016-05-18 09:07:00,True,True,False,True,True,False,,False,False
INC0029091,Closed,False,0,0,1,True,Caller 383,Opened by  108,2016-05-13 08:24:00,?,,Updated by 908,2016-05-18 09:07:00,Phone,Location 204,Category 28,Subcategory 174,?,?,2 - Medium,2 - Medium,3 - Moderate,Group 70,Resolver 56,False,False,Do Not Notify,?,?,?,?,code 6,Resolved by 52,,2016-05-18 09:07:00,True,True,False,True,True,False,,False,False
INC0029145,Closed,False,0,0,1,True,Caller 3032,Opened by  108,2016-05-13 09:50:00,?,,Updated by 908,2016-05-18 11:07:00,Phone,Location 143,Category 42,Subcategory 223,Symptom 534,?,2 - Medium,2 - Medium,3 - Moderate,Group 70,Resolver 56,False,False,Do Not Notify,?,?,?,?,code 6,Resolved by 52,,2016-05-18 11:07:00,True,True,False,True,True,False,,False,False
INC0029232,Closed,False,0,0,1,True,Caller 382,Opened by  108,2016-05-13 11:48:00,?,,Updated by 908,2016-05-18 12:07:00,Phone,Location 143,Category 53,Subcategory 174,?,?,2 - Medium,2 - Medium,3 - Moderate,Group 70,Resolver 56,False,False,Do Not Notify,?,?,?,?,code 6,Resolved by 52,,2016-05-18 12:07:00,True,True,False,True,True,False,,False,False
INC0029256,Closed,False,0,0,1,True,Caller 2778,Opened by  500,2016-05-13 12:49:00,?,,Updated by 908,2016-05-18 14:07:00,Phone,Location 161,Category 26,Subcategory 175,Symptom 491,?,2 - Medium,2 - Medium,3 - Moderate,Group 70,Resolver 232,False,False,Do Not Notify,?,?,?,?,code 9,Resolved by 211,,2016-05-18 14:07:00,True,True,False,True,True,False,,False,False
INC0029411,Closed,False,0,0,1,True,Caller 1479,Opened by  62,2016-05-13 18:15:00,?,,Updated by 908,2016-05-18 19:07:00,Phone,Location 204,Category 35,Subcategory 28,Symptom 506,?,2 - Medium,2 - Medium,3 - Moderate,Group 70,Resolver 33,False,False,Do Not Notify,?,?,?,?,code 9,Resolved by 32,,2016-05-18 19:07:00,True,True,False,True,True,False,,False,False
INC0029420,Closed,False,0,0,1,True,Caller 850,Opened by  62,2016-05-13 22:22:00,?,,Updated by 908,2016-05-18 23:07:00,Phone,Location 143,Category 20,Subcategory 89,Symptom 387,?,2 - Medium,2 - Medium,3 - Moderate,Group 70,Resolver 33,False,False,Do Not Notify,?,?,?,?,code 6,Resolved by 32,,2016-05-18 23:07:00,True,True,False,True,True,False,,False,False
INC0029461,Closed,False,0,0,1,True,Caller 2898,Opened by  500,2016-05-14 12:32:00,?,,Updated by 908,2016-05-19 13:07:00,Phone,Location 204,Category 26,Subcategory 164,Symptom 295,?,2 - Medium,2 - Medium,3 - Moderate,Group 70,Resolver 232,False,False,Do Not Notify,?,?,?,?,code 9,Resolved by 211,,2016-05-19 13:07:00,True,True,False,True,True,False,,False,False
INC0029467,Closed,False,0,0,1,True,Caller 5350,Opened by  500,2016-05-14 14:09:00,?,,Updated by 908,2016-05-19 15:07:00,Phone,Location 143,Category 28,Subcategory 174,Symptom 491,?,2 - Medium,2 - Medium,3 - Moderate,Group 70,Resolver 232,False,False,Do Not Notify,?,?,?,?,code 9,Resolved by 211,,2016-05-19 15:07:00,True,True,False,True,True,False,,False,False
INC0029475,Closed,False,0,0,1,True,Caller 5271,Opened by  500,2016-05-14 15:47:00,?,,Updated by 908,2016-05-19 16:07:00,Phone,Location 108,Category 42,Subcategory 223,Symptom 534,?,2 - Medium,2 - Medium,3 - Moderate,Group 70,Resolver 232,False,False,Do Not Notify,?,?,?,?,code 9,Resolved by 211,,2016-05-19 16:07:00,True,True,False,True,True,False,,False,False
INC0029482,Closed,False,0,0,1,True,Caller 4912,Opened by  62,2016-05-14 18:20:00,?,,Updated by 908,2016-05-19 19:07:00,Phone,Location 108,Category 42,Subcategory 223,Symptom 66,?,2 - Medium,2 - Medium,3 - Moderate,Group 70,Resolver 33,False,False,Do Not Notify,?,?,?,?,code 6,Resolved by 32,,2016-05-19 19:07:00,True,True,False,True,True,False,,False,False
INC0029490,Closed,False,0,0,1,True,Caller 943,Opened by  62,2016-05-14 22:31:00,?,,Updated by 908,2016-05-19 23:07:00,Phone,Location 143,Category 28,Subcategory 174,Symptom 491,?,2 - Medium,2 - Medium,3 - Moderate,Group 70,Resolver 33,False,False,Do Not Notify,?,?,?,?,code 6,Resolved by 32,,2016-05-19 23:07:00,True,True,False,True,True,False,,False,False
INC0029509,Closed,False,0,0,1,True,Caller 2791,Opened by  108,2016-05-15 06:25:00,?,,Updated by 908,2016-05-20 07:07:00,Phone,Location 179,Category 26,Subcategory 174,?,?,2 - Medium,2 - Medium,3 - Moderate,Group 70,Resolver 56,False,False,Do Not Notify,?,?,?,?,code 6,Resolved by 52,,2016-05-20 07:07:00,True,True,False,True,True,False,,False,False
INC0029519,Closed,False,0,0,1,True,Caller 4475,Opened by  108,2016-05-15 08:02:00,?,,Updated by 908,2016-05-20 09:07:00,Phone,Location 108,Category 26,Subcategory 175,?,?,2 - Medium,2 - Medium,3 - Moderate,Group 70,Resolver 56,False,False,Do Not Notify,?,?,?,?,code 6,Resolved by 52,,2016-05-20 09:07:00,True,True,False,True,True,False,,False,False
INC0029570,Closed,False,0,0,1,True,Caller 1276,Opened by  94,2016-05-16 03:14:00,?,,Updated by 908,2016-05-21 04:07:00,Phone,Location 143,Category 9,Subcategory 202,Symptom 70,?,2 - Medium,2 - Medium,3 - Moderate,Group 70,Resolver 47,False,False,Do Not Notify,?,?,?,?,code 7,Resolved by 44,,2016-05-21 04:07:00,True,True,False,True,True,False,,False,False
INC0029573,Closed,False,0,0,1,True,Caller 3344,Opened by  94,2016-05-16 05:16:00,?,,Updated by 908,2016-05-21 06:07:00,Phone,Location 143,Category 42,Subcategory 223,Symptom 534,?,2 - Medium,2 - Medium,3 - Moderate,Group 70,Resolver 47,False,False,Do Not Notify,?,?,?,?,code 6,Resolved by 44,,2016-05-21 06:07:00,True,True,False,True,True,False,,False,False
INC0029584,Closed,False,0,0,1,True,Caller 2928,Opened by  108,2016-05-16 07:03:00,?,,Updated by 908,2016-05-21 08:07:00,Phone,Location 161,Category 26,Subcategory 175,Symptom 491,?,2 - Medium,2 - Medium,3 - Moderate,Group 70,Resolver 56,False,False,Do Not Notify,?,?,?,?,code 6,Resolved by 52,,2016-05-21 08:07:00,True,True,False,True,True,False,,False,False
INC0029660,Closed,False,0,0,1,True,Caller 3208,Opened by  108,2016-05-16 09:00:00,?,,Updated by 908,2016-05-21 09:10:00,Phone,Location 55,Category 42,Subcategory 223,Symptom 534,?,2 - Medium,2 - Medium,3 - Moderate,Group 70,Resolver 56,False,False,Do Not Notify,?,?,?,?,code 6,Resolved by 52,,2016-05-21 09:10:00,True,True,False,True,True,False,,False,False
INC0029730,Closed,False,0,0,1,True,Caller 2716,Opened by  62,2016-05-16 09:58:00,?,,Updated by 908,2016-05-21 11:07:00,Phone,Location 204,Category 26,Subcategory 275,?,?,2 - Medium,2 - Medium,3 - Moderate,Group 70,Resolver 33,False,False,Do Not Notify,?,?,?,?,code 7,Resolved by 32,,2016-05-21 11:07:00,True,True,False,True,True,False,,False,False
INC0029760,Closed,False,0,0,1,True,Caller 1944,Opened by  62,2016-05-16 10:25:00,?,,Updated by 908,2016-05-21 11:07:00,Phone,Location 161,Category 42,Subcategory 223,?,?,2 - Medium,2 - Medium,3 - Moderate,Group 70,Resolver 33,False,False,Do Not Notify,?,?,?,?,code 7,Resolved by 32,,2016-05-21 11:07:00,True,True,False,True,True,False,,False,False
INC0029868,Closed,False,0,0,1,True,Caller 1828,Opened by  62,2016-05-16 12:08:00,?,,Updated by 908,2016-05-21 13:07:00,Phone,Location 204,Category 26,Subcategory 175,?,?,2 - Medium,2 - Medium,3 - Moderate,Group 70,Resolver 33,False,False,Do Not Notify,?,?,?,?,code 7,Resolved by 32,,2016-05-21 13:07:00,True,True,False,True,True,False,,False,False
INC0030047,Closed,False,0,0,1,True,Caller 5427,Opened by  62,2016-05-16 17:40:00,?,,Updated by 908,2016-05-21 18:07:00,Phone,Location 93,Category 53,Subcategory 174,Symptom 491,?,2 - Medium,2 - Medium,3 - Moderate,Group 70,Resolver 33,False,False,Do Not Notify,?,?,?,?,code 9,Resolved by 32,,2016-05-21 18:07:00,True,True,False,True,True,False,,False,False
INC0030055,Closed,False,0,0,1,True,Caller 2793,Opened by  62,2016-05-16 18:09:00,?,,Updated by 908,2016-05-21 19:07:00,Phone,Location 161,Category 26,Subcategory 175,Symptom 116,?,2 - Medium,2 - Medium,3 - Moderate,Group 70,Resolver 33,False,False,Do Not Notify,?,?,?,?,code 9,Resolved by 32,,2016-05-21 19:07:00,True,True,False,True,True,False,,False,False
INC0030068,Closed,False,0,0,1,True,Caller 1340,Opened by  62,2016-05-16 20:10:00,?,,Updated by 908,2016-05-21 21:07:00,Phone,Location 108,Category 32,Subcategory 9,Symptom 491,?,2 - Medium,2 - Medium,3 - Moderate,Group 70,Resolver 33,False,False,Do Not Notify,?,?,?,?,code 9,Resolved by 32,,2016-05-21 21:07:00,True,True,False,True,True,False,,False,False
INC0030073,Closed,False,0,0,1,True,Caller 1933,Opened by  62,2016-05-16 20:31:00,?,,Updated by 908,2016-05-21 21:07:00,Phone,Location 161,Category 26,Subcategory 175,Symptom 116,?,2 - Medium,2 - Medium,3 - Moderate,Group 70,Resolver 33,False,False,Do Not Notify,?,?,?,?,code 9,Resolved by 32,,2016-05-21 21:07:00,True,True,False,True,True,False,,False,False
INC0030079,Closed,False,0,0,1,True,Caller 4669,Opened by  62,2016-05-16 22:08:00,?,,Updated by 908,2016-05-21 23:07:00,Phone,Location 161,Category 37,Subcategory 123,Symptom 127,?,2 - Medium,2 - Medium,3 - Moderate,Group 70,Resolver 33,False,False,Do Not Notify,?,?,?,?,code 9,Resolved by 32,,2016-05-21 23:07:00,True,True,False,True,True,False,,False,False
INC0030089,Closed,False,0,0,1,True,Caller 5613,Opened by  47,2016-05-17 01:54:00,?,,Updated by 908,2016-05-22 02:07:00,Phone,Location 204,Category 46,Subcategory 223,Symptom 491,?,2 - Medium,2 - Medium,3 - Moderate,Group 70,Resolver 26,False,False,Do Not Notify,?,?,?,?,code 9,Resolved by 24,,2016-05-22 02:07:00,True,True,False,True,True,False,,False,False
INC0030091,Closed,False,0,0,1,True,Caller 2759,Opened by  94,2016-05-17 02:22:00,?,,Updated by 908,2016-05-22 03:07:00,Phone,Location 161,Category 37,Subcategory 123,?,?,2 - Medium,2 - Medium,3 - Moderate,Group 70,Resolver 47,False,False,Do Not Notify,?,?,?,?,code 6,Resolved by 44,,2016-05-22 03:07:00,True,True,False,True,True,False,,False,False
INC0030114,Closed,False,0,0,1,True,Caller 1333,Opened by  108,2016-05-17 08:04:00,?,,Updated by 908,2016-05-22 09:07:00,Phone,Location 172,Category 37,Subcategory 174,?,?,2 - Medium,2 - Medium,3 - Moderate,Group 70,Resolver 56,False,False,Do Not Notify,?,?,?,?,code 6,Resolved by 52,,2016-05-22 09:07:00,True,True,False,True,True,False,,False,False
INC0030185,Closed,False,0,0,1,True,Caller 4156,Opened by  108,2016-05-17 09:25:00,?,,Updated by 908,2016-05-22 10:07:00,Phone,Location 45,Category 28,Subcategory 174,?,?,2 - Medium,2 - Medium,3 - Moderate,Group 70,Resolver 56,False,False,Do Not Notify,?,?,?,?,code 6,Resolved by 52,,2016-05-22 10:07:00,True,True,False,True,True,False,,False,False
INC0030194,Closed,False,0,0,1,True,Caller 4489,Opened by  108,2016-05-17 09:31:00,?,,Updated by 908,2016-05-22 10:07:00,Phone,Location 51,Category 53,Subcategory 174,?,?,2 - Medium,2 - Medium,3 - Moderate,Group 70,Resolver 56,False,False,Do Not Notify,?,?,?,?,code 6,Resolved by 52,,2016-05-22 10:07:00,True,True,False,True,True,False,,False,False
INC0030223,Closed,False,0,0,1,True,Caller 2728,Opened by  108,2016-05-17 10:01:00,?,,Updated by 908,2016-05-22 10:07:00,Phone,Location 204,Category 32,Subcategory 174,?,?,2 - Medium,2 - Medium,3 - Moderate,Group 70,Resolver 56,False,False,Do Not Notify,?,?,?,?,code 6,Resolved by 52,,2016-05-22 10:07:00,True,True,False,True,True,False,,False,False
INC0030226,Closed,False,0,0,1,True,Caller 1501,Opened by  108,2016-05-17 10:05:00,?,,Updated by 908,2016-05-22 11:07:00,Phone,Location 108,Category 32,Subcategory 300,Symptom 491,?,2 - Medium,2 - Medium,3 - Moderate,Group 70,Resolver 56,False,False,Do Not Notify,?,?,?,?,code 6,Resolved by 52,,2016-05-22 11:07:00,True,True,False,True,True,False,,False,False
INC0030276,Closed,False,0,0,1,True,Caller 478,Opened by  108,2016-05-17 11:15:00,?,,Updated by 908,2016-05-22 12:07:00,Phone,Location 204,Category 37,Subcategory 123,Symptom 127,?,2 - Medium,2 - Medium,3 - Moderate,Group 70,Resolver 56,False,False,Do Not Notify,?,?,?,?,code 6,Resolved by 52,,2016-05-22 12:07:00,True,True,False,True,True,False,,False,False
INC0030493,Closed,False,0,0,1,True,Caller 3674,Opened by  62,2016-05-17 17:35:00,?,,Updated by 908,2016-05-22 18:07:00,Phone,Location 43,Category 26,Subcategory 175,Symptom 491,?,2 - Medium,2 - Medium,3 - Moderate,Group 70,Resolver 33,False,False,Do Not Notify,?,?,?,?,code 9,Resolved by 32,,2016-05-22 18:07:00,True,True,False,True,True,False,,False,False
INC0030503,Closed,False,0,0,1,True,Caller 2297,Opened by  62,2016-05-17 18:48:00,?,,Updated by 908,2016-05-22 19:07:00,Phone,Location 204,Category 53,Subcategory 303,Symptom 491,?,2 - Medium,2 - Medium,3 - Moderate,Group 70,Resolver 33,False,False,Do Not Notify,?,?,?,?,code 9,Resolved by 32,,2016-05-22 19:07:00,True,True,False,True,True,False,,False,False
INC0030507,Closed,False,0,0,1,True,Caller 180,Opened by  62,2016-05-17 19:15:00,?,,Updated by 908,2016-05-22 20:07:00,Phone,Location 143,Category 26,Subcategory 175,Symptom 119,?,2 - Medium,2 - Medium,3 - Moderate,Group 70,Resolver 33,False,False,Do Not Notify,?,?,?,?,code 9,Resolved by 32,,2016-05-22 20:07:00,True,True,False,True,True,False,,False,False
INC0030511,Closed,False,0,0,1,True,Caller 5426,Opened by  62,2016-05-17 19:46:00,?,,Updated by 908,2016-05-22 20:07:00,Phone,Location 161,Category 20,Subcategory 103,Symptom 387,?,2 - Medium,2 - Medium,3 - Moderate,Group 70,Resolver 33,False,False,Do Not Notify,?,?,?,?,code 9,Resolved by 32,,2016-05-22 20:07:00,True,True,False,True,True,False,,False,False
INC0030516,Closed,False,0,0,1,True,Caller 5485,Opened by  62,2016-05-17 20:19:00,?,,Updated by 908,2016-05-22 21:07:00,Phone,Location 143,Category 20,Subcategory 125,Symptom 517,?,2 - Medium,2 - Medium,3 - Moderate,Group 70,Resolver 33,False,False,Do Not Notify,?,?,?,?,code 9,Resolved by 32,,2016-05-22 21:07:00,True,True,False,True,True,False,,False,False
INC0030532,Closed,False,0,0,1,True,Caller 2678,Opened by  62,2016-05-17 21:20:00,?,,Updated by 908,2016-05-22 22:07:00,Phone,Location 161,Category 42,Subcategory 223,Symptom 534,?,2 - Medium,2 - Medium,3 - Moderate,Group 70,Resolver 33,False,False,Do Not Notify,?,?,?,?,code 6,Resolved by 32,,2016-05-22 22:07:00,True,True,False,True,True,False,,False,False
INC0030611,Closed,False,0,0,1,True,Caller 383,Opened by  108,2016-05-18 08:18:00,?,,Updated by 908,2016-05-23 09:07:00,Phone,Location 204,Category 26,Subcategory 175,Symptom 491,?,2 - Medium,2 - Medium,3 - Moderate,Group 70,Resolver 56,False,False,Do Not Notify,?,?,?,?,code 6,Resolved by 52,,2016-05-23 09:07:00,True,True,False,True,True,False,,False,False
INC0030620,Closed,False,0,0,1,True,Caller 5381,Opened by  108,2016-05-18 08:32:00,?,,Updated by 908,2016-05-23 09:07:00,Phone,Location 108,Category 26,Subcategory 275,Symptom 116,?,2 - Medium,2 - Medium,3 - Moderate,Group 70,Resolver 56,False,False,Do Not Notify,?,?,?,?,code 6,Resolved by 52,,2016-05-23 09:07:00,True,True,False,True,True,False,,False,False
INC0030637,Closed,False,0,0,1,True,Caller 4199,Opened by  108,2016-05-18 08:48:00,?,,Updated by 908,2016-05-23 09:07:00,Phone,Location 161,Category 26,Subcategory 174,Symptom 491,?,2 - Medium,2 - Medium,3 - Moderate,Group 70,Resolver 56,False,False,Do Not Notify,?,?,?,?,code 6,Resolved by 52,,2016-05-23 09:07:00,True,True,False,True,True,False,,False,False
INC0030668,Closed,False,0,0,1,True,Caller 5071,Opened by  108,2016-05-18 09:10:00,?,,Updated by 908,2016-05-23 10:07:00,Phone,Location 204,Category 26,Subcategory 175,Symptom 491,?,2 - Medium,2 - Medium,3 - Moderate,Group 70,Resolver 56,False,False,Do Not Notify,?,?,?,?,code 6,Resolved by 52,,2016-05-23 10:07:00,True,True,False,True,True,False,,False,False
INC0030769,Closed,False,0,0,1,True,Caller 4163,Opened by  108,2016-05-18 10:50:00,?,,Updated by 908,2016-05-23 11:07:00,Phone,Location 93,Category 35,Subcategory 28,Symptom 506,?,2 - Medium,2 - Medium,3 - Moderate,Group 70,Resolver 56,False,False,Do Not Notify,?,?,?,?,code 6,Resolved by 52,,2016-05-23 11:07:00,True,True,False,True,True,False,,False,False
INC0030814,Closed,False,0,0,1,True,Caller 1236,Opened by  131,2016-05-18 11:52:00,?,,Updated by 908,2016-05-23 13:07:00,Phone,Location 14,Category 26,Subcategory 164,Symptom 491,?,2 - Medium,2 - Medium,3 - Moderate,Group 70,Resolver 73,False,False,Do Not Notify,?,?,?,?,code 7,Resolved by 66,,2016-05-23 13:07:00,True,True,False,True,True,False,,False,False
INC0030818,Closed,False,0,0,1,True,Caller 5386,Opened by  108,2016-05-18 11:55:00,?,,Updated by 908,2016-05-23 12:07:00,Phone,Location 161,Category 42,Subcategory 223,Symptom 534,?,2 - Medium,2 - Medium,3 - Moderate,Group 70,Resolver 56,False,False,Do Not Notify,?,?,?,?,code 6,Resolved by 52,,2016-05-23 12:07:00,True,True,False,True,True,False,,False,False
INC0030985,Closed,False,0,0,1,True,Caller 3549,Opened by  62,2016-05-18 17:55:00,?,,Updated by 908,2016-05-23 18:10:00,Phone,Location 34,Category 53,Subcategory 174,Symptom 491,?,2 - Medium,2 - Medium,3 - Moderate,Group 70,Resolver 33,False,False,Do Not Notify,?,?,?,?,code 6,Resolved by 32,,2016-05-23 18:10:00,True,True,False,True,True,False,,False,False
INC0030994,Closed,False,0,0,1,True,Caller 5254,Opened by  62,2016-05-18 18:55:00,?,,Updated by 908,2016-05-23 19:07:00,Phone,Location 108,Category 42,Subcategory 223,Symptom 491,?,2 - Medium,2 - Medium,3 - Moderate,Group 70,Resolver 33,False,False,Do Not Notify,?,?,?,?,code 9,Resolved by 32,,2016-05-23 19:07:00,True,True,False,True,True,False,,False,False
INC0031006,Closed,False,0,0,1,True,Caller 2779,Opened by  62,2016-05-18 21:15:00,?,,Updated by 908,2016-05-23 22:07:00,Phone,Location 108,Category 26,Subcategory 175,Symptom 116,?,2 - Medium,2 - Medium,3 - Moderate,Group 70,Resolver 33,False,False,Do Not Notify,?,?,?,?,code 9,Resolved by 32,,2016-05-23 22:07:00,True,True,False,True,True,False,,False,False
INC0031017,Closed,False,0,0,1,True,Caller 2382,Opened by  62,2016-05-18 22:46:00,?,,Updated by 908,2016-05-23 23:07:00,Phone,Location 204,Category 26,Subcategory 175,Symptom 491,?,2 - Medium,2 - Medium,3 - Moderate,Group 70,Resolver 33,False,False,Do Not Notify,?,?,?,?,code 9,Resolved by 32,,2016-05-23 23:07:00,True,True,False,True,True,False,,False,False
INC0031026,Closed,False,0,0,1,True,Caller 4752,Opened by  397,2016-05-19 00:16:00,?,,Updated by 908,2016-05-24 01:07:00,Phone,Location 204,Category 46,Subcategory 223,Symptom 491,?,2 - Medium,2 - Medium,3 - Moderate,Group 70,Resolver 191,False,False,Do Not Notify,?,?,?,?,code 7,Resolved by 174,,2016-05-24 01:07:00,True,True,False,True,True,False,,False,False
INC0031055,Closed,False,0,0,1,True,Caller 3717,Opened by  108,2016-05-19 07:59:00,?,,Updated by 908,2016-05-24 08:10:00,Phone,Location 108,Category 42,Subcategory 223,Symptom 534,?,2 - Medium,2 - Medium,3 - Moderate,Group 70,Resolver 56,False,False,Do Not Notify,?,?,?,?,code 6,Resolved by 52,,2016-05-24 08:10:00,True,True,False,True,True,False,,False,False
INC0031082,Closed,False,0,0,1,True,Caller 4553,Opened by  108,2016-05-19 08:39:00,?,,Updated by 908,2016-05-24 09:07:00,Phone,Location 47,Category 42,Subcategory 223,Symptom 534,?,2 - Medium,2 - Medium,3 - Moderate,Group 70,Resolver 56,False,False,Do Not Notify,?,?,?,?,code 6,Resolved by 52,,2016-05-24 09:07:00,True,True,False,True,True,False,,False,False
INC0031164,Closed,False,0,0,1,True,Caller 1911,Opened by  108,2016-05-19 10:25:00,?,,Updated by 908,2016-05-24 11:07:00,Phone,Location 143,Category 42,Subcategory 223,Symptom 534,?,2 - Medium,2 - Medium,3 - Moderate,Group 70,Resolver 56,False,False,Do Not Notify,?,?,?,?,code 6,Resolved by 52,,2016-05-24 11:07:00,True,True,False,True,True,False,,False,False
INC0031385,Closed,False,0,0,1,True,Caller 2273,Opened by  62,2016-05-19 17:41:00,?,,Updated by 908,2016-05-24 18:07:00,Phone,Location 204,Category 9,Subcategory 174,Symptom 491,?,2 - Medium,2 - Medium,3 - Moderate,Group 70,Resolver 33,False,False,Do Not Notify,?,?,?,?,code 6,Resolved by 32,,2016-05-24 18:07:00,True,True,False,True,True,False,,False,False
INC0031396,Closed,False,0,0,1,True,Caller 1503,Opened by  62,2016-05-19 19:21:00,?,,Updated by 908,2016-05-24 20:07:00,Phone,Location 179,Category 42,Subcategory 223,Symptom 534,?,2 - Medium,2 - Medium,3 - Moderate,Group 70,Resolver 33,False,False,Do Not Notify,?,?,?,?,code 6,Resolved by 32,,2016-05-24 20:07:00,True,True,False,True,True,False,,False,False
INC0031402,Closed,False,0,0,1,True,Caller 3891,Opened by  62,2016-05-19 20:21:00,?,,Updated by 908,2016-05-24 21:07:00,Phone,Location 111,Category 42,Subcategory 223,Symptom 534,?,2 - Medium,2 - Medium,3 - Moderate,Group 70,Resolver 33,False,False,Do Not Notify,?,?,?,?,code 9,Resolved by 32,,2016-05-24 21:07:00,True,True,False,True,True,False,,False,False
INC0031416,Closed,False,0,0,1,True,Caller 2651,Opened by  94,2016-05-20 00:48:00,?,,Updated by 908,2016-05-25 01:07:00,Phone,Location 161,Category 20,Subcategory 174,?,?,2 - Medium,2 - Medium,3 - Moderate,Group 70,Resolver 47,False,False,Do Not Notify,?,?,?,?,code 7,Resolved by 44,,2016-05-25 01:07:00,True,True,False,True,True,False,,False,False
INC0031446,Closed,False,0,0,1,True,Caller 2219,Opened by  108,2016-05-20 08:05:00,?,,Updated by 908,2016-05-25 09:07:00,Phone,Location 143,Category 26,Subcategory 175,Symptom 491,?,2 - Medium,2 - Medium,3 - Moderate,Group 70,Resolver 56,False,False,Do Not Notify,?,?,?,?,code 6,Resolved by 52,,2016-05-25 09:07:00,True,True,False,True,True,False,,False,False
INC0031502,Closed,False,0,0,1,True,Caller 4056,Opened by  17,2016-05-20 09:03:00,?,,Updated by 908,2016-05-25 10:07:00,Phone,Location 143,Category 26,Subcategory 175,Symptom 130,?,2 - Medium,2 - Medium,3 - Moderate,Group 70,Resolver 13,False,False,Do Not Notify,?,?,?,?,code 7,Resolved by 11,,2016-05-25 10:07:00,True,True,False,True,True,False,,False,False
INC0031547,Closed,False,0,0,1,True,Caller 886,Opened by  108,2016-05-20 09:53:00,?,,Updated by 908,2016-05-25 11:07:00,Phone,Location 143,Category 32,Subcategory 300,Symptom 491,?,2 - Medium,2 - Medium,3 - Moderate,Group 70,Resolver 56,False,False,Do Not Notify,?,?,?,?,code 6,Resolved by 52,,2016-05-25 11:07:00,True,True,False,True,True,False,,False,False
INC0031583,Closed,False,0,0,1,True,Caller 2165,Opened by  108,2016-05-20 10:42:00,?,,Updated by 908,2016-05-25 12:07:00,Phone,Location 108,Category 9,Subcategory 174,?,?,2 - Medium,2 - Medium,3 - Moderate,Group 70,Resolver 56,False,False,Do Not Notify,?,?,?,?,code 6,Resolved by 52,,2016-05-25 12:07:00,True,True,False,True,True,False,,False,False
INC0031633,Closed,False,0,0,1,True,Caller 34,Opened by  108,2016-05-20 11:52:00,?,,Updated by 908,2016-05-25 12:07:00,Phone,Location 143,Category 42,Subcategory 223,Symptom 534,?,2 - Medium,2 - Medium,3 - Moderate,Group 70,Resolver 56,False,False,Do Not Notify,?,?,?,?,code 6,Resolved by 52,,2016-05-25 12:07:00,True,True,False,True,True,False,,False,False
INC0031805,Closed,False,0,0,1,True,Caller 5305,Opened by  62,2016-05-20 19:41:00,?,,Updated by 908,2016-05-25 22:07:00,Phone,Location 161,Category 26,Subcategory 175,Symptom 116,?,2 - Medium,2 - Medium,3 - Moderate,Group 70,Resolver 33,False,False,Do Not Notify,?,?,?,?,code 9,Resolved by 32,,2016-05-25 22:07:00,True,True,False,True,True,False,,False,False
INC0031887,Closed,False,0,0,1,True,Caller 2327,Opened by  108,2016-05-22 07:19:00,?,,Updated by 908,2016-05-27 09:07:00,Phone,Location 161,Category 26,Subcategory 175,?,?,2 - Medium,2 - Medium,3 - Moderate,Group 70,Resolver 56,False,False,Do Not Notify,?,?,?,?,code 6,Resolved by 52,,2016-05-27 09:07:00,True,True,False,True,True,False,,False,False
INC0031888,Closed,False,0,0,1,True,Caller 562,Opened by  108,2016-05-22 08:28:00,?,,Updated by 908,2016-05-27 09:10:00,Phone,Location 161,Category 9,Subcategory 174,?,?,2 - Medium,2 - Medium,3 - Moderate,Group 70,Resolver 56,False,False,Do Not Notify,?,?,?,?,code 6,Resolved by 52,,2016-05-27 09:10:00,True,True,False,True,True,False,,False,False
INC0031889,Closed,False,0,0,1,True,Caller 4080,Opened by  108,2016-05-22 09:09:00,?,,Updated by 908,2016-05-27 11:07:00,Phone,Location 108,Category 42,Subcategory 223,Symptom 534,?,2 - Medium,2 - Medium,3 - Moderate,Group 70,Resolver 56,False,False,Do Not Notify,?,?,?,?,code 6,Resolved by 52,,2016-05-27 11:07:00,True,True,False,True,True,False,,False,False
INC0031906,Closed,False,0,0,1,True,Caller 2743,Opened by  62,2016-05-22 18:38:00,?,,Updated by 908,2016-05-27 19:07:00,Phone,Location 132,Category 32,Subcategory 9,Symptom 491,?,2 - Medium,2 - Medium,3 - Moderate,Group 70,Resolver 33,False,False,Do Not Notify,?,?,?,?,code 6,Resolved by 32,,2016-05-27 19:07:00,True,True,False,True,True,False,,False,False
INC0031923,Closed,False,0,0,1,True,Caller 3053,Opened by  108,2016-05-23 06:18:00,?,,Updated by 908,2016-05-28 07:07:00,Phone,Location 143,Category 42,Subcategory 223,Symptom 534,?,2 - Medium,2 - Medium,3 - Moderate,Group 70,Resolver 56,False,False,Do Not Notify,?,?,?,?,code 6,Resolved by 52,,2016-05-28 07:07:00,True,True,False,True,True,False,,False,False
INC0031946,Closed,False,0,0,1,True,Caller 3449,Opened by  108,2016-05-23 07:52:00,?,,Updated by 908,2016-05-28 09:07:00,Phone,Location 204,Category 37,Subcategory 123,Symptom 127,?,2 - Medium,2 - Medium,3 - Moderate,Group 70,Resolver 56,False,False,Do Not Notify,?,?,?,?,code 6,Resolved by 52,,2016-05-28 09:07:00,True,True,False,True,True,False,,False,False
INC0031972,Closed,False,0,0,1,True,Caller 405,Opened by  108,2016-05-23 08:29:00,?,,Updated by 908,2016-05-28 09:07:00,Phone,Location 46,Category 26,Subcategory 275,?,?,2 - Medium,2 - Medium,3 - Moderate,Group 70,Resolver 56,False,False,Do Not Notify,?,?,?,?,code 6,Resolved by 52,,2016-05-28 09:07:00,True,True,False,True,True,False,,False,False
INC0031991,Closed,False,0,0,1,True,Caller 369,Opened by  17,2016-05-23 08:43:00,?,,Updated by 908,2016-05-28 09:07:00,Phone,Location 143,Category 42,Subcategory 223,Symptom 534,?,2 - Medium,2 - Medium,3 - Moderate,Group 70,Resolver 13,False,False,Do Not Notify,?,?,?,?,code 7,Resolved by 11,,2016-05-28 09:07:00,True,True,False,True,True,False,,False,False
INC0032069,Closed,False,0,0,1,True,Caller 870,Opened by  108,2016-05-23 09:53:00,?,,Updated by 908,2016-05-28 10:07:00,Phone,Location 143,Category 42,Subcategory 223,Symptom 534,?,2 - Medium,2 - Medium,3 - Moderate,Group 70,Resolver 56,False,False,Do Not Notify,?,?,?,?,code 6,Resolved by 52,,2016-05-28 10:07:00,True,True,False,True,True,False,,False,False
INC0032075,Closed,False,0,0,1,True,Caller 3754,Opened by  108,2016-05-23 10:02:00,?,,Updated by 908,2016-05-28 11:07:00,Phone,Location 41,Category 26,Subcategory 175,?,?,2 - Medium,2 - Medium,3 - Moderate,Group 70,Resolver 56,False,False,Do Not Notify,?,?,?,?,code 6,Resolved by 52,,2016-05-28 11:07:00,True,True,False,True,True,False,,False,False
INC0032150,Closed,False,0,0,1,True,Caller 379,Opened by  108,2016-05-23 11:14:00,?,,Updated by 908,2016-05-28 12:07:00,Phone,Location 93,Category 40,Subcategory 69,Symptom 473,?,2 - Medium,2 - Medium,3 - Moderate,Group 70,Resolver 56,False,False,Do Not Notify,?,?,?,?,code 6,Resolved by 52,,2016-05-28 12:07:00,True,True,False,True,True,False,,False,False
INC0032242,Closed,False,0,0,1,True,Caller 3830,Opened by  62,2016-05-23 13:44:00,?,,Updated by 908,2016-05-28 14:07:00,Phone,Location 35,Category 26,Subcategory 275,?,?,2 - Medium,2 - Medium,3 - Moderate,Group 70,Resolver 33,False,False,Do Not Notify,?,?,?,?,code 7,Resolved by 32,,2016-05-28 14:07:00,True,True,False,True,True,False,,False,False
INC0032372,Closed,False,0,0,1,True,Caller 1618,Opened by  62,2016-05-23 18:02:00,?,,Updated by 908,2016-05-28 19:07:00,Phone,Location 204,Category 9,Subcategory 202,Symptom 70,?,2 - Medium,2 - Medium,3 - Moderate,Group 70,Resolver 33,False,False,Do Not Notify,?,?,?,?,code 9,Resolved by 32,,2016-05-28 19:07:00,True,True,False,True,True,False,,False,False
INC0032375,Closed,False,0,0,1,True,Caller 118,Opened by  62,2016-05-23 18:32:00,?,,Updated by 908,2016-05-28 19:07:00,Phone,Location 161,Category 20,Subcategory 174,Symptom 491,?,2 - Medium,2 - Medium,3 - Moderate,Group 70,Resolver 33,False,False,Do Not Notify,?,?,?,?,code 9,Resolved by 32,,2016-05-28 19:07:00,True,True,False,True,True,False,,False,False
INC0032381,Closed,False,0,0,1,True,Caller 3021,Opened by  62,2016-05-23 19:24:00,?,,Updated by 908,2016-05-28 20:07:00,Phone,Location 93,Category 32,Subcategory 9,Symptom 105,?,2 - Medium,2 - Medium,3 - Moderate,Group 70,Resolver 33,False,False,Do Not Notify,?,?,?,?,code 6,Resolved by 32,,2016-05-28 20:07:00,True,True,False,True,True,False,,False,False
INC0032387,Closed,False,0,0,1,True,Caller 3672,Opened by  62,2016-05-23 19:33:00,?,,Updated by 908,2016-05-28 20:07:00,Phone,Location 143,Category 42,Subcategory 223,Symptom 534,?,2 - Medium,2 - Medium,3 - Moderate,Group 70,Resolver 33,False,False,Do Not Notify,?,?,?,?,code 6,Resolved by 32,,2016-05-28 20:07:00,True,True,False,True,True,False,,False,False
INC0032389,Closed,False,0,0,1,True,Caller 3289,Opened by  62,2016-05-23 19:40:00,?,,Updated by 908,2016-05-28 20:07:00,Phone,Location 161,Category 42,Subcategory 223,Symptom 534,?,2 - Medium,2 - Medium,3 - Moderate,Group 70,Resolver 33,False,False,Do Not Notify,?,?,?,?,code 6,Resolved by 32,,2016-05-28 20:07:00,True,True,False,True,True,False,,False,False
INC0032396,Closed,False,0,0,1,True,Caller 3144,Opened by  62,2016-05-23 22:42:00,?,,Updated by 908,2016-05-28 23:07:00,Phone,Location 54,Category 42,Subcategory 223,Symptom 534,?,2 - Medium,2 - Medium,3 - Moderate,Group 70,Resolver 33,False,False,Do Not Notify,?,?,?,?,code 6,Resolved by 32,,2016-05-28 23:07:00,True,True,False,True,True,False,,False,False
INC0032404,Closed,False,0,0,1,True,Caller 4275,Opened by  94,2016-05-24 01:20:00,?,,Updated by 908,2016-05-29 02:07:00,Phone,Location 143,Category 20,Subcategory 174,?,?,2 - Medium,2 - Medium,3 - Moderate,Group 70,Resolver 47,False,False,Do Not Notify,?,?,?,?,code 5,Resolved by 44,,2016-05-29 02:07:00,True,True,False,True,True,False,,False,False
INC0032449,Closed,False,0,0,1,True,Caller 5491,Opened by  108,2016-05-24 08:37:00,?,,Updated by 908,2016-05-29 09:07:00,Phone,Location 38,Category 42,Subcategory 223,Symptom 534,?,2 - Medium,2 - Medium,3 - Moderate,Group 70,Resolver 56,False,False,Do Not Notify,?,?,?,?,code 6,Resolved by 52,,2016-05-29 09:07:00,True,True,False,True,True,False,,False,False
INC0032457,Closed,False,0,0,1,True,Caller 2643,Opened by  17,2016-05-24 08:53:00,?,,Updated by 908,2016-05-29 10:07:00,Phone,Location 161,Category 26,Subcategory 175,Symptom 130,?,2 - Medium,2 - Medium,3 - Moderate,Group 70,Resolver 13,False,False,Do Not Notify,?,?,?,?,code 7,Resolved by 11,,2016-05-29 10:07:00,True,True,False,True,True,False,,False,False
INC0032579,Closed,False,0,0,1,True,Caller 175,Opened by  108,2016-05-24 11:47:00,?,,Updated by 908,2016-05-29 12:07:00,Phone,Location 223,Category 26,Subcategory 175,?,?,2 - Medium,2 - Medium,3 - Moderate,Group 70,Resolver 56,False,False,Do Not Notify,?,?,?,?,code 6,Resolved by 52,,2016-05-29 12:07:00,True,True,False,True,True,False,,False,False
INC0032608,Closed,False,0,0,1,True,Caller 221,Opened by  500,2016-05-24 13:11:00,?,,Updated by 908,2016-05-29 14:07:00,Phone,Location 135,Category 32,Subcategory 9,Symptom 491,?,2 - Medium,2 - Medium,3 - Moderate,Group 70,Resolver 232,False,False,Do Not Notify,?,?,?,?,code 9,Resolved by 211,,2016-05-29 14:07:00,True,True,False,True,True,False,,False,False
INC0032614,Closed,False,0,0,1,True,Caller 4353,Opened by  500,2016-05-24 13:45:00,?,,Updated by 908,2016-05-29 14:07:00,Phone,Location 38,Category 42,Subcategory 223,Symptom 534,?,2 - Medium,2 - Medium,3 - Moderate,Group 70,Resolver 232,False,False,Do Not Notify,?,?,?,?,code 9,Resolved by 211,,2016-05-29 14:07:00,True,True,False,True,True,False,,False,False
INC0032625,Closed,False,0,0,1,True,Caller 5268,Opened by  500,2016-05-24 14:10:00,?,,Updated by 908,2016-05-29 15:07:00,Phone,Location 46,Category 20,Subcategory 125,Symptom 517,?,2 - Medium,2 - Medium,3 - Moderate,Group 70,Resolver 232,False,False,Do Not Notify,?,?,?,?,code 9,Resolved by 211,,2016-05-29 15:07:00,True,True,False,True,True,False,,False,False
INC0032628,Closed,False,0,0,1,True,Caller 4462,Opened by  500,2016-05-24 14:13:00,?,,Updated by 908,2016-05-29 15:07:00,Phone,Location 36,Category 42,Subcategory 223,Symptom 534,?,2 - Medium,2 - Medium,3 - Moderate,Group 70,Resolver 232,False,False,Do Not Notify,?,?,?,?,code 9,Resolved by 211,,2016-05-29 15:07:00,True,True,False,True,True,False,,False,False
INC0032723,Closed,False,0,0,1,True,Caller 2936,Opened by  500,2016-05-24 17:08:00,?,,Updated by 908,2016-05-29 18:07:00,Phone,Location 42,Category 42,Subcategory 223,Symptom 534,?,2 - Medium,2 - Medium,3 - Moderate,Group 70,Resolver 232,False,False,Do Not Notify,?,?,?,?,code 9,Resolved by 211,,2016-05-29 18:07:00,True,True,False,True,True,False,,False,False
INC0032731,Closed,False,0,0,1,True,Caller 2429,Opened by  500,2016-05-24 17:36:00,?,,Updated by 908,2016-05-29 18:07:00,Phone,Location 46,Category 42,Subcategory 223,Symptom 491,?,2 - Medium,2 - Medium,3 - Moderate,Group 70,Resolver 232,False,False,Do Not Notify,?,?,?,?,code 9,Resolved by 211,,2016-05-29 18:07:00,True,True,False,True,True,False,,False,False
INC0032742,Closed,False,0,0,1,True,Caller 2136,Opened by  62,2016-05-24 18:35:00,?,,Updated by 908,2016-05-29 19:07:00,Phone,Location 93,Category 20,Subcategory 125,Symptom 517,?,2 - Medium,2 - Medium,3 - Moderate,Group 70,Resolver 33,False,False,Do Not Notify,?,?,?,?,code 9,Resolved by 32,,2016-05-29 19:07:00,True,True,False,True,True,False,,False,False
INC0032746,Closed,False,0,0,1,True,Caller 3996,Opened by  62,2016-05-24 19:43:00,?,,Updated by 908,2016-05-29 20:07:00,Phone,Location 161,Category 26,Subcategory 175,Symptom 116,?,2 - Medium,2 - Medium,3 - Moderate,Group 70,Resolver 33,False,False,Do Not Notify,?,?,?,?,code 9,Resolved by 32,,2016-05-29 20:07:00,True,True,False,True,True,False,,False,False
INC0032792,Closed,False,0,0,1,True,Caller 1704,Opened by  17,2016-05-25 07:43:00,?,,Updated by 908,2016-05-30 08:07:00,Phone,Location 161,Category 26,Subcategory 175,Symptom 130,?,2 - Medium,2 - Medium,3 - Moderate,Group 70,Resolver 13,False,False,Do Not Notify,?,?,?,?,code 7,Resolved by 11,,2016-05-30 08:07:00,True,True,False,True,True,False,,False,False
INC0032854,Closed,False,0,0,1,True,Caller 4075,Opened by  108,2016-05-25 08:55:00,?,,Updated by 908,2016-05-30 10:07:00,Phone,Location 110,Category 37,Subcategory 123,Symptom 491,?,2 - Medium,2 - Medium,3 - Moderate,Group 70,Resolver 56,False,False,Do Not Notify,?,?,?,?,code 6,Resolved by 52,,2016-05-30 10:07:00,True,True,False,True,True,False,,False,False
INC0032868,Closed,False,0,0,1,True,Caller 2136,Opened by  108,2016-05-25 09:12:00,?,,Updated by 908,2016-05-30 10:07:00,Phone,Location 93,Category 20,Subcategory 103,Symptom 208,?,2 - Medium,2 - Medium,3 - Moderate,Group 70,Resolver 56,False,False,Do Not Notify,?,?,?,?,code 6,Resolved by 52,,2016-05-30 10:07:00,True,True,False,True,True,False,,False,False
INC0032928,Closed,False,0,0,1,True,Caller 2581,Opened by  108,2016-05-25 10:30:00,?,,Updated by 908,2016-05-30 11:07:00,Phone,Location 204,Category 9,Subcategory 174,?,?,2 - Medium,2 - Medium,3 - Moderate,Group 70,Resolver 56,False,False,Do Not Notify,?,?,?,?,code 6,Resolved by 52,,2016-05-30 11:07:00,True,True,False,True,True,False,,False,False
INC0032957,Closed,False,0,0,1,True,Caller 437,Opened by  108,2016-05-25 11:18:00,?,,Updated by 908,2016-05-30 12:07:00,Phone,Location 242,Category 32,Subcategory 300,Symptom 491,?,2 - Medium,2 - Medium,3 - Moderate,Group 70,Resolver 56,False,False,Do Not Notify,?,?,?,?,code 6,Resolved by 52,,2016-05-30 12:07:00,True,True,False,True,True,False,,False,False
INC0033071,Closed,False,0,0,1,True,Caller 956,Opened by  500,2016-05-25 15:03:00,?,,Updated by 908,2016-05-30 15:10:00,Phone,Location 143,Category 42,Subcategory 223,Symptom 534,?,2 - Medium,2 - Medium,3 - Moderate,Group 70,Resolver 232,False,False,Do Not Notify,?,?,?,?,code 9,Resolved by 211,,2016-05-30 15:10:00,True,True,False,True,True,False,,False,False
INC0033127,Closed,False,0,0,1,True,Caller 742,Opened by  62,2016-05-25 17:43:00,?,,Updated by 908,2016-05-30 18:07:00,Phone,Location 51,Category 26,Subcategory 174,Symptom 491,?,2 - Medium,2 - Medium,3 - Moderate,Group 70,Resolver 33,False,False,Do Not Notify,?,?,?,?,code 6,Resolved by 32,,2016-05-30 18:07:00,True,True,False,True,True,False,,False,False
INC0033137,Closed,False,0,0,1,True,Caller 536,Opened by  62,2016-05-25 18:59:00,?,,Updated by 908,2016-05-30 19:07:00,Phone,Location 204,Category 42,Subcategory 223,Symptom 534,?,2 - Medium,2 - Medium,3 - Moderate,Group 70,Resolver 33,False,False,Do Not Notify,?,?,?,?,code 6,Resolved by 32,,2016-05-30 19:07:00,True,True,False,True,True,False,,False,False
INC0033149,Closed,False,0,0,1,True,Caller 1335,Opened by  443,2016-05-25 21:29:00,?,,Updated by 908,2016-05-30 22:07:00,Phone,Location 143,Category 32,Subcategory 174,Symptom 491,?,2 - Medium,2 - Medium,3 - Moderate,Group 70,Resolver 208,False,False,Do Not Notify,?,?,?,?,code 6,Resolved by 189,,2016-05-30 22:07:00,True,True,False,True,True,False,,False,False
INC0033166,Closed,False,0,0,1,True,Caller 4101,Opened by  94,2016-05-26 00:48:00,?,,Updated by 908,2016-05-31 01:07:00,Phone,Location 204,Category 57,Subcategory 170,Symptom 534,?,2 - Medium,2 - Medium,3 - Moderate,Group 70,Resolver 47,False,False,Do Not Notify,?,?,?,?,code 5,Resolved by 44,,2016-05-31 01:07:00,True,True,False,True,True,False,,False,False
INC0033191,Closed,False,0,0,1,True,Caller 1332,Opened by  17,2016-05-26 08:19:00,?,,Updated by 908,2016-05-31 09:07:00,Phone,Location 161,Category 42,Subcategory 223,Symptom 534,?,2 - Medium,2 - Medium,3 - Moderate,Group 70,Resolver 13,False,False,Do Not Notify,?,?,?,?,code 7,Resolved by 11,,2016-05-31 09:07:00,True,True,False,True,True,False,,False,False
INC0033282,Closed,False,0,0,1,True,Caller 3549,Opened by  390,2016-05-27 08:13:00,?,,Updated by 908,2016-06-01 09:07:00,Phone,Location 34,Category 13,Subcategory 209,Symptom 379,?,3 - Low,3 - Low,4 - Low,Group 70,Resolver 187,False,False,Do Not Notify,?,?,?,?,code 6,Resolved by 170,,2016-06-01 09:07:00,True,True,False,True,True,False,,False,False
INC0033366,Closed,False,0,0,1,True,Caller 958,Opened by  17,2016-05-27 19:14:00,?,,Updated by 908,2016-06-01 20:07:00,Phone,Location 180,Category 32,Subcategory 9,Symptom 491,?,2 - Medium,2 - Medium,3 - Moderate,Group 70,Resolver 13,False,False,Do Not Notify,?,?,?,?,code 6,Resolved by 11,,2016-06-01 20:07:00,True,True,False,True,True,False,,False,False
INC0033368,Closed,False,0,0,1,True,Caller 3433,Opened by  17,2016-05-27 21:51:00,?,,Updated by 908,2016-06-01 23:07:00,Phone,Location 161,Category 53,Subcategory 174,Symptom 491,?,2 - Medium,2 - Medium,3 - Moderate,Group 70,Resolver 13,False,False,Do Not Notify,?,?,?,?,code 9,Resolved by 11,,2016-06-01 23:07:00,True,True,False,True,True,False,,False,False
INC0033434,Closed,False,0,0,1,True,Caller 446,Opened by  108,2016-05-29 06:15:00,?,,Updated by 908,2016-06-03 08:07:00,Phone,Location 204,Category 42,Subcategory 223,Symptom 534,?,2 - Medium,2 - Medium,3 - Moderate,Group 70,Resolver 56,False,False,Do Not Notify,?,?,?,?,code 6,Resolved by 52,,2016-06-03 08:07:00,True,True,False,True,True,False,,False,False
INC0033450,Closed,False,0,0,1,True,Caller 832,Opened by  108,2016-05-29 11:15:00,?,,Updated by 908,2016-06-03 12:07:00,Phone,Location 108,Category 53,Subcategory 174,?,?,2 - Medium,2 - Medium,3 - Moderate,Group 70,Resolver 56,False,False,Do Not Notify,?,?,?,?,code 6,Resolved by 52,,2016-06-03 12:07:00,True,True,False,True,True,False,,False,False
INC0033456,Closed,False,0,0,1,True,Caller 4887,Opened by  500,2016-05-29 13:14:00,?,,Updated by 908,2016-06-03 14:07:00,Phone,Location 204,Category 26,Subcategory 164,Symptom 295,?,2 - Medium,2 - Medium,3 - Moderate,Group 70,Resolver 232,False,False,Do Not Notify,?,?,?,?,code 9,Resolved by 211,,2016-06-03 14:07:00,True,True,False,True,True,False,,False,False
INC0033494,Closed,False,0,0,1,True,Caller 1798,Opened by  17,2016-05-29 18:30:00,?,,Updated by 908,2016-06-03 19:07:00,Phone,Location 161,Category 20,Subcategory 174,Symptom 491,?,2 - Medium,2 - Medium,3 - Moderate,Group 70,Resolver 13,False,False,Do Not Notify,?,?,?,?,code 9,Resolved by 11,,2016-06-03 19:07:00,True,True,False,True,True,False,,False,False
INC0033598,Closed,False,0,0,1,True,Caller 2952,Opened by  108,2016-05-30 08:59:00,?,,Updated by 908,2016-06-04 09:07:00,Phone,Location 204,Category 9,Subcategory 174,?,?,2 - Medium,2 - Medium,3 - Moderate,Group 70,Resolver 56,False,False,Do Not Notify,?,?,?,?,code 6,Resolved by 52,,2016-06-04 09:07:00,True,True,False,True,True,False,,False,False
INC0033608,Closed,False,0,0,1,True,Caller 870,Opened by  108,2016-05-30 09:03:00,?,,Updated by 908,2016-06-04 10:07:00,Phone,Location 143,Category 42,Subcategory 223,Symptom 534,?,2 - Medium,2 - Medium,3 - Moderate,Group 70,Resolver 56,False,False,Do Not Notify,?,?,?,?,code 6,Resolved by 52,,2016-06-04 10:07:00,True,True,False,True,True,False,,False,False
INC0033611,Closed,False,0,0,1,True,Caller 4817,Opened by  108,2016-05-30 09:10:00,?,,Updated by 908,2016-06-04 10:07:00,Phone,Location 161,Category 42,Subcategory 223,Symptom 534,?,2 - Medium,2 - Medium,3 - Moderate,Group 70,Resolver 56,False,False,Do Not Notify,?,?,?,?,code 6,Resolved by 52,,2016-06-04 10:07:00,True,True,False,True,True,False,,False,False
INC0033708,Closed,False,0,0,1,True,Caller 415,Opened by  108,2016-05-30 10:25:00,?,,Updated by 908,2016-06-04 11:07:00,Phone,Location 204,Category 42,Subcategory 223,Symptom 534,?,2 - Medium,2 - Medium,3 - Moderate,Group 70,Resolver 56,False,False,Do Not Notify,?,?,?,?,code 6,Resolved by 52,,2016-06-04 11:07:00,True,True,False,True,True,False,,False,False
INC0033713,Closed,False,0,0,1,True,Caller 60,Opened by  62,2016-05-30 10:30:00,?,,Updated by 908,2016-06-04 11:07:00,Phone,Location 85,Category 42,Subcategory 174,?,?,2 - Medium,2 - Medium,3 - Moderate,Group 70,Resolver 33,False,False,Do Not Notify,?,?,?,?,code 7,Resolved by 32,,2016-06-04 11:07:00,True,True,False,True,True,False,,False,False
INC0033732,Closed,False,0,0,1,True,Caller 411,Opened by  108,2016-05-30 10:54:00,?,,Updated by 908,2016-06-04 11:07:00,Phone,Location 128,Category 32,Subcategory 300,Symptom 491,?,2 - Medium,2 - Medium,3 - Moderate,Group 70,Resolver 56,False,False,Do Not Notify,?,?,?,?,code 6,Resolved by 52,,2016-06-04 11:07:00,True,True,False,True,True,False,,False,False
INC0033960,Closed,False,0,0,1,True,Caller 4208,Opened by  386,2016-05-30 17:18:00,?,,Updated by 908,2016-06-04 18:07:00,Phone,Location 138,Category 32,Subcategory 174,Symptom 491,?,2 - Medium,2 - Medium,3 - Moderate,Group 70,Resolver 186,False,False,Do Not Notify,?,?,?,?,code 6,Resolved by 169,,2016-06-04 18:07:00,True,True,False,True,True,False,,False,False
INC0033962,Closed,False,0,0,1,True,Caller 5615,Opened by  17,2016-05-30 17:35:00,?,,Updated by 908,2016-06-04 18:07:00,Phone,Location 161,Category 26,Subcategory 175,Symptom 491,?,2 - Medium,2 - Medium,3 - Moderate,Group 70,Resolver 13,False,False,Do Not Notify,?,?,?,?,code 9,Resolved by 11,,2016-06-04 18:07:00,True,True,False,True,True,False,,False,False
INC0033964,Closed,False,0,0,1,True,Caller 3853,Opened by  386,2016-05-30 17:41:00,?,,Updated by 908,2016-06-04 19:07:00,Phone,Location 51,Category 42,Subcategory 223,Symptom 534,?,2 - Medium,2 - Medium,3 - Moderate,Group 70,Resolver 13,False,False,Do Not Notify,?,?,?,?,code 6,Resolved by 169,,2016-06-04 19:07:00,True,True,False,True,True,False,,False,False
INC0033969,Closed,False,0,0,1,True,Caller 3276,Opened by  17,2016-05-30 19:04:00,?,,Updated by 908,2016-06-04 19:10:00,Phone,Location 161,Category 42,Subcategory 223,Symptom 534,?,2 - Medium,2 - Medium,3 - Moderate,Group 70,Resolver 13,False,False,Do Not Notify,?,?,?,?,code 6,Resolved by 11,,2016-06-04 19:10:00,True,True,False,True,True,False,,False,False
INC0033971,Closed,False,0,0,1,True,Caller 850,Opened by  386,2016-05-30 19:14:00,?,,Updated by 908,2016-06-04 20:07:00,Phone,Location 143,Category 26,Subcategory 175,Symptom 491,?,2 - Medium,2 - Medium,3 - Moderate,Group 70,Resolver 186,False,False,Do Not Notify,?,?,?,?,code 6,Resolved by 169,,2016-06-04 20:07:00,True,True,False,True,True,False,,False,False
INC0033985,Closed,False,0,0,1,True,Caller 3823,Opened by  17,2016-05-30 21:21:00,?,,Updated by 908,2016-06-04 22:07:00,Phone,Location 208,Category 32,Subcategory 9,Symptom 105,?,2 - Medium,2 - Medium,3 - Moderate,Group 70,Resolver 13,False,False,Do Not Notify,?,?,?,?,code 6,Resolved by 11,,2016-06-04 22:07:00,True,True,False,True,True,False,,False,False
INC0034052,Closed,False,0,0,1,True,Caller 2392,Opened by  108,2016-05-31 08:38:00,?,,Updated by 908,2016-06-05 09:07:00,Phone,Location 108,Category 42,Subcategory 223,Symptom 491,?,2 - Medium,2 - Medium,3 - Moderate,Group 70,Resolver 56,False,False,Do Not Notify,?,?,?,?,code 6,Resolved by 52,,2016-06-05 09:07:00,True,True,False,True,True,False,,False,False
INC0034125,Closed,False,0,0,1,True,Caller 3342,Opened by  108,2016-05-31 09:34:00,?,,Updated by 908,2016-06-05 11:07:00,Phone,Location 40,Category 42,Subcategory 223,Symptom 534,?,2 - Medium,2 - Medium,3 - Moderate,Group 70,Resolver 56,False,False,Do Not Notify,?,?,?,?,code 6,Resolved by 52,,2016-06-05 11:07:00,True,True,False,True,True,False,,False,False
INC0034170,Closed,False,0,0,1,True,Caller 2384,Opened by  62,2016-05-31 10:42:00,?,,Updated by 908,2016-06-05 13:07:00,Phone,Location 108,Category 20,Subcategory 103,?,?,2 - Medium,2 - Medium,3 - Moderate,Group 70,Resolver 33,False,False,Do Not Notify,?,?,?,?,code 7,Resolved by 32,,2016-06-05 13:07:00,True,True,False,True,True,False,,False,False
INC0034215,Closed,False,0,0,1,True,Caller 4279,Opened by  62,2016-05-31 11:17:00,?,,Updated by 908,2016-06-05 12:07:00,Phone,Location 93,Category 42,Subcategory 223,?,?,2 - Medium,2 - Medium,3 - Moderate,Group 70,Resolver 33,False,False,Do Not Notify,?,?,?,?,code 7,Resolved by 32,,2016-06-05 12:07:00,True,True,False,True,True,False,,False,False
INC0034224,Closed,False,0,0,1,True,Caller 2431,Opened by  62,2016-05-31 11:35:00,?,,Updated by 908,2016-06-05 12:07:00,Phone,Location 204,Category 42,Subcategory 223,?,?,2 - Medium,2 - Medium,3 - Moderate,Group 70,Resolver 33,False,False,Do Not Notify,?,?,?,?,code 7,Resolved by 32,,2016-06-05 12:07:00,True,True,False,True,True,False,,False,False
INC0034421,Closed,False,0,0,1,True,Caller 1546,Opened by  17,2016-05-31 18:58:00,?,,Updated by 908,2016-06-05 20:07:00,Phone,Location 161,Category 32,Subcategory 174,Symptom 491,?,2 - Medium,2 - Medium,3 - Moderate,Group 70,Resolver 13,False,False,Do Not Notify,?,?,?,?,code 6,Resolved by 11,,2016-06-05 20:07:00,True,True,False,True,True,False,,False,False
INC0034431,Closed,False,0,0,1,True,Caller 263,Opened by  386,2016-05-31 20:04:00,?,,Updated by 908,2016-06-05 21:07:00,Phone,Location 143,Category 42,Subcategory 223,Symptom 534,?,2 - Medium,2 - Medium,3 - Moderate,Group 70,Resolver 186,False,False,Do Not Notify,?,?,?,?,code 6,Resolved by 169,,2016-06-05 21:07:00,True,True,False,True,True,False,,False,False
INC0119241,Closed,False,0,0,1,True,Caller 1384,Opened by  508,2017-02-13 06:45:00,?,,Updated by 931,2017-02-13 06:45:00,IVR,Location 246,Category 50,Subcategory 10,Symptom 533,?,3 - Low,2 - Medium,4 - Low,Group 70,?,False,False,Do Not Notify,?,?,?,?,code 6,?,,2017-02-13 06:45:00,True,True,False,True,True,False,,False,False
INC0119289,Closed,False,0,0,1,True,Caller 1094,Opened by  508,2017-02-13 08:56:00,?,,Updated by 931,2017-02-13 08:56:00,IVR,Location 246,Category 50,Subcategory 10,Symptom 533,?,3 - Low,2 - Medium,4 - Low,Group 70,?,False,False,Do Not Notify,?,?,?,?,code 6,?,,2017-02-13 08:56:00,True,True,False,True,True,False,,False,False
INC0119392,Closed,False,0,0,1,True,Caller 2403,Opened by  508,2017-02-13 10:33:00,?,,Updated by 931,2017-02-13 10:33:00,IVR,Location 246,Category 50,Subcategory 10,Symptom 533,?,3 - Low,2 - Medium,4 - Low,Group 70,?,False,False,Do Not Notify,?,?,?,?,code 6,?,,2017-02-13 10:33:00,True,True,False,True,True,False,,False,False
INC0119457,Closed,False,0,0,1,True,Caller 2403,Opened by  508,2017-02-13 11:31:00,?,,Updated by 931,2017-02-13 11:31:00,IVR,Location 246,Category 50,Subcategory 10,Symptom 533,?,3 - Low,2 - Medium,4 - Low,Group 70,?,False,False,Do Not Notify,?,?,?,?,code 6,?,,2017-02-13 11:31:00,True,True,False,True,True,False,,False,False
INC0119983,Closed,False,0,0,1,True,Caller 831,Opened by  508,2017-02-14 11:11:00,?,,Updated by 931,2017-02-14 11:11:00,IVR,Location 246,Category 50,Subcategory 10,Symptom 533,?,3 - Low,2 - Medium,4 - Low,Group 70,?,False,False,Do Not Notify,?,?,?,?,code 6,?,,2017-02-14 11:11:00,True,True,False,True,True,False,,False,False
INC0119987,Closed,False,0,0,1,True,Caller 831,Opened by  508,2017-02-14 11:15:00,?,,Updated by 931,2017-02-14 11:15:00,IVR,Location 246,Category 50,Subcategory 10,Symptom 533,?,3 - Low,2 - Medium,4 - Low,Group 70,?,False,False,Do Not Notify,?,?,?,?,code 6,?,,2017-02-14 11:15:00,True,True,False,True,True,False,,False,False
INC0120268,Closed,False,0,0,1,True,Caller 1057,Opened by  508,2017-02-14 18:31:00,?,,Updated by 931,2017-02-14 18:31:00,IVR,Location 246,Category 50,Subcategory 10,Symptom 533,?,3 - Low,2 - Medium,4 - Low,Group 70,?,False,False,Do Not Notify,?,?,?,?,code 6,?,,2017-02-14 18:31:00,True,True,False,True,True,False,,False,False
INC0120303,Closed,False,0,0,1,True,Caller 1866,Opened by  508,2017-02-15 01:52:00,?,,Updated by 931,2017-02-15 01:52:00,IVR,Location 246,Category 50,Subcategory 10,Symptom 533,?,3 - Low,2 - Medium,4 - Low,Group 70,?,False,False,Do Not Notify,?,?,?,?,code 6,?,,2017-02-15 01:52:00,True,True,False,True,True,False,,False,False
INC0120319,Closed,False,0,0,1,True,Caller 1899,Opened by  508,2017-02-15 07:09:00,?,,Updated by 931,2017-02-15 07:09:00,IVR,Location 246,Category 50,Subcategory 10,Symptom 533,?,3 - Low,2 - Medium,4 - Low,Group 70,?,False,False,Do Not Notify,?,?,?,?,code 6,?,,2017-02-15 07:09:00,True,True,False,True,True,False,,False,False
INC0120495,Closed,False,1,0,5,True,Caller 323,Opened by  14,2017-02-15 11:58:00,?,,Updated by 845,2017-02-16 09:51:00,Phone,Location 135,Category 59,Subcategory 210,Symptom 483,?,2 - Medium,2 - Medium,3 - Moderate,Group 24,Resolver 217,False,False,Do Not Notify,?,?,?,?,?,?,,2017-02-16 09:51:00,True,True,False,True,True,False,,False,False
