ticket_id,created_at,resolved_at,priority,category,assigned_group
1,2023-03-18 00:00:00,2023-03-18 22:29:00,Low,Network,Support_Team_B
2,2023-06-02 09:00:00,2023-06-02 20:03:48,Medium,Software,DB_Admin
3,2023-03-01 08:00:00,2023-03-01 10:32:03,Critical,Software,Support_Team_A
4,2023-03-05 23:00:00,2023-03-06 03:20:48,Medium,Hardware,DB_Admin
5,2023-01-19 02:00:00,2023-01-19 15:15:25,Medium,Database,Security
6,2023-05-31 11:00:00,2023-05-31 12:34:30,Critical,Database,Infrastructure
7,2023-01-05 10:00:00,2023-01-05 22:26:37,Medium,Access,Infrastructure
8,2023-07-09 16:00:00,2023-07-10 02:49:59,Medium,Hardware,Infrastructure
9,2023-03-11 18:00:00,2023-03-12 13:55:57,Low,Access,Support_Team_A
10,2023-09-03 01:00:00,2023-09-03 04:20:37,High,Database,Infrastructure
11,2023-01-30 15:00:00,2023-01-30 17:41:56,Critical,Database,Support_Team_A
12,2023-09-16 09:00:00,2023-09-16 21:36:26,Low,Database,Infrastructure
13,2023-09-04 21:00:00,2023-09-05 01:56:52,Medium,Software,Support_Team_A
14,2023-06-05 13:00:00,2023-06-05 21:03:43,High,Software,Support_Team_B
15,2023-03-10 22:00:00,2023-03-11 01:58:31,Critical,Network,Security
16,2023-09-07 01:00:00,2023-09-07 12:15:26,Medium,Network,Infrastructure
17,2023-05-24 00:00:00,2023-05-24 05:51:21,High,Software,DB_Admin
18,2023-04-27 19:00:00,2023-04-28 04:25:10,Medium,Hardware,Security
19,2023-09-17 00:00:00,2023-09-17 00:45:37,High,Database,Support_Team_B
20,2023-08-10 09:00:00,2023-08-11 05:26:06,Low,Hardware,Support_Team_A
21,2023-08-04 08:00:00,2023-08-04 10:28:54,Critical,Network,Support_Team_A
22,2023-05-25 00:00:00,2023-05-25 07:49:50,High,Hardware,Security
23,2023-09-28 02:00:00,2023-09-28 05:58:07,Critical,Hardware,Infrastructure
24,2023-04-06 07:00:00,2023-04-06 17:41:21,Medium,Database,DB_Admin
25,2023-06-29 08:00:00,2023-06-29 10:45:55,Critical,Database,Security
26,2023-09-05 02:00:00,2023-09-05 12:19:02,Medium,Hardware,DB_Admin
27,2023-12-03 21:00:00,2023-12-04 16:11:36,Low,Software,Support_Team_A
28,2023-04-15 08:00:00,2023-04-15 19:42:07,Medium,Access,DB_Admin
29,2023-02-13 08:00:00,2023-02-13 11:18:05,Critical,Access,DB_Admin
30,2023-11-16 12:00:00,2023-11-16 20:17:08,High,Database,Support_Team_A
31,2023-03-20 04:00:00,2023-03-20 12:48:20,High,Network,Support_Team_A
32,2023-07-20 08:00:00,2023-07-20 10:26:01,Critical,Hardware,Security
33,2023-01-03 05:00:00,2023-01-03 07:53:55,High,Database,Support_Team_B
34,2023-12-13 13:00:00,2023-12-14 03:41:18,Low,Network,DB_Admin
35,2023-05-16 18:00:00,2023-05-17 04:42:42,Medium,Network,Support_Team_B
36,2023-12-29 01:00:00,2023-12-29 22:08:14,Low,Database,Infrastructure
37,2023-11-30 13:00:00,2023-12-01 10:17:57,Low,Software,Infrastructure
38,2023-07-29 22:00:00,2023-07-30 11:11:16,Medium,Software,Support_Team_B
39,2023-02-23 18:00:00,2023-02-24 10:35:59,Low,Access,Support_Team_A
40,2023-12-30 15:00:00,2023-12-31 04:53:43,Medium,Hardware,Security
41,2023-04-23 17:00:00,2023-04-24 01:19:01,High,Database,DB_Admin
42,2023-10-16 20:00:00,2023-10-17 09:39:04,Medium,Database,Support_Team_B
43,2023-08-01 19:00:00,2023-08-01 21:11:03,Critical,Network,Security
44,2023-12-20 07:00:00,2023-12-20 10:49:37,Critical,Software,Support_Team_B
45,2023-06-03 09:00:00,2023-06-04 05:03:54,Low,Network,Support_Team_A
46,2023-06-07 02:00:00,2023-06-07 10:34:16,Medium,Software,Support_Team_A
47,2023-02-10 04:00:00,2023-02-10 18:51:21,Medium,Software,Support_Team_A
48,2023-08-14 13:00:00,2023-08-15 04:45:57,Low,Database,Support_Team_B
49,2023-07-10 02:00:00,2023-07-10 05:23:07,Critical,Hardware,DB_Admin
50,2023-04-01 07:00:00,2023-04-01 08:51:25,Critical,Hardware,Security
51,2023-10-05 21:00:00,2023-10-06 11:14:35,Medium,Software,Support_Team_A
52,2023-10-22 06:00:00,2023-10-22 13:01:48,High,Access,Security
53,2023-11-15 19:00:00,2023-11-16 17:34:30,Low,Software,Support_Team_A
54,2023-10-02 20:00:00,2023-10-03 01:22:10,High,Software,Support_Team_B
55,2023-05-11 19:00:00,2023-05-12 06:03:09,Medium,Database,Security
56,2023-04-06 16:00:00,2023-04-06 17:23:14,Critical,Hardware,Infrastructure
57,2023-11-12 19:00:00,2023-11-13 11:21:20,Medium,Software,Security
58,2023-03-08 20:00:00,2023-03-09 12:25:24,Low,Database,Support_Team_A
59,2023-03-05 16:00:00,2023-03-06 01:23:36,Medium,Hardware,Security
60,2023-11-28 12:00:00,2023-11-28 15:51:08,Critical,Hardware,Security
61,2023-02-10 00:00:00,2023-02-10 11:32:27,Medium,Access,Support_Team_A
62,2023-09-24 12:00:00,2023-09-24 17:03:00,High,Access,Infrastructure
63,2023-10-16 18:00:00,2023-10-16 21:55:04,Critical,Hardware,Support_Team_B
64,2023-07-22 13:00:00,2023-07-23 05:07:47,Medium,Software,DB_Admin
65,2023-02-11 14:00:00,2023-02-11 20:53:15,High,Software,Support_Team_A
66,2023-11-22 11:00:00,2023-11-22 22:45:42,Medium,Software,DB_Admin
67,2023-02-24 16:00:00,2023-02-24 23:00:31,Medium,Software,DB_Admin
68,2023-02-16 09:00:00,2023-02-16 21:31:22,Medium,Access,Support_Team_A
69,2023-06-18 01:00:00,2023-06-19 02:48:56,Low,Database,Support_Team_A
70,2023-10-14 04:00:00,2023-10-14 10:08:22,High,Network,Support_Team_B
71,2023-08-03 11:00:00,2023-08-04 01:38:54,Medium,Network,Security
72,2023-03-31 08:00:00,2023-03-31 13:41:47,High,Access,Infrastructure
73,2023-02-19 12:00:00,2023-02-20 09:24:17,Low,Access,DB_Admin
74,2023-03-10 06:00:00,2023-03-10 23:03:11,Low,Database,Support_Team_B
75,2023-12-12 08:00:00,2023-12-12 15:37:32,High,Hardware,Infrastructure
76,2023-02-16 23:00:00,2023-02-17 08:45:33,Medium,Network,Infrastructure
77,2023-04-18 16:00:00,2023-04-18 18:24:30,Critical,Database,Infrastructure
78,2023-12-28 02:00:00,2023-12-29 00:44:07,Low,Database,Infrastructure
79,2023-03-12 17:00:00,2023-03-13 08:15:14,Medium,Network,Support_Team_A
80,2023-03-15 01:00:00,2023-03-15 11:45:32,Medium,Network,Infrastructure
81,2023-05-24 18:00:00,2023-05-24 22:21:48,High,Hardware,Infrastructure
82,2023-12-12 00:00:00,2023-12-12 03:47:29,Critical,Network,Support_Team_A
83,2023-03-05 00:00:00,2023-03-05 02:06:09,Critical,Network,Support_Team_A
84,2023-01-03 10:00:00,2023-01-03 17:57:00,High,Hardware,Infrastructure
85,2023-04-21 07:00:00,2023-04-21 09:26:10,Critical,Database,Security
86,2023-01-07 14:00:00,2023-01-08 05:53:20,Low,Software,Support_Team_B
87,2023-01-25 14:00:00,2023-01-25 17:06:13,High,Database,DB_Admin
88,2023-04-12 02:00:00,2023-04-12 06:28:31,Critical,Hardware,Support_Team_A
89,2023-07-30 10:00:00,2023-07-30 15:57:43,High,Software,Infrastructure
90,2023-05-24 09:00:00,2023-05-24 19:50:43,Medium,Software,Infrastructure
91,2023-10-05 10:00:00,2023-10-06 04:07:51,Medium,Hardware,Support_Team_B
92,2023-05-01 20:00:00,2023-05-01 23:00:45,Critical,Software,Support_Team_B
93,2023-08-15 18:00:00,2023-08-15 21:29:52,Critical,Hardware,Infrastructure
94,2023-04-19 16:00:00,2023-04-20 19:15:20,Low,Access,Support_Team_A
95,2023-11-18 07:00:00,2023-11-18 19:44:00,Medium,Hardware,Security
96,2023-08-27 16:00:00,2023-08-27 17:45:07,High,Hardware,Support_Team_B
97,2023-01-17 03:00:00,2023-01-17 15:36:05,Medium,Access,Infrastructure
98,2023-07-10 04:00:00,2023-07-11 04:45:07,Low,Network,Infrastructure
99,2023-12-14 18:00:00,2023-12-14 20:31:50,Critical,Database,Infrastructure
100,2023-01-19 20:00:00,2023-01-20 07:26:03,Low,Network,Support_Team_B
101,2023-07-01 05:00:00,2023-07-01 17:01:40,Low,Software,DB_Admin
102,2023-10-24 15:00:00,2023-10-24 18:51:53,High,Network,Security
103,2023-12-16 03:00:00,2023-12-16 23:36:05,Low,Access,DB_Admin
104,2023-05-10 18:00:00,2023-05-11 00:39:52,High,Software,Security
105,2023-01-02 03:00:00,2023-01-02 15:27:45,Medium,Network,Security
106,2023-02-17 18:00:00,2023-02-17 23:30:07,High,Database,Infrastructure
107,2023-03-27 01:00:00,2023-03-27 05:04:12,High,Database,Infrastructure
108,2023-10-06 19:00:00,2023-10-06 22:38:00,High,Access,Infrastructure
109,2023-03-28 21:00:00,2023-03-29 11:52:12,Medium,Access,Security
110,2023-04-29 19:00:00,2023-04-29 21:35:35,High,Access,DB_Admin
111,2023-01-01 06:00:00,2023-01-01 07:51:54,High,Network,Support_Team_B
112,2023-10-21 11:00:00,2023-10-21 17:43:59,High,Access,Security
113,2023-10-29 20:00:00,2023-10-30 03:45:47,Medium,Database,Security
114,2023-04-26 20:00:00,2023-04-27 11:04:16,Low,Network,DB_Admin
115,2023-08-17 19:00:00,2023-08-18 14:27:53,Low,Hardware,Infrastructure
116,2023-06-03 08:00:00,2023-06-03 20:08:27,Medium,Hardware,Support_Team_A
117,2023-02-01 13:00:00,2023-02-02 00:06:58,Medium,Access,DB_Admin
118,2023-02-19 17:00:00,2023-02-19 17:41:53,Critical,Access,DB_Admin
119,2023-05-13 17:00:00,2023-05-13 19:45:03,Critical,Access,Security
120,2023-06-16 13:00:00,2023-06-17 02:14:42,Medium,Software,Support_Team_A
121,2023-10-18 05:00:00,2023-10-18 13:10:40,Medium,Hardware,DB_Admin
122,2023-11-14 03:00:00,2023-11-14 19:13:05,Low,Database,Support_Team_B
123,2023-03-24 20:00:00,2023-03-25 00:28:47,Critical,Hardware,Security
124,2023-12-29 14:00:00,2023-12-29 23:02:46,High,Access,DB_Admin
125,2023-12-11 14:00:00,2023-12-11 15:37:01,Critical,Database,Security
126,2023-04-19 15:00:00,2023-04-19 18:33:46,Critical,Access,Infrastructure
127,2023-06-18 18:00:00,2023-06-18 22:48:54,High,Database,Security
128,2023-06-13 07:00:00,2023-06-13 13:32:27,High,Access,Support_Team_A
129,2023-07-15 01:00:00,2023-07-15 09:22:11,Medium,Network,Infrastructure
130,2023-08-07 06:00:00,2023-08-08 04:30:16,Low,Hardware,Support_Team_B
131,2023-06-07 20:00:00,2023-06-07 23:34:14,Critical,Hardware,Support_Team_B
132,2023-02-13 20:00:00,2023-02-13 23:02:53,Critical,Access,Infrastructure
133,2023-11-15 01:00:00,2023-11-15 02:20:18,Critical,Software,Support_Team_B
134,2023-10-14 19:00:00,2023-10-14 22:02:50,Critical,Database,Support_Team_A
135,2023-09-17 16:00:00,2023-09-17 18:25:23,Critical,Software,Infrastructure
136,2023-07-23 20:00:00,2023-07-24 00:26:29,Critical,Access,DB_Admin
137,2023-05-31 13:00:00,2023-05-31 15:47:49,Critical,Hardware,Infrastructure
138,2023-10-25 12:00:00,2023-10-25 14:50:39,Critical,Software,Security
139,2023-08-18 11:00:00,2023-08-18 13:35:17,Critical,Hardware,Security
140,2023-03-29 03:00:00,2023-03-29 20:33:43,Low,Access,DB_Admin
141,2023-01-19 12:00:00,2023-01-20 09:26:55,Low,Access,Support_Team_B
142,2023-11-12 04:00:00,2023-11-12 14:22:03,Medium,Software,Infrastructure
143,2023-09-16 19:00:00,2023-09-17 01:02:12,High,Hardware,Security
144,2023-08-12 03:00:00,2023-08-12 10:39:31,High,Access,Infrastructure
145,2023-10-15 18:00:00,2023-10-15 21:02:34,High,Software,Security
146,2023-01-14 05:00:00,2023-01-15 02:41:32,Low,Network,Support_Team_B
147,2023-02-16 20:00:00,2023-02-17 16:54:33,Low,Software,Support_Team_B
148,2023-05-17 02:00:00,2023-05-18 02:09:06,Low,Database,Support_Team_B
149,2023-06-12 20:00:00,2023-06-13 09:20:04,Medium,Access,Support_Team_A
150,2023-05-29 19:00:00,2023-05-29 22:22:38,Critical,Network,Infrastructure
151,2023-04-25 13:00:00,2023-04-26 12:47:05,Low,Hardware,Infrastructure
152,2023-03-15 19:00:00,2023-03-16 17:04:01,Low,Network,DB_Admin
153,2023-09-14 05:00:00,2023-09-14 07:56:39,Critical,Hardware,Support_Team_A
154,2023-06-15 18:00:00,2023-06-16 15:23:59,Low,Network,DB_Admin
155,2023-03-24 15:00:00,2023-03-25 11:32:49,Low,Network,DB_Admin
156,2023-10-20 10:00:00,2023-10-20 19:45:50,High,Software,DB_Admin
157,2023-08-21 22:00:00,2023-08-23 01:57:57,Low,Access,Security
158,2023-03-14 01:00:00,2023-03-14 05:31:46,Critical,Network,Security
159,2023-04-15 10:00:00,2023-04-15 11:20:42,Critical,Hardware,DB_Admin
160,2023-07-04 09:00:00,2023-07-04 10:42:17,Critical,Access,Security
161,2023-07-03 05:00:00,2023-07-03 10:28:50,High,Hardware,Support_Team_A
162,2023-07-10 09:00:00,2023-07-10 11:56:44,Critical,Hardware,Security
163,2023-09-16 17:00:00,2023-09-17 02:41:52,High,Software,Security
164,2023-08-10 21:00:00,2023-08-11 04:34:26,Medium,Access,Support_Team_B
165,2023-08-31 05:00:00,2023-08-31 11:23:46,High,Network,Infrastructure
166,2023-07-08 14:00:00,2023-07-09 07:07:54,Low,Database,Support_Team_B
167,2023-02-28 10:00:00,2023-02-28 22:25:32,Medium,Access,Security
168,2023-06-14 01:00:00,2023-06-14 01:55:35,Critical,Access,Security
169,2023-01-12 18:00:00,2023-01-13 12:17:11,Low,Network,Support_Team_B
170,2023-10-04 01:00:00,2023-10-04 20:00:32,Medium,Network,DB_Admin
171,2023-09-09 22:00:00,2023-09-10 01:29:21,Critical,Database,DB_Admin
172,2023-08-23 16:00:00,2023-08-23 18:37:30,Critical,Database,Infrastructure
173,2023-08-29 04:00:00,2023-08-29 08:09:33,Critical,Network,Infrastructure
174,2023-06-21 14:00:00,2023-06-22 04:27:49,Medium,Software,Support_Team_B
175,2023-08-04 09:00:00,2023-08-05 06:37:50,Low,Database,Support_Team_B
176,2023-05-11 18:00:00,2023-05-12 10:11:45,Medium,Access,Infrastructure
177,2023-12-25 03:00:00,2023-12-25 06:26:20,High,Software,Support_Team_B
178,2023-07-22 05:00:00,2023-07-22 23:47:08,Medium,Network,Support_Team_B
179,2023-07-26 08:00:00,2023-07-27 01:16:31,Low,Database,Support_Team_B
180,2023-07-07 06:00:00,2023-07-08 02:34:16,Low,Software,DB_Admin
181,2023-07-19 10:00:00,2023-07-19 15:09:33,Medium,Access,Support_Team_A
182,2023-01-09 08:00:00,2023-01-09 14:02:12,High,Access,Security
183,2023-10-28 16:00:00,2023-10-28 22:23:30,High,Hardware,Support_Team_A
184,2023-06-22 08:00:00,2023-06-22 11:28:21,Critical,Software,Support_Team_A
185,2023-10-01 13:00:00,2023-10-01 17:00:51,Critical,Software,DB_Admin
186,2023-02-06 14:00:00,2023-02-06 20:52:54,Medium,Hardware,DB_Admin
187,2023-07-27 10:00:00,2023-07-28 08:35:17,Low,Hardware,Support_Team_A
188,2023-10-12 02:00:00,2023-10-12 08:22:24,Medium,Database,Security
189,2023-11-04 13:00:00,2023-11-04 18:37:56,Critical,Network,DB_Admin
190,2023-10-20 17:00:00,2023-10-20 21:16:59,High,Database,DB_Admin
191,2023-02-11 02:00:00,2023-02-11 19:07:18,Low,Hardware,Support_Team_B
192,2023-06-30 15:00:00,2023-07-01 16:44:46,Low,Hardware,Support_Team_B
193,2023-04-29 15:00:00,2023-04-30 07:51:54,Low,Hardware,Support_Team_A
194,2023-10-06 21:00:00,2023-10-06 22:25:47,Critical,Database,Security
195,2023-07-18 19:00:00,2023-07-19 11:21:51,Low,Hardware,Infrastructure
196,2023-07-13 00:00:00,2023-07-13 03:36:38,Critical,Software,Support_Team_B
197,2023-06-30 14:00:00,2023-07-01 06:19:23,Medium,Access,Support_Team_A
198,2023-06-03 11:00:00,2023-06-03 16:21:22,Medium,Network,Support_Team_B
199,2023-02-18 17:00:00,2023-02-19 14:21:28,Low,Hardware,Infrastructure
200,2023-07-17 00:00:00,2023-07-17 03:01:47,Critical,Software,Security
201,2023-07-27 14:00:00,2023-07-27 16:32:15,Critical,Network,DB_Admin
202,2023-12-04 02:00:00,2023-12-04 04:31:16,Critical,Software,DB_Admin
203,2023-01-28 05:00:00,2023-01-28 07:33:36,Critical,Network,DB_Admin
204,2023-06-20 22:00:00,2023-06-22 01:14:05,Low,Software,Support_Team_B
205,2023-01-15 03:00:00,2023-01-15 09:09:52,High,Database,Support_Team_A
206,2023-04-30 14:00:00,2023-04-30 16:38:13,Critical,Database,Security
207,2023-07-09 21:00:00,2023-07-10 14:48:48,Medium,Database,Security
208,2023-12-02 16:00:00,2023-12-03 09:53:56,Low,Access,Infrastructure
209,2023-10-06 18:00:00,2023-10-06 23:55:50,High,Network,Support_Team_A
210,2023-04-20 18:00:00,2023-04-21 01:58:07,High,Access,Security
211,2023-07-16 18:00:00,2023-07-16 21:22:56,Critical,Database,Support_Team_A
212,2023-11-07 11:00:00,2023-11-08 07:49:56,Low,Network,Infrastructure
213,2023-08-09 16:00:00,2023-08-10 08:48:40,Low,Access,DB_Admin
214,2023-01-01 18:00:00,2023-01-01 20:25:45,Critical,Access,Support_Team_A
215,2023-05-09 01:00:00,2023-05-09 05:53:43,High,Database,Security
216,2023-10-29 18:00:00,2023-10-30 15:00:52,Low,Hardware,Infrastructure
217,2023-03-31 10:00:00,2023-03-31 16:34:18,High,Access,Security
218,2023-03-24 21:00:00,2023-03-25 20:17:33,Low,Database,Support_Team_B
219,2023-04-19 02:00:00,2023-04-19 07:56:01,High,Database,Support_Team_A
220,2023-10-06 12:00:00,2023-10-07 05:24:42,Low,Hardware,Support_Team_A
221,2023-11-12 00:00:00,2023-11-13 08:38:04,Low,Hardware,Security
222,2023-07-19 05:00:00,2023-07-19 12:10:04,High,Access,Security
223,2023-11-19 08:00:00,2023-11-20 00:26:05,Medium,Access,DB_Admin
224,2023-04-09 17:00:00,2023-04-09 20:38:55,Critical,Hardware,DB_Admin
225,2023-12-13 23:00:00,2023-12-14 11:35:12,Medium,Software,Infrastructure
226,2023-10-11 06:00:00,2023-10-11 12:03:26,High,Database,Infrastructure
227,2023-01-02 18:00:00,2023-01-02 21:16:49,High,Network,DB_Admin
228,2023-12-01 06:00:00,2023-12-02 02:39:10,Medium,Access,DB_Admin
229,2023-11-27 15:00:00,2023-11-27 20:48:33,High,Network,DB_Admin
230,2023-09-15 12:00:00,2023-09-15 15:11:38,Critical,Network,Support_Team_B
231,2023-06-13 00:00:00,2023-06-13 02:17:59,Critical,Hardware,Security
232,2023-01-30 19:00:00,2023-01-30 23:52:55,High,Access,Security
233,2023-09-21 13:00:00,2023-09-22 00:44:13,Medium,Access,Support_Team_A
234,2023-03-28 04:00:00,2023-03-28 10:52:48,High,Software,Security
235,2023-03-10 01:00:00,2023-03-10 03:26:09,Critical,Software,Support_Team_B
236,2023-10-07 21:00:00,2023-10-08 12:29:23,Medium,Software,Security
237,2023-06-30 22:00:00,2023-07-01 00:56:56,High,Database,Security
238,2023-02-24 19:00:00,2023-02-25 00:31:03,High,Database,Security
239,2023-08-05 04:00:00,2023-08-05 08:07:02,Critical,Database,Support_Team_A
240,2023-02-16 17:00:00,2023-02-17 06:49:37,Medium,Network,Support_Team_B
241,2023-03-03 16:00:00,2023-03-03 19:42:32,Critical,Software,Support_Team_A
242,2023-10-30 21:00:00,2023-10-31 14:45:37,Medium,Network,Support_Team_A
243,2023-02-01 09:00:00,2023-02-01 15:15:22,High,Software,Infrastructure
244,2023-09-02 17:00:00,2023-09-02 22:06:27,High,Access,Support_Team_B
245,2023-06-16 16:00:00,2023-06-16 19:45:37,Critical,Database,Support_Team_B
246,2023-04-27 01:00:00,2023-04-27 14:42:06,Medium,Software,DB_Admin
247,2023-09-19 03:00:00,2023-09-19 10:21:59,Medium,Access,DB_Admin
248,2023-04-08 16:00:00,2023-04-09 04:06:27,Medium,Access,Infrastructure
249,2023-11-10 17:00:00,2023-11-10 20:59:48,High,Software,Security
250,2023-07-16 08:00:00,2023-07-16 22:33:48,Medium,Software,Security
251,2023-08-24 21:00:00,2023-08-25 03:07:09,High,Access,Infrastructure
252,2023-11-08 20:00:00,2023-11-09 03:47:25,High,Hardware,Security
253,2023-11-26 20:00:00,2023-11-27 21:14:51,Low,Hardware,Security
254,2023-09-03 01:00:00,2023-09-03 10:28:18,High,Network,Support_Team_A
255,2023-09-28 04:00:00,2023-09-28 09:21:33,High,Software,DB_Admin
256,2023-02-03 11:00:00,2023-02-03 16:08:32,Critical,Network,Support_Team_B
257,2023-08-29 12:00:00,2023-08-30 01:44:43,Medium,Hardware,DB_Admin
258,2023-06-21 02:00:00,2023-06-21 09:54:31,Medium,Software,Support_Team_A
259,2023-07-30 21:00:00,2023-07-31 01:34:26,Critical,Software,DB_Admin
260,2023-09-07 01:00:00,2023-09-07 07:08:33,Medium,Software,Infrastructure
261,2023-08-12 00:00:00,2023-08-12 02:57:41,Critical,Hardware,Support_Team_B
262,2023-04-01 05:00:00,2023-04-01 12:18:16,High,Database,DB_Admin
263,2023-07-06 01:00:00,2023-07-06 18:31:13,Medium,Network,Security
264,2023-07-21 11:00:00,2023-07-21 15:53:57,High,Software,Security
265,2023-02-21 09:00:00,2023-02-22 01:41:27,Medium,Hardware,Security
266,2023-09-07 16:00:00,2023-09-08 15:51:30,Low,Access,Support_Team_A
267,2023-06-30 12:00:00,2023-07-01 06:11:16,Low,Access,Infrastructure
268,2023-06-28 23:00:00,2023-06-29 02:28:37,Critical,Network,Support_Team_A
269,2023-06-09 14:00:00,2023-06-09 16:30:22,Critical,Software,DB_Admin
270,2023-08-12 22:00:00,2023-08-13 08:17:15,Medium,Software,Security
271,2023-07-26 07:00:00,2023-07-26 12:04:36,Critical,Software,Support_Team_B
272,2023-01-31 22:00:00,2023-02-01 19:54:34,Low,Network,Security
273,2023-03-21 06:00:00,2023-03-22 00:42:17,Low,Hardware,DB_Admin
274,2023-04-03 14:00:00,2023-04-03 16:55:09,Critical,Access,Infrastructure
275,2023-10-14 02:00:00,2023-10-14 06:00:25,Medium,Access,Support_Team_A
276,2023-12-01 01:00:00,2023-12-01 03:51:37,Critical,Network,Support_Team_A
277,2023-09-10 22:00:00,2023-09-11 05:50:25,Medium,Access,Security
278,2023-06-11 04:00:00,2023-06-11 09:37:07,High,Software,Infrastructure
279,2023-09-02 20:00:00,2023-09-03 20:21:01,Low,Access,Infrastructure
280,2023-05-10 13:00:00,2023-05-11 21:01:01,Low,Access,Support_Team_A
281,2023-05-25 19:00:00,2023-05-26 20:31:39,Low,Software,Infrastructure
282,2023-06-16 06:00:00,2023-06-16 13:24:52,Medium,Database,Support_Team_B
283,2023-02-16 20:00:00,2023-02-17 09:18:54,Medium,Database,Support_Team_B
284,2023-06-09 01:00:00,2023-06-09 06:30:42,High,Hardware,DB_Admin
285,2023-01-02 22:00:00,2023-01-03 05:11:41,High,Hardware,Support_Team_B
286,2023-06-21 02:00:00,2023-06-21 19:30:10,Medium,Software,Support_Team_A
287,2023-03-31 23:00:00,2023-04-01 18:08:04,Low,Network,Support_Team_B
288,2023-08-10 00:00:00,2023-08-11 03:58:21,Low,Hardware,Infrastructure
289,2023-02-05 18:00:00,2023-02-06 00:42:27,Medium,Access,DB_Admin
290,2023-03-19 14:00:00,2023-03-20 06:33:33,Low,Access,Security
291,2023-09-05 03:00:00,2023-09-05 10:30:10,Low,Access,DB_Admin
292,2023-06-01 05:00:00,2023-06-02 06:06:46,Low,Database,Infrastructure
293,2023-11-09 16:00:00,2023-11-10 14:58:25,Low,Software,Security
294,2023-10-02 04:00:00,2023-10-02 06:43:09,Critical,Software,Security
295,2023-10-30 19:00:00,2023-10-31 06:32:06,Low,Software,Infrastructure
296,2023-04-12 06:00:00,2023-04-13 02:53:58,Low,Hardware,Infrastructure
297,2023-08-10 23:00:00,2023-08-11 01:46:31,Critical,Database,DB_Admin
298,2023-07-21 07:00:00,2023-07-21 08:39:57,Critical,Database,DB_Admin
299,2023-10-21 16:00:00,2023-10-22 08:59:35,Low,Software,DB_Admin
300,2023-05-27 18:00:00,2023-05-27 22:21:50,Critical,Access,Support_Team_B
301,2023-10-10 11:00:00,2023-10-10 17:14:40,High,Access,Security
302,2023-10-11 23:00:00,2023-10-12 19:14:39,Low,Network,Security
303,2023-08-02 08:00:00,2023-08-02 11:30:44,High,Network,Support_Team_B
304,2023-11-20 18:00:00,2023-11-21 10:24:28,Low,Software,Support_Team_A
305,2023-03-05 15:00:00,2023-03-05 20:08:42,Critical,Software,Infrastructure
306,2023-03-30 19:00:00,2023-03-31 09:03:43,Low,Database,DB_Admin
307,2023-08-14 00:00:00,2023-08-14 19:04:24,Low,Access,Infrastructure
308,2023-10-16 17:00:00,2023-10-17 17:49:09,Low,Network,DB_Admin
309,2023-08-02 07:00:00,2023-08-02 11:23:33,High,Software,DB_Admin
310,2023-12-13 09:00:00,2023-12-13 18:47:08,Medium,Hardware,Security
311,2023-06-03 02:00:00,2023-06-03 20:06:15,Low,Network,DB_Admin
312,2023-09-08 22:00:00,2023-09-09 14:45:13,Low,Network,DB_Admin
313,2023-06-04 09:00:00,2023-06-04 12:50:00,Critical,Database,DB_Admin
314,2023-01-18 22:00:00,2023-01-19 06:27:19,High,Software,Support_Team_B
315,2023-07-06 13:00:00,2023-07-06 17:35:23,High,Network,Infrastructure
316,2023-01-05 04:00:00,2023-01-05 16:18:14,Medium,Hardware,DB_Admin
317,2023-10-01 14:00:00,2023-10-02 10:50:48,Low,Hardware,Support_Team_A
318,2023-03-04 15:00:00,2023-03-05 07:56:39,Medium,Access,Security
319,2023-11-06 16:00:00,2023-11-07 00:25:34,High,Hardware,Infrastructure
320,2023-08-01 17:00:00,2023-08-01 23:23:02,High,Database,DB_Admin
321,2023-02-27 23:00:00,2023-02-28 19:40:03,Low,Hardware,Support_Team_B
322,2023-02-03 23:00:00,2023-02-04 15:04:12,Low,Network,Security
323,2023-10-17 11:00:00,2023-10-17 16:29:34,Critical,Database,Security
324,2023-10-10 17:00:00,2023-10-10 23:09:49,High,Hardware,DB_Admin
325,2023-03-19 16:00:00,2023-03-19 22:32:05,High,Access,Support_Team_A
326,2023-07-13 08:00:00,2023-07-13 10:14:39,Critical,Database,Infrastructure
327,2023-02-01 00:00:00,2023-02-01 08:24:22,Medium,Access,DB_Admin
328,2023-02-07 09:00:00,2023-02-08 10:25:46,Low,Hardware,Infrastructure
329,2023-05-25 04:00:00,2023-05-25 18:13:52,Medium,Network,Infrastructure
330,2023-08-12 23:00:00,2023-08-13 13:40:27,Low,Software,Security
331,2023-10-21 23:00:00,2023-10-22 13:07:07,Medium,Hardware,Security
332,2023-12-30 13:00:00,2023-12-30 17:05:53,Medium,Database,DB_Admin
333,2023-08-30 18:00:00,2023-08-31 07:57:05,Low,Access,Support_Team_A
334,2023-10-25 19:00:00,2023-10-26 13:55:58,Low,Access,Support_Team_A
335,2023-08-02 17:00:00,2023-08-02 20:10:13,Critical,Database,Security
336,2023-10-13 03:00:00,2023-10-13 09:52:25,High,Software,Security
337,2023-01-15 05:00:00,2023-01-15 05:53:31,High,Hardware,DB_Admin
338,2023-11-11 02:00:00,2023-11-11 05:39:35,High,Software,Security
339,2023-03-14 06:00:00,2023-03-14 21:02:11,Medium,Access,DB_Admin
340,2023-10-01 08:00:00,2023-10-02 01:16:07,Low,Access,Infrastructure
341,2023-08-20 18:00:00,2023-08-21 08:19:01,Medium,Network,Support_Team_B
342,2023-02-22 03:00:00,2023-02-23 04:58:58,Low,Database,DB_Admin
343,2023-05-13 08:00:00,2023-05-13 13:39:14,High,Network,Support_Team_B
344,2023-06-11 07:00:00,2023-06-11 20:08:25,Low,Hardware,Infrastructure
345,2023-05-15 16:00:00,2023-05-16 08:09:34,Medium,Database,Support_Team_B
346,2023-02-21 10:00:00,2023-02-21 20:02:54,Medium,Access,Security
347,2023-11-03 10:00:00,2023-11-03 18:36:12,High,Network,Support_Team_B
348,2023-10-28 05:00:00,2023-10-29 01:09:36,Low,Access,Security
349,2023-07-26 17:00:00,2023-07-26 22:16:09,High,Database,Support_Team_A
350,2023-08-29 06:00:00,2023-08-29 19:15:51,Low,Network,Security
351,2023-11-05 12:00:00,2023-11-06 02:45:55,Low,Software,Infrastructure
352,2023-07-15 23:00:00,2023-07-16 23:58:48,Low,Software,DB_Admin
353,2023-12-13 03:00:00,2023-12-13 06:33:22,Critical,Access,DB_Admin
354,2023-01-29 00:00:00,2023-01-29 03:55:40,Critical,Database,Support_Team_B
355,2023-08-08 11:00:00,2023-08-08 14:30:28,Critical,Database,Support_Team_B
356,2023-02-12 05:00:00,2023-02-12 07:09:38,Critical,Software,Infrastructure
357,2023-02-27 13:00:00,2023-02-27 17:08:04,Medium,Software,Support_Team_B
358,2023-10-26 20:00:00,2023-10-26 23:48:56,Critical,Database,DB_Admin
359,2023-04-19 08:00:00,2023-04-19 13:39:56,High,Network,Infrastructure
360,2023-09-22 11:00:00,2023-09-22 14:44:05,Critical,Network,DB_Admin
361,2023-02-05 17:00:00,2023-02-05 23:21:43,High,Software,Infrastructure
362,2023-03-06 12:00:00,2023-03-06 15:35:10,Critical,Network,Infrastructure
363,2023-04-13 15:00:00,2023-04-13 21:37:03,High,Software,DB_Admin
364,2023-04-07 13:00:00,2023-04-07 20:07:51,High,Network,Security
365,2023-03-30 00:00:00,2023-03-30 23:46:00,Low,Network,DB_Admin
366,2023-09-15 03:00:00,2023-09-15 08:34:55,High,Hardware,DB_Admin
367,2023-03-05 19:00:00,2023-03-05 22:23:40,Critical,Database,Infrastructure
368,2023-01-13 10:00:00,2023-01-13 18:23:35,High,Network,Support_Team_B
369,2023-05-27 05:00:00,2023-05-27 09:25:48,High,Access,Support_Team_B
370,2023-06-04 15:00:00,2023-06-05 04:40:41,Medium,Hardware,Support_Team_A
371,2023-07-21 22:00:00,2023-07-22 21:36:42,Low,Database,DB_Admin
372,2023-12-26 10:00:00,2023-12-27 07:07:24,Low,Network,DB_Admin
373,2023-03-31 11:00:00,2023-03-31 16:33:29,Critical,Hardware,Support_Team_B
374,2023-05-04 10:00:00,2023-05-04 22:44:17,Medium,Access,Support_Team_A
375,2023-10-08 11:00:00,2023-10-08 19:02:53,High,Hardware,Security
376,2023-07-14 12:00:00,2023-07-14 14:59:47,Critical,Hardware,DB_Admin
377,2023-06-13 06:00:00,2023-06-13 13:23:33,High,Access,Support_Team_B
378,2023-09-09 02:00:00,2023-09-09 04:48:22,Critical,Access,Infrastructure
379,2023-09-18 16:00:00,2023-09-18 18:52:41,Critical,Hardware,Support_Team_B
380,2023-04-05 11:00:00,2023-04-05 14:57:05,High,Software,Security
381,2023-09-11 09:00:00,2023-09-12 11:06:18,Low,Database,Support_Team_A
382,2023-07-14 14:00:00,2023-07-15 08:08:20,Low,Hardware,Infrastructure
383,2023-11-03 17:00:00,2023-11-04 00:31:17,Medium,Access,Support_Team_A
384,2023-06-01 13:00:00,2023-06-01 14:24:19,Critical,Network,Support_Team_A
385,2023-10-11 05:00:00,2023-10-12 03:34:04,Low,Access,DB_Admin
386,2023-09-13 06:00:00,2023-09-14 01:05:20,Medium,Access,Support_Team_A
387,2023-09-13 22:00:00,2023-09-14 11:52:30,Medium,Software,Infrastructure
388,2023-03-09 15:00:00,2023-03-09 20:47:58,High,Hardware,Support_Team_B
389,2023-01-27 03:00:00,2023-01-27 08:32:49,High,Access,Support_Team_B
390,2023-11-17 05:00:00,2023-11-17 07:43:43,Critical,Database,Support_Team_A
391,2023-02-24 02:00:00,2023-02-24 21:53:35,Low,Network,Support_Team_B
392,2023-04-13 01:00:00,2023-04-13 04:30:57,Critical,Software,Infrastructure
393,2023-06-12 05:00:00,2023-06-12 12:35:18,High,Software,Support_Team_A
394,2023-06-12 18:00:00,2023-06-12 20:57:51,Critical,Database,Security
395,2023-02-12 21:00:00,2023-02-13 08:55:27,Low,Access,DB_Admin
396,2023-01-12 05:00:00,2023-01-12 21:35:40,Medium,Hardware,Infrastructure
397,2023-10-21 00:00:00,2023-10-21 22:08:38,Low,Database,Infrastructure
398,2023-06-14 05:00:00,2023-06-14 05:30:00,Critical,Hardware,Support_Team_A
399,2023-12-24 08:00:00,2023-12-24 09:16:26,High,Software,DB_Admin
400,2023-12-13 08:00:00,2023-12-14 07:05:44,Low,Access,Security
401,2023-01-30 17:00:00,2023-01-30 19:12:02,Critical,Network,Infrastructure
402,2023-01-12 02:00:00,2023-01-12 08:14:43,High,Software,Infrastructure
403,2023-06-14 14:00:00,2023-06-15 11:36:55,Low,Database,Infrastructure
404,2023-04-02 01:00:00,2023-04-03 01:24:55,Low,Network,DB_Admin
405,2023-08-20 02:00:00,2023-08-20 10:59:34,Medium,Access,Security
406,2023-05-05 10:00:00,2023-05-05 16:14:48,Medium,Software,Security
407,2023-01-26 05:00:00,2023-01-26 10:06:19,High,Hardware,Support_Team_A
408,2023-05-17 04:00:00,2023-05-18 00:20:21,Low,Network,Infrastructure
409,2023-12-18 20:00:00,2023-12-18 22:35:46,Critical,Database,Security
410,2023-06-22 22:00:00,2023-06-23 13:13:27,Low,Hardware,Infrastructure
411,2023-09-01 16:00:00,2023-09-02 12:07:15,Low,Network,Infrastructure
412,2023-03-26 23:00:00,2023-03-27 04:37:32,High,Access,Security
413,2023-10-28 04:00:00,2023-10-28 07:19:32,Critical,Network,Support_Team_B
414,2023-12-05 17:00:00,2023-12-05 19:42:16,Critical,Network,DB_Admin
415,2023-07-02 01:00:00,2023-07-02 21:50:32,Low,Access,Support_Team_A
416,2023-10-21 23:00:00,2023-10-22 10:31:39,Medium,Database,Infrastructure
417,2023-08-08 06:00:00,2023-08-09 08:29:05,Low,Software,Infrastructure
418,2023-07-21 19:00:00,2023-07-22 00:31:19,High,Access,DB_Admin
419,2023-10-18 21:00:00,2023-10-19 05:18:37,Medium,Access,Infrastructure
420,2023-11-02 05:00:00,2023-11-03 07:05:08,Low,Network,DB_Admin
421,2023-10-24 22:00:00,2023-10-25 02:11:33,High,Software,Support_Team_A
422,2023-10-05 07:00:00,2023-10-05 12:04:14,High,Database,Support_Team_B
423,2023-01-22 06:00:00,2023-01-22 16:57:51,Medium,Database,Security
424,2023-01-24 18:00:00,2023-01-25 00:36:57,Medium,Software,Support_Team_B
425,2023-09-08 01:00:00,2023-09-08 08:01:40,High,Access,DB_Admin
426,2023-01-23 02:00:00,2023-01-23 15:57:24,Medium,Access,Infrastructure
427,2023-09-11 23:00:00,2023-09-12 03:53:59,Critical,Software,DB_Admin
428,2023-04-04 23:00:00,2023-04-05 07:12:50,High,Access,Infrastructure
429,2023-07-10 06:00:00,2023-07-10 21:23:22,Medium,Software,Support_Team_A
430,2023-05-08 00:00:00,2023-05-08 02:33:52,Critical,Database,Security
431,2023-03-22 09:00:00,2023-03-22 16:28:39,High,Network,Security
432,2023-05-27 11:00:00,2023-05-27 15:55:41,High,Access,Support_Team_B
433,2023-03-25 17:00:00,2023-03-26 12:21:09,Medium,Software,Security
434,2023-04-28 20:00:00,2023-04-28 21:23:01,Critical,Software,Infrastructure
435,2023-08-26 04:00:00,2023-08-26 18:43:53,Low,Database,DB_Admin
436,2023-07-18 05:00:00,2023-07-18 11:08:24,High,Hardware,Support_Team_B
437,2023-09-04 18:00:00,2023-09-05 06:57:12,Medium,Software,Support_Team_B
438,2023-04-05 19:00:00,2023-04-06 11:00:15,Medium,Access,Support_Team_A
439,2023-09-04 08:00:00,2023-09-04 15:01:20,High,Access,DB_Admin
440,2023-03-30 14:00:00,2023-03-31 09:18:45,Low,Software,Infrastructure
441,2023-09-29 19:00:00,2023-09-29 20:23:52,Critical,Database,Security
442,2023-10-07 12:00:00,2023-10-08 06:46:10,Low,Hardware,Infrastructure
443,2023-02-20 15:00:00,2023-02-20 19:41:42,Critical,Access,DB_Admin
444,2023-08-24 04:00:00,2023-08-24 16:46:42,Medium,Database,DB_Admin
445,2023-05-05 05:00:00,2023-05-05 16:51:06,Medium,Access,DB_Admin
446,2023-02-07 19:00:00,2023-02-08 07:58:06,Low,Database,Support_Team_B
447,2023-07-27 14:00:00,2023-07-27 20:10:11,Medium,Hardware,Infrastructure
448,2023-06-03 22:00:00,2023-06-04 00:14:58,High,Database,Infrastructure
449,2023-02-23 20:00:00,2023-02-24 02:25:35,High,Hardware,DB_Admin
450,2023-07-07 08:00:00,2023-07-07 16:48:57,Medium,Network,DB_Admin
451,2023-12-31 04:00:00,2024-01-01 09:30:21,Low,Database,Support_Team_B
452,2023-04-16 06:00:00,2023-04-16 11:39:48,Medium,Database,DB_Admin
453,2023-08-19 11:00:00,2023-08-19 23:05:38,Low,Software,Support_Team_A
454,2023-02-01 00:00:00,2023-02-01 05:27:46,High,Hardware,DB_Admin
455,2023-10-12 09:00:00,2023-10-12 18:14:27,Low,Access,DB_Admin
456,2023-07-17 17:00:00,2023-07-17 22:33:01,High,Access,Support_Team_B
457,2023-10-05 05:00:00,2023-10-05 08:49:09,High,Access,Support_Team_A
458,2023-02-10 21:00:00,2023-02-11 09:04:31,Medium,Access,Security
459,2023-11-27 13:00:00,2023-11-27 16:21:41,Critical,Hardware,Infrastructure
460,2023-04-09 01:00:00,2023-04-09 06:56:00,High,Network,Infrastructure
461,2023-09-30 04:00:00,2023-09-30 08:28:21,Medium,Network,DB_Admin
462,2023-03-14 11:00:00,2023-03-14 19:31:53,High,Hardware,Security
463,2023-03-25 15:00:00,2023-03-25 19:42:27,High,Access,Support_Team_B
464,2023-04-07 04:00:00,2023-04-07 18:01:54,Low,Software,Infrastructure
465,2023-09-20 05:00:00,2023-09-20 08:15:37,Critical,Hardware,Support_Team_B
466,2023-08-12 12:00:00,2023-08-12 19:35:13,High,Hardware,Support_Team_B
467,2023-12-07 03:00:00,2023-12-07 07:07:36,Critical,Access,Infrastructure
468,2023-12-06 12:00:00,2023-12-07 02:32:42,Low,Software,Security
469,2023-12-12 01:00:00,2023-12-12 05:23:44,Critical,Hardware,Support_Team_B
470,2023-08-29 21:00:00,2023-08-30 14:11:20,Low,Software,Infrastructure
471,2023-12-04 20:00:00,2023-12-04 22:24:27,Critical,Network,DB_Admin
472,2023-01-06 13:00:00,2023-01-07 08:52:04,Low,Access,Support_Team_B
473,2023-06-30 13:00:00,2023-06-30 20:05:33,High,Access,Infrastructure
474,2023-01-31 21:00:00,2023-01-31 23:37:47,Critical,Software,DB_Admin
475,2023-05-13 21:00:00,2023-05-14 04:07:18,High,Database,Infrastructure
476,2023-02-20 04:00:00,2023-02-20 07:22:10,Critical,Database,Security
477,2023-07-10 22:00:00,2023-07-11 17:27:48,Low,Hardware,Support_Team_A
478,2023-09-26 21:00:00,2023-09-27 06:27:54,High,Network,DB_Admin
479,2023-09-07 14:00:00,2023-09-08 04:00:12,Medium,Hardware,DB_Admin
480,2023-12-14 13:00:00,2023-12-14 15:31:40,Critical,Database,Support_Team_A
481,2023-01-31 22:00:00,2023-02-01 08:06:12,Low,Hardware,Infrastructure
482,2023-11-20 09:00:00,2023-11-20 11:42:50,Critical,Hardware,DB_Admin
483,2023-12-18 22:00:00,2023-12-19 17:50:00,Medium,Network,DB_Admin
484,2023-08-06 10:00:00,2023-08-06 21:34:34,Medium,Access,DB_Admin
485,2023-07-24 06:00:00,2023-07-24 14:10:17,High,Database,DB_Admin
486,2023-12-30 09:00:00,2023-12-30 11:39:24,Critical,Database,Infrastructure
487,2023-11-21 04:00:00,2023-11-22 03:06:28,Low,Network,Infrastructure
488,2023-03-16 19:00:00,2023-03-16 23:15:42,Critical,Database,Infrastructure
489,2023-01-19 04:00:00,2023-01-19 08:22:27,Critical,Network,DB_Admin
490,2023-06-05 08:00:00,2023-06-05 17:19:17,Low,Database,Security
491,2023-04-27 09:00:00,2023-04-27 12:38:42,Critical,Hardware,Support_Team_B
492,2023-01-22 13:00:00,2023-01-23 11:46:40,Low,Hardware,Support_Team_A
493,2023-10-29 01:00:00,2023-10-29 08:11:13,High,Access,Support_Team_B
494,2023-10-09 21:00:00,2023-10-10 09:46:44,Medium,Access,DB_Admin
495,2023-11-18 22:00:00,2023-11-19 23:37:14,Low,Hardware,DB_Admin
496,2023-05-22 13:00:00,2023-05-22 17:44:47,High,Access,DB_Admin
497,2023-09-15 05:00:00,2023-09-15 12:27:00,High,Hardware,Security
498,2023-12-30 22:00:00,2023-12-31 05:36:02,High,Database,Infrastructure
499,2023-06-30 11:00:00,2023-06-30 15:04:12,Critical,Hardware,Support_Team_B
500,2023-07-10 11:00:00,2023-07-10 16:40:25,High,Hardware,Infrastructure
501,2023-07-17 07:00:00,2023-07-17 18:25:18,Medium,Access,Infrastructure
502,2023-11-24 13:00:00,2023-11-24 19:00:08,High,Database,Infrastructure
503,2023-07-16 11:00:00,2023-07-17 10:17:46,Low,Database,DB_Admin
504,2023-09-17 04:00:00,2023-09-17 06:48:22,Critical,Network,Support_Team_B
505,2023-07-18 06:00:00,2023-07-19 00:40:38,Low,Network,Support_Team_A
506,2023-08-25 10:00:00,2023-08-25 11:41:28,Critical,Network,Security
507,2023-05-27 01:00:00,2023-05-27 13:44:07,Medium,Database,Infrastructure
508,2023-07-05 10:00:00,2023-07-05 20:02:00,Medium,Software,DB_Admin
509,2023-06-13 08:00:00,2023-06-13 22:01:18,Medium,Software,DB_Admin
510,2023-06-04 01:00:00,2023-06-04 10:57:50,Medium,Software,Support_Team_A
511,2023-10-10 03:00:00,2023-10-10 07:57:06,High,Access,Support_Team_A
512,2023-04-04 20:00:00,2023-04-05 11:53:16,Low,Database,Support_Team_B
513,2023-10-05 18:00:00,2023-10-05 20:07:58,Critical,Access,Support_Team_B
514,2023-07-16 02:00:00,2023-07-16 05:18:29,High,Network,Support_Team_A
515,2023-03-03 01:00:00,2023-03-03 16:29:51,Medium,Database,Support_Team_A
516,2023-04-30 12:00:00,2023-04-30 14:53:48,Critical,Hardware,Support_Team_A
517,2023-09-29 00:00:00,2023-09-29 02:51:56,Critical,Hardware,Infrastructure
518,2023-01-26 13:00:00,2023-01-27 16:06:49,Low,Network,DB_Admin
519,2023-03-15 06:00:00,2023-03-15 10:45:52,High,Network,Security
520,2023-12-24 22:00:00,2023-12-25 00:32:59,Critical,Hardware,DB_Admin
521,2023-11-16 12:00:00,2023-11-16 15:06:44,High,Hardware,Support_Team_A
522,2023-08-14 17:00:00,2023-08-15 00:07:01,Medium,Access,Infrastructure
523,2023-05-08 02:00:00,2023-05-08 19:44:01,Low,Network,Infrastructure
524,2023-05-12 20:00:00,2023-05-13 03:26:40,Medium,Database,Security
525,2023-10-19 23:00:00,2023-10-20 01:53:32,High,Software,Security
526,2023-03-07 02:00:00,2023-03-07 10:23:30,Medium,Hardware,Security
527,2023-08-09 21:00:00,2023-08-10 15:34:14,Medium,Software,Infrastructure
528,2023-09-19 20:00:00,2023-09-20 10:24:45,Medium,Access,Infrastructure
529,2023-08-14 00:00:00,2023-08-14 07:28:53,High,Database,DB_Admin
530,2023-01-08 19:00:00,2023-01-08 19:52:31,High,Network,Support_Team_B
531,2023-02-12 09:00:00,2023-02-13 17:03:47,Low,Access,Infrastructure
532,2023-04-20 00:00:00,2023-04-20 04:06:51,Critical,Database,Infrastructure
533,2023-03-22 03:00:00,2023-03-22 09:52:37,High,Network,DB_Admin
534,2023-05-31 18:00:00,2023-06-01 08:22:02,Medium,Hardware,Security
535,2023-04-15 13:00:00,2023-04-15 14:31:56,Critical,Database,Infrastructure
536,2023-10-11 21:00:00,2023-10-12 00:14:38,Critical,Database,Support_Team_B
537,2023-06-18 22:00:00,2023-06-19 16:53:02,Low,Database,Security
538,2023-12-27 13:00:00,2023-12-27 18:38:53,High,Software,DB_Admin
539,2023-03-18 14:00:00,2023-03-19 10:06:15,Low,Database,DB_Admin
540,2023-05-19 00:00:00,2023-05-19 10:43:44,Medium,Hardware,Infrastructure
541,2023-12-22 05:00:00,2023-12-22 09:08:24,Critical,Software,Support_Team_B
542,2023-11-30 16:00:00,2023-12-01 19:54:09,Low,Database,Security
543,2023-02-07 23:00:00,2023-02-08 01:55:26,Critical,Hardware,DB_Admin
544,2023-10-11 14:00:00,2023-10-11 19:05:22,Critical,Database,Support_Team_A
545,2023-11-12 15:00:00,2023-11-13 01:02:49,High,Software,Security
546,2023-06-23 17:00:00,2023-06-24 12:02:59,Low,Hardware,DB_Admin
547,2023-02-19 20:00:00,2023-02-20 04:56:26,Low,Access,Infrastructure
548,2023-02-13 12:00:00,2023-02-14 05:51:13,Low,Software,Security
549,2023-01-22 15:00:00,2023-01-22 21:22:45,High,Access,Support_Team_B
550,2023-04-03 10:00:00,2023-04-03 13:29:16,Critical,Network,Security
551,2023-11-03 04:00:00,2023-11-03 05:42:24,Critical,Access,Support_Team_A
552,2023-04-01 18:00:00,2023-04-02 02:58:05,High,Software,Support_Team_B
553,2023-09-26 07:00:00,2023-09-26 18:59:49,Medium,Hardware,Support_Team_A
554,2023-01-16 12:00:00,2023-01-16 17:03:35,High,Access,DB_Admin
555,2023-10-17 12:00:00,2023-10-17 14:45:10,Critical,Hardware,Support_Team_B
556,2023-11-11 10:00:00,2023-11-11 17:29:18,High,Hardware,Infrastructure
557,2023-05-09 16:00:00,2023-05-10 08:45:11,Low,Software,Security
558,2023-01-11 16:00:00,2023-01-12 08:01:48,Medium,Hardware,Support_Team_A
559,2023-03-10 21:00:00,2023-03-11 07:08:58,Low,Access,DB_Admin
560,2023-02-03 05:00:00,2023-02-03 13:11:03,Medium,Software,Security
561,2023-10-27 15:00:00,2023-10-28 05:20:15,Medium,Database,Support_Team_B
562,2023-02-08 12:00:00,2023-02-09 00:25:02,Medium,Database,Infrastructure
563,2023-06-09 20:00:00,2023-06-10 01:44:41,High,Database,DB_Admin
564,2023-08-07 21:00:00,2023-08-08 08:57:05,Medium,Network,Support_Team_B
565,2023-12-22 20:00:00,2023-12-23 06:19:01,Medium,Access,Infrastructure
566,2023-07-07 20:00:00,2023-07-08 18:11:01,Low,Database,DB_Admin
567,2023-04-30 13:00:00,2023-04-30 16:19:10,Critical,Database,Security
568,2023-02-02 00:00:00,2023-02-02 06:41:43,High,Access,DB_Admin
569,2023-08-06 14:00:00,2023-08-06 15:54:51,Critical,Access,Support_Team_B
570,2023-07-24 17:00:00,2023-07-24 20:27:45,Critical,Hardware,DB_Admin
571,2023-11-20 06:00:00,2023-11-20 15:17:23,Medium,Hardware,Infrastructure
572,2023-04-09 13:00:00,2023-04-09 15:44:54,Critical,Software,DB_Admin
573,2023-10-09 17:00:00,2023-10-09 20:58:43,Critical,Database,DB_Admin
574,2023-04-02 12:00:00,2023-04-02 15:31:21,Critical,Hardware,Infrastructure
575,2023-05-19 19:00:00,2023-05-20 02:18:03,High,Software,Security
576,2023-09-11 07:00:00,2023-09-12 08:15:35,Low,Database,Support_Team_B
577,2023-02-05 04:00:00,2023-02-05 11:12:48,High,Access,DB_Admin
578,2023-01-27 23:00:00,2023-01-28 21:40:21,Low,Hardware,DB_Admin
579,2023-05-29 03:00:00,2023-05-29 06:25:17,Critical,Hardware,Infrastructure
580,2023-07-26 23:00:00,2023-07-27 23:11:40,Low,Hardware,Support_Team_B
581,2023-03-22 02:00:00,2023-03-22 06:40:28,Critical,Hardware,DB_Admin
582,2023-05-20 14:00:00,2023-05-20 16:36:46,Critical,Hardware,DB_Admin
583,2023-08-08 13:00:00,2023-08-08 18:24:43,High,Access,Security
584,2023-12-31 07:00:00,2023-12-31 14:46:50,High,Network,Infrastructure
585,2023-09-03 12:00:00,2023-09-03 14:20:22,Critical,Access,Support_Team_A
586,2023-11-17 12:00:00,2023-11-17 18:59:02,High,Hardware,Infrastructure
587,2023-08-02 14:00:00,2023-08-02 16:08:14,Critical,Software,DB_Admin
588,2023-06-01 01:00:00,2023-06-01 11:25:55,Medium,Software,Infrastructure
589,2023-10-13 01:00:00,2023-10-13 09:25:25,High,Hardware,Support_Team_B
590,2023-08-14 04:00:00,2023-08-14 16:34:24,Medium,Access,DB_Admin
591,2023-06-17 18:00:00,2023-06-17 22:06:45,Critical,Database,Infrastructure
592,2023-06-25 16:00:00,2023-06-25 17:17:33,Critical,Access,Security
593,2023-04-25 20:00:00,2023-04-26 01:41:17,High,Hardware,Support_Team_B
594,2023-11-30 08:00:00,2023-11-30 22:00:25,Medium,Database,Support_Team_A
595,2023-12-24 16:00:00,2023-12-25 10:12:04,Low,Software,Support_Team_A
596,2023-01-05 08:00:00,2023-01-05 10:57:04,Critical,Hardware,Support_Team_B
597,2023-02-16 09:00:00,2023-02-16 17:57:57,Medium,Software,Support_Team_B
598,2023-12-12 05:00:00,2023-12-12 07:04:13,Critical,Network,Support_Team_A
599,2023-11-26 20:00:00,2023-11-26 21:33:01,Critical,Software,Support_Team_A
600,2023-12-30 07:00:00,2023-12-30 10:04:09,Critical,Software,Support_Team_A
601,2023-12-28 09:00:00,2023-12-28 13:54:23,High,Database,Infrastructure
602,2023-01-12 16:00:00,2023-01-12 19:49:47,Critical,Hardware,Support_Team_A
603,2023-03-07 18:00:00,2023-03-08 01:24:25,Medium,Hardware,Support_Team_B
604,2023-12-26 09:00:00,2023-12-26 17:02:07,High,Network,Infrastructure
605,2023-09-28 22:00:00,2023-09-29 20:45:26,Low,Network,Security
606,2023-11-10 08:00:00,2023-11-11 00:40:42,Medium,Hardware,Infrastructure
607,2023-02-25 00:00:00,2023-02-25 12:20:40,Low,Software,Security
608,2023-09-16 21:00:00,2023-09-16 22:58:49,Critical,Database,Security
609,2023-02-08 07:00:00,2023-02-09 02:52:56,Low,Hardware,Support_Team_A
610,2023-12-08 05:00:00,2023-12-08 06:23:36,Critical,Network,DB_Admin
611,2023-03-07 02:00:00,2023-03-08 06:44:52,Low,Hardware,Support_Team_B
612,2023-11-21 14:00:00,2023-11-21 20:35:18,High,Software,Support_Team_A
613,2023-07-11 09:00:00,2023-07-12 01:04:52,Low,Hardware,Infrastructure
614,2023-01-11 16:00:00,2023-01-12 01:08:13,Medium,Database,Support_Team_B
615,2023-09-29 21:00:00,2023-09-30 14:05:59,Low,Network,Support_Team_B
616,2023-06-14 03:00:00,2023-06-14 04:45:44,Critical,Database,Infrastructure
617,2023-09-20 00:00:00,2023-09-20 15:32:56,Medium,Software,DB_Admin
618,2023-08-25 02:00:00,2023-08-26 01:24:59,Low,Software,Security
619,2023-06-08 11:00:00,2023-06-09 03:04:12,Low,Network,DB_Admin
620,2023-09-28 19:00:00,2023-09-28 22:19:22,High,Software,Infrastructure
621,2023-11-04 13:00:00,2023-11-04 15:14:00,Critical,Hardware,Infrastructure
622,2023-09-14 06:00:00,2023-09-14 08:57:16,Critical,Hardware,DB_Admin
623,2023-09-17 11:00:00,2023-09-18 07:07:36,Low,Database,Infrastructure
624,2023-06-18 05:00:00,2023-06-18 22:32:03,Low,Software,Infrastructure
625,2023-04-16 06:00:00,2023-04-16 09:20:24,Critical,Hardware,Security
626,2023-08-05 04:00:00,2023-08-05 09:20:14,High,Software,Support_Team_A
627,2023-01-04 13:00:00,2023-01-05 00:53:53,High,Access,Infrastructure
628,2023-07-04 03:00:00,2023-07-04 16:14:40,Low,Hardware,Support_Team_A
629,2023-05-08 22:00:00,2023-05-09 01:19:40,Critical,Access,DB_Admin
630,2023-12-16 19:00:00,2023-12-16 21:08:54,Critical,Software,Support_Team_A
631,2023-03-03 04:00:00,2023-03-03 10:44:05,High,Database,Support_Team_A
632,2023-08-10 11:00:00,2023-08-10 14:36:24,Critical,Software,Infrastructure
633,2023-10-10 11:00:00,2023-10-10 13:04:25,Critical,Software,DB_Admin
634,2023-06-15 17:00:00,2023-06-16 01:19:30,Medium,Access,Support_Team_B
635,2023-04-05 18:00:00,2023-04-05 21:30:30,High,Network,Infrastructure
636,2023-12-03 15:00:00,2023-12-03 21:57:57,Medium,Software,Support_Team_B
637,2023-10-24 17:00:00,2023-10-24 20:14:41,High,Access,Infrastructure
638,2023-11-27 13:00:00,2023-11-28 14:06:24,Low,Network,Infrastructure
639,2023-06-18 08:00:00,2023-06-18 11:32:04,Critical,Database,DB_Admin
640,2023-05-14 11:00:00,2023-05-14 14:55:27,Critical,Software,Support_Team_B
641,2023-07-27 23:00:00,2023-07-28 13:55:49,Low,Access,Infrastructure
642,2023-09-17 08:00:00,2023-09-17 12:00:30,High,Access,Infrastructure
643,2023-10-21 23:00:00,2023-10-22 10:03:41,Medium,Network,Infrastructure
644,2023-05-18 02:00:00,2023-05-18 03:53:16,Critical,Network,Support_Team_B
645,2023-09-29 20:00:00,2023-09-30 02:33:40,High,Network,Security
646,2023-06-15 11:00:00,2023-06-15 16:53:37,High,Access,Infrastructure
647,2023-09-26 05:00:00,2023-09-26 08:21:41,High,Software,DB_Admin
648,2023-05-17 09:00:00,2023-05-17 20:44:45,Medium,Database,Support_Team_A
649,2023-11-12 03:00:00,2023-11-12 15:13:55,Medium,Access,Infrastructure
650,2023-02-17 05:00:00,2023-02-17 07:30:29,Critical,Access,Support_Team_B
651,2023-07-26 17:00:00,2023-07-27 07:28:43,Medium,Network,Support_Team_B
652,2023-10-16 20:00:00,2023-10-16 20:47:39,Critical,Software,Security
653,2023-11-24 03:00:00,2023-11-24 04:51:44,Critical,Database,DB_Admin
654,2023-10-13 13:00:00,2023-10-14 07:59:33,Low,Network,DB_Admin
655,2023-02-28 00:00:00,2023-02-28 16:19:44,Low,Hardware,Infrastructure
656,2023-04-24 13:00:00,2023-04-25 12:31:21,Low,Database,Security
657,2023-08-15 08:00:00,2023-08-15 11:41:52,Critical,Software,Support_Team_A
658,2023-03-09 07:00:00,2023-03-09 13:35:35,High,Hardware,DB_Admin
659,2023-12-21 03:00:00,2023-12-21 16:14:42,Medium,Access,Infrastructure
660,2023-09-25 00:00:00,2023-09-25 03:23:52,Critical,Database,DB_Admin
661,2023-04-13 21:00:00,2023-04-14 01:18:17,High,Software,Security
662,2023-03-13 08:00:00,2023-03-13 13:15:32,High,Access,Support_Team_A
663,2023-03-21 05:00:00,2023-03-21 20:36:32,Medium,Network,Infrastructure
664,2023-08-23 04:00:00,2023-08-23 07:51:16,Critical,Hardware,DB_Admin
665,2023-11-26 16:00:00,2023-11-26 22:20:37,High,Access,Support_Team_A
666,2023-10-27 02:00:00,2023-10-27 04:03:05,Critical,Network,Support_Team_A
667,2023-07-24 23:00:00,2023-07-25 21:18:57,Low,Software,Support_Team_A
668,2023-08-23 04:00:00,2023-08-24 02:45:41,Low,Hardware,Support_Team_B
669,2023-12-19 06:00:00,2023-12-19 15:50:40,Medium,Database,Support_Team_B
670,2023-08-14 22:00:00,2023-08-15 00:44:11,Critical,Access,Support_Team_B
671,2023-10-04 12:00:00,2023-10-04 22:47:30,Medium,Hardware,Security
672,2023-09-28 01:00:00,2023-09-28 22:40:31,Low,Database,Support_Team_B
673,2023-11-03 21:00:00,2023-11-03 23:45:21,Critical,Access,Support_Team_A
674,2023-05-27 15:00:00,2023-05-28 02:27:43,Medium,Network,Support_Team_A
675,2023-03-11 11:00:00,2023-03-11 17:45:04,Medium,Network,Infrastructure
676,2023-05-15 12:00:00,2023-05-15 16:01:25,Critical,Software,Infrastructure
677,2023-12-01 03:00:00,2023-12-01 09:17:23,High,Database,Security
678,2023-09-25 23:00:00,2023-09-26 17:14:34,Low,Network,Infrastructure
679,2023-11-09 13:00:00,2023-11-09 19:24:09,Medium,Network,DB_Admin
680,2023-02-27 20:00:00,2023-02-28 11:32:27,Medium,Network,Support_Team_A
681,2023-06-12 20:00:00,2023-06-12 23:52:55,High,Software,Support_Team_B
682,2023-09-12 20:00:00,2023-09-13 08:00:53,Medium,Database,Security
683,2023-10-13 12:00:00,2023-10-13 22:03:31,Medium,Database,Security
684,2023-10-16 19:00:00,2023-10-17 03:28:50,Medium,Access,DB_Admin
685,2023-04-29 06:00:00,2023-04-29 19:22:09,Medium,Access,Infrastructure
686,2023-04-06 18:00:00,2023-04-07 07:51:11,Medium,Network,Security
687,2023-02-06 14:00:00,2023-02-06 20:28:57,High,Software,Security
688,2023-04-04 04:00:00,2023-04-04 15:10:55,Medium,Access,DB_Admin
689,2023-12-12 01:00:00,2023-12-12 03:32:54,Critical,Access,Security
690,2023-10-11 17:00:00,2023-10-11 20:37:21,Critical,Access,Support_Team_B
691,2023-02-26 10:00:00,2023-02-27 09:08:51,Low,Hardware,Infrastructure
692,2023-01-23 07:00:00,2023-01-23 12:55:57,High,Hardware,DB_Admin
693,2023-07-17 01:00:00,2023-07-17 12:12:50,Medium,Access,DB_Admin
694,2023-12-05 03:00:00,2023-12-05 22:06:58,Low,Database,Support_Team_A
695,2023-07-02 21:00:00,2023-07-03 02:52:35,High,Database,Support_Team_A
696,2023-10-29 07:00:00,2023-10-29 16:24:03,Medium,Access,Support_Team_A
697,2023-06-18 23:00:00,2023-06-19 03:27:36,High,Software,Security
698,2023-06-29 09:00:00,2023-06-29 16:11:24,High,Software,Security
699,2023-03-22 03:00:00,2023-03-22 11:17:35,Medium,Hardware,DB_Admin
700,2023-08-28 08:00:00,2023-08-28 11:18:03,Critical,Hardware,DB_Admin
701,2023-04-06 01:00:00,2023-04-06 23:46:19,Medium,Hardware,Support_Team_A
702,2023-08-28 11:00:00,2023-08-28 16:50:19,High,Database,DB_Admin
703,2023-04-25 22:00:00,2023-04-26 03:45:59,High,Network,Infrastructure
704,2023-07-02 12:00:00,2023-07-03 16:41:39,Low,Hardware,Security
705,2023-02-10 11:00:00,2023-02-10 17:47:15,High,Hardware,Support_Team_B
706,2023-06-20 10:00:00,2023-06-21 01:22:50,Medium,Network,Support_Team_B
707,2023-09-26 02:00:00,2023-09-26 04:56:16,Critical,Hardware,DB_Admin
708,2023-07-03 10:00:00,2023-07-03 12:04:31,Critical,Access,Security
709,2023-02-21 13:00:00,2023-02-22 16:48:51,Low,Access,DB_Admin
710,2023-07-09 22:00:00,2023-07-10 08:26:15,High,Access,Security
711,2023-08-12 10:00:00,2023-08-13 07:28:41,Low,Software,Security
712,2023-09-02 13:00:00,2023-09-03 10:05:01,Low,Database,Security
713,2023-05-29 16:00:00,2023-05-29 19:50:00,Critical,Hardware,Security
714,2023-07-03 07:00:00,2023-07-03 15:26:09,High,Network,Infrastructure
715,2023-03-31 03:00:00,2023-03-31 06:11:38,Critical,Network,Support_Team_A
716,2023-02-01 08:00:00,2023-02-02 01:20:38,Low,Access,Support_Team_A
717,2023-03-26 19:00:00,2023-03-27 05:46:07,Medium,Access,Security
718,2023-01-01 11:00:00,2023-01-01 14:27:30,Critical,Hardware,Support_Team_B
719,2023-07-26 01:00:00,2023-07-26 10:39:41,Medium,Network,Support_Team_A
720,2023-09-04 01:00:00,2023-09-04 07:35:03,High,Software,Infrastructure
721,2023-04-23 23:00:00,2023-04-24 07:48:31,Low,Access,Infrastructure
722,2023-06-09 20:00:00,2023-06-10 00:23:18,Critical,Software,Support_Team_A
723,2023-01-01 17:00:00,2023-01-02 06:31:55,Medium,Access,Support_Team_A
724,2023-04-01 14:00:00,2023-04-02 02:51:41,Medium,Database,Security
725,2023-01-07 08:00:00,2023-01-07 17:34:45,Low,Network,Support_Team_A
726,2023-10-16 07:00:00,2023-10-16 17:18:10,Medium,Access,Support_Team_A
727,2023-06-06 07:00:00,2023-06-06 08:52:11,Critical,Software,Support_Team_A
728,2023-03-12 10:00:00,2023-03-12 14:55:45,High,Network,Infrastructure
729,2023-04-04 14:00:00,2023-04-04 18:50:54,Critical,Hardware,Support_Team_B
730,2023-02-16 16:00:00,2023-02-17 11:07:19,Low,Database,Support_Team_B
731,2023-10-28 10:00:00,2023-10-28 15:36:38,High,Hardware,Support_Team_B
732,2023-10-09 01:00:00,2023-10-09 04:12:52,Critical,Hardware,Support_Team_A
733,2023-03-10 14:00:00,2023-03-11 05:56:30,Medium,Software,DB_Admin
734,2023-09-20 03:00:00,2023-09-20 10:45:07,High,Access,Infrastructure
735,2023-04-06 10:00:00,2023-04-06 21:04:54,Medium,Network,Support_Team_A
736,2023-06-19 09:00:00,2023-06-19 16:16:51,High,Software,Infrastructure
737,2023-05-21 06:00:00,2023-05-21 13:24:33,Medium,Access,Infrastructure
738,2023-02-07 06:00:00,2023-02-07 11:28:41,Medium,Access,Security
739,2023-03-18 23:00:00,2023-03-19 17:05:02,Medium,Access,DB_Admin
740,2023-02-18 11:00:00,2023-02-19 11:39:39,Low,Network,Infrastructure
741,2023-04-01 02:00:00,2023-04-01 03:56:36,Critical,Database,Security
742,2023-09-07 10:00:00,2023-09-07 20:57:52,Medium,Access,Support_Team_A
743,2023-01-12 09:00:00,2023-01-12 19:53:49,Low,Software,Infrastructure
744,2023-05-28 06:00:00,2023-05-28 19:09:30,Low,Software,Security
745,2023-12-12 20:00:00,2023-12-13 03:05:13,High,Database,Security
746,2023-10-17 03:00:00,2023-10-17 06:17:19,Critical,Software,DB_Admin
747,2023-04-15 05:00:00,2023-04-15 10:45:16,High,Software,Infrastructure
748,2023-02-23 22:00:00,2023-02-24 19:38:48,Medium,Hardware,DB_Admin
749,2023-08-12 01:00:00,2023-08-12 04:04:38,Critical,Database,Support_Team_A
750,2023-07-31 17:00:00,2023-07-31 19:50:41,Critical,Hardware,Support_Team_A
751,2023-06-16 21:00:00,2023-06-17 07:27:39,Low,Access,Support_Team_A
752,2023-11-06 12:00:00,2023-11-07 10:46:57,Low,Network,Support_Team_B
753,2023-03-23 12:00:00,2023-03-24 13:24:48,Low,Hardware,Support_Team_A
754,2023-04-22 20:00:00,2023-04-23 00:02:18,Critical,Network,DB_Admin
755,2023-12-20 02:00:00,2023-12-20 07:05:51,High,Hardware,Infrastructure
756,2023-03-28 15:00:00,2023-03-28 20:10:37,High,Software,Support_Team_A
757,2023-08-17 16:00:00,2023-08-17 19:26:57,Critical,Network,DB_Admin
758,2023-02-13 14:00:00,2023-02-13 15:01:24,High,Database,Support_Team_A
759,2023-12-05 16:00:00,2023-12-05 19:26:48,Critical,Database,Infrastructure
760,2023-02-07 20:00:00,2023-02-07 22:47:36,Critical,Database,Support_Team_B
761,2023-09-09 00:00:00,2023-09-09 12:37:40,Medium,Network,Support_Team_A
762,2023-03-20 17:00:00,2023-03-20 20:48:00,Medium,Database,Support_Team_A
763,2023-01-31 01:00:00,2023-01-31 23:07:38,Low,Hardware,Support_Team_A
764,2023-11-19 01:00:00,2023-11-19 10:28:11,High,Access,Support_Team_B
765,2023-05-03 04:00:00,2023-05-03 21:13:20,Low,Database,Security
766,2023-06-03 06:00:00,2023-06-03 11:48:47,High,Hardware,Security
767,2023-08-07 09:00:00,2023-08-07 18:30:35,High,Software,DB_Admin
768,2023-09-12 12:00:00,2023-09-13 09:07:34,Low,Database,Support_Team_A
769,2023-05-03 10:00:00,2023-05-04 04:31:38,Medium,Database,Support_Team_A
770,2023-10-01 16:00:00,2023-10-02 15:52:32,Low,Access,Infrastructure
771,2023-08-01 02:00:00,2023-08-01 04:03:57,High,Software,DB_Admin
772,2023-11-08 19:00:00,2023-11-09 14:04:14,Low,Network,Support_Team_B
773,2023-07-19 01:00:00,2023-07-19 03:21:50,High,Database,Support_Team_B
774,2023-11-13 16:00:00,2023-11-13 20:16:20,High,Database,Security
775,2023-05-14 09:00:00,2023-05-14 23:20:03,Medium,Hardware,Support_Team_A
776,2023-10-07 22:00:00,2023-10-08 14:27:55,Low,Hardware,DB_Admin
777,2023-08-25 11:00:00,2023-08-26 03:21:07,Low,Network,Support_Team_A
778,2023-09-14 20:00:00,2023-09-14 23:40:35,High,Software,Support_Team_B
779,2023-12-28 16:00:00,2023-12-28 23:09:43,Medium,Access,Security
780,2023-02-10 21:00:00,2023-02-11 05:58:36,Medium,Network,Support_Team_A
781,2023-01-30 23:00:00,2023-01-31 08:33:04,Medium,Database,Security
782,2023-09-12 06:00:00,2023-09-12 10:19:05,Critical,Software,DB_Admin
783,2023-03-07 05:00:00,2023-03-07 15:21:14,Medium,Access,Support_Team_A
784,2023-02-12 12:00:00,2023-02-12 15:26:34,Critical,Hardware,Support_Team_B
785,2023-07-19 02:00:00,2023-07-19 08:56:48,High,Network,Security
786,2023-08-11 17:00:00,2023-08-11 22:48:06,High,Access,Infrastructure
787,2023-06-09 11:00:00,2023-06-10 09:09:40,Low,Hardware,Support_Team_B
788,2023-03-16 09:00:00,2023-03-16 17:24:48,Medium,Software,Support_Team_B
789,2023-11-03 21:00:00,2023-11-03 22:22:07,Critical,Network,Security
790,2023-03-24 10:00:00,2023-03-24 18:39:26,High,Hardware,Security
791,2023-07-30 11:00:00,2023-07-30 13:18:19,Critical,Network,Support_Team_A
792,2023-03-03 17:00:00,2023-03-03 21:59:33,Medium,Network,DB_Admin
793,2023-01-28 12:00:00,2023-01-28 22:20:10,Medium,Network,Support_Team_B
794,2023-03-04 06:00:00,2023-03-04 21:06:14,Medium,Network,Security
795,2023-12-17 12:00:00,2023-12-18 00:39:57,Low,Network,Infrastructure
796,2023-04-29 16:00:00,2023-04-30 16:53:31,Low,Access,Security
797,2023-06-20 13:00:00,2023-06-21 05:05:56,Low,Access,Support_Team_A
798,2023-04-06 10:00:00,2023-04-07 10:27:53,Low,Software,Support_Team_A
799,2023-06-01 17:00:00,2023-06-02 02:31:45,Medium,Hardware,Security
800,2023-09-12 02:00:00,2023-09-13 01:33:48,Low,Database,DB_Admin
801,2023-06-26 16:00:00,2023-06-27 12:55:33,Low,Software,Support_Team_A
802,2023-05-15 23:00:00,2023-05-16 02:49:48,Critical,Hardware,Support_Team_A
803,2023-08-15 08:00:00,2023-08-16 08:30:07,Low,Software,Security
804,2023-02-04 13:00:00,2023-02-05 07:05:34,Medium,Database,Security
805,2023-09-27 15:00:00,2023-09-27 18:43:17,Critical,Software,Security
806,2023-10-19 06:00:00,2023-10-19 21:01:47,Medium,Network,Support_Team_B
807,2023-05-08 18:00:00,2023-05-08 22:18:22,High,Network,Security
808,2023-04-12 11:00:00,2023-04-13 10:53:48,Low,Database,DB_Admin
809,2023-06-17 18:00:00,2023-06-17 21:26:20,High,Access,Security
810,2023-11-24 00:00:00,2023-11-25 01:02:13,Low,Software,Infrastructure
811,2023-09-19 11:00:00,2023-09-20 10:28:25,Medium,Access,Support_Team_B
812,2023-12-25 22:00:00,2023-12-26 13:05:15,Medium,Database,Support_Team_A
813,2023-09-19 02:00:00,2023-09-19 09:12:23,High,Access,DB_Admin
814,2023-11-27 20:00:00,2023-11-28 02:44:06,High,Database,DB_Admin
815,2023-08-08 13:00:00,2023-08-08 17:26:10,Critical,Network,Support_Team_B
816,2023-01-18 19:00:00,2023-01-18 23:11:26,High,Database,Support_Team_B
817,2023-01-21 00:00:00,2023-01-21 04:14:36,High,Software,Security
818,2023-12-28 10:00:00,2023-12-28 15:34:07,High,Database,Support_Team_B
819,2023-04-19 23:00:00,2023-04-20 23:24:25,Low,Hardware,Support_Team_B
820,2023-07-01 22:00:00,2023-07-02 23:51:03,Low,Hardware,DB_Admin
821,2023-09-23 03:00:00,2023-09-23 04:41:42,High,Hardware,Support_Team_B
822,2023-06-11 11:00:00,2023-06-11 16:20:23,High,Network,DB_Admin
823,2023-01-20 06:00:00,2023-01-20 14:50:13,High,Database,DB_Admin
824,2023-04-08 00:00:00,2023-04-08 13:21:07,Medium,Access,DB_Admin
825,2023-07-30 23:00:00,2023-07-31 07:13:04,Medium,Access,Support_Team_A
826,2023-03-03 14:00:00,2023-03-04 11:41:33,Low,Hardware,DB_Admin
827,2023-05-30 08:00:00,2023-05-31 09:30:14,Low,Database,Security
828,2023-01-01 11:00:00,2023-01-01 14:38:10,High,Database,Support_Team_B
829,2023-03-31 01:00:00,2023-03-31 06:16:37,High,Hardware,Infrastructure
830,2023-02-10 15:00:00,2023-02-11 10:43:49,Low,Hardware,DB_Admin
831,2023-04-07 16:00:00,2023-04-08 12:58:50,Low,Database,Infrastructure
832,2023-02-19 12:00:00,2023-02-19 17:59:42,High,Access,DB_Admin
833,2023-03-10 23:00:00,2023-03-11 06:49:39,High,Network,Infrastructure
834,2023-04-04 03:00:00,2023-04-04 17:17:46,Medium,Access,Security
835,2023-08-05 14:00:00,2023-08-06 01:24:14,Medium,Database,DB_Admin
836,2023-09-01 14:00:00,2023-09-02 01:01:45,Medium,Database,Support_Team_B
837,2023-09-16 07:00:00,2023-09-16 12:25:52,High,Network,Support_Team_B
838,2023-05-02 07:00:00,2023-05-03 06:23:40,Low,Database,Security
839,2023-01-23 02:00:00,2023-01-23 14:18:31,Medium,Database,Infrastructure
840,2023-05-31 19:00:00,2023-06-01 15:23:34,Low,Access,Support_Team_B
841,2023-08-15 01:00:00,2023-08-15 15:14:00,Low,Hardware,Infrastructure
842,2023-08-07 02:00:00,2023-08-07 21:48:46,Medium,Software,Infrastructure
843,2023-11-01 21:00:00,2023-11-02 19:00:08,Low,Network,Support_Team_B
844,2023-06-20 08:00:00,2023-06-21 11:15:16,Low,Network,Infrastructure
845,2023-03-15 18:00:00,2023-03-16 12:36:03,Low,Software,Security
846,2023-10-27 03:00:00,2023-10-27 07:01:37,Critical,Hardware,Security
847,2023-12-03 14:00:00,2023-12-03 17:04:41,Critical,Network,DB_Admin
848,2023-09-14 05:00:00,2023-09-15 05:18:29,Low,Access,DB_Admin
849,2023-06-03 23:00:00,2023-06-04 10:41:50,Medium,Access,Support_Team_A
850,2023-01-23 19:00:00,2023-01-24 05:32:34,High,Software,Infrastructure
851,2023-06-28 06:00:00,2023-06-29 04:27:25,Low,Software,Infrastructure
852,2023-04-27 03:00:00,2023-04-27 06:07:34,Critical,Hardware,Support_Team_A
853,2023-03-05 13:00:00,2023-03-05 17:39:00,High,Database,DB_Admin
854,2023-11-26 13:00:00,2023-11-27 18:57:27,Low,Access,Support_Team_B
855,2023-10-24 09:00:00,2023-10-24 21:49:52,Medium,Software,Support_Team_A
856,2023-08-15 00:00:00,2023-08-15 11:41:28,Medium,Hardware,Security
857,2023-07-01 02:00:00,2023-07-01 08:30:18,High,Network,Support_Team_B
858,2023-03-07 11:00:00,2023-03-08 09:13:15,Low,Access,DB_Admin
859,2023-12-02 03:00:00,2023-12-02 14:36:30,Medium,Software,Infrastructure
860,2023-01-03 14:00:00,2023-01-03 17:17:33,Critical,Software,Infrastructure
861,2023-11-24 21:00:00,2023-11-25 06:32:36,Medium,Software,Support_Team_A
862,2023-05-22 06:00:00,2023-05-22 13:26:09,Medium,Network,Support_Team_A
863,2023-11-20 06:00:00,2023-11-21 00:03:41,Low,Network,Security
864,2023-11-18 11:00:00,2023-11-18 16:03:10,Critical,Network,Support_Team_A
865,2023-09-22 13:00:00,2023-09-22 23:29:41,Medium,Network,Security
866,2023-09-10 04:00:00,2023-09-10 23:35:20,Medium,Access,Support_Team_A
867,2023-06-29 17:00:00,2023-06-29 20:07:54,Critical,Access,Infrastructure
868,2023-06-04 10:00:00,2023-06-04 15:49:01,High,Database,Support_Team_A
869,2023-04-14 04:00:00,2023-04-15 00:15:40,Low,Software,Infrastructure
870,2023-10-10 14:00:00,2023-10-10 17:34:38,Medium,Database,Support_Team_A
871,2023-09-22 06:00:00,2023-09-22 08:56:08,Critical,Database,Security
872,2023-06-10 20:00:00,2023-06-10 23:39:53,Critical,Network,Support_Team_A
873,2023-09-27 12:00:00,2023-09-28 03:22:37,Low,Database,DB_Admin
874,2023-12-19 19:00:00,2023-12-20 04:51:31,Medium,Software,Security
875,2023-04-29 00:00:00,2023-04-29 11:48:27,Medium,Hardware,Support_Team_B
876,2023-03-28 03:00:00,2023-03-29 04:54:11,Low,Access,Support_Team_A
877,2023-10-25 05:00:00,2023-10-25 11:30:36,Medium,Hardware,DB_Admin
878,2023-06-26 01:00:00,2023-06-26 09:26:29,High,Software,Support_Team_A
879,2023-09-22 22:00:00,2023-09-23 01:28:31,Critical,Database,Infrastructure
880,2023-07-08 13:00:00,2023-07-08 13:46:59,Critical,Software,DB_Admin
881,2023-12-23 17:00:00,2023-12-23 21:37:44,Critical,Software,Security
882,2023-04-13 03:00:00,2023-04-13 10:18:16,Medium,Database,DB_Admin
883,2023-03-10 09:00:00,2023-03-10 19:50:29,Low,Database,Support_Team_A
884,2023-07-15 07:00:00,2023-07-15 17:11:30,High,Access,Infrastructure
885,2023-09-19 11:00:00,2023-09-19 13:50:22,Critical,Database,DB_Admin
886,2023-11-19 22:00:00,2023-11-20 19:39:15,Low,Hardware,Infrastructure
887,2023-10-03 02:00:00,2023-10-03 15:15:09,Medium,Database,DB_Admin
888,2023-10-02 05:00:00,2023-10-02 19:26:31,Low,Access,Infrastructure
889,2023-06-12 04:00:00,2023-06-13 01:44:00,Low,Access,Infrastructure
890,2023-09-12 06:00:00,2023-09-13 05:12:09,Low,Network,Infrastructure
891,2023-08-01 06:00:00,2023-08-01 07:37:12,High,Access,Support_Team_A
892,2023-06-05 14:00:00,2023-06-06 02:12:23,Medium,Network,Security
893,2023-08-08 01:00:00,2023-08-08 06:24:18,High,Access,DB_Admin
894,2023-03-02 22:00:00,2023-03-03 10:46:34,Medium,Access,Support_Team_B
895,2023-10-05 23:00:00,2023-10-06 00:56:01,Critical,Database,Infrastructure
896,2023-02-08 08:00:00,2023-02-09 01:19:31,Medium,Software,Infrastructure
897,2023-12-12 23:00:00,2023-12-13 01:04:54,Critical,Hardware,DB_Admin
898,2023-01-20 18:00:00,2023-01-21 04:24:54,Medium,Hardware,Support_Team_B
899,2023-02-09 08:00:00,2023-02-09 14:04:56,Medium,Software,Security
900,2023-02-04 12:00:00,2023-02-04 18:40:20,High,Hardware,Infrastructure
901,2023-09-09 11:00:00,2023-09-09 14:00:02,Critical,Database,Security
902,2023-03-26 13:00:00,2023-03-27 12:54:38,Low,Hardware,Infrastructure
903,2023-11-30 16:00:00,2023-11-30 19:06:40,Critical,Hardware,Security
904,2023-08-27 18:00:00,2023-08-28 01:23:08,High,Hardware,Infrastructure
905,2023-03-03 16:00:00,2023-03-04 00:23:22,High,Software,Security
906,2023-02-03 21:00:00,2023-02-04 10:24:21,Medium,Database,Support_Team_B
907,2023-06-01 02:00:00,2023-06-01 10:12:30,Medium,Hardware,Infrastructure
908,2023-10-07 13:00:00,2023-10-08 01:17:09,Low,Software,Security
909,2023-04-01 07:00:00,2023-04-01 21:58:36,Medium,Database,Support_Team_A
910,2023-06-02 18:00:00,2023-06-02 23:45:09,High,Database,Infrastructure
911,2023-07-07 23:00:00,2023-07-08 01:57:53,Critical,Access,Infrastructure
912,2023-11-10 08:00:00,2023-11-10 14:31:02,High,Hardware,Security
913,2023-07-26 06:00:00,2023-07-26 09:33:02,Critical,Database,Support_Team_A
914,2023-01-06 00:00:00,2023-01-06 06:17:55,High,Database,DB_Admin
915,2023-07-12 23:00:00,2023-07-13 05:19:15,High,Software,Security
916,2023-02-13 13:00:00,2023-02-13 19:44:48,High,Network,Infrastructure
917,2023-07-09 00:00:00,2023-07-09 07:27:45,High,Network,Support_Team_B
918,2023-04-13 08:00:00,2023-04-13 21:21:17,Medium,Software,DB_Admin
919,2023-10-03 20:00:00,2023-10-04 01:52:14,High,Hardware,Support_Team_A
920,2023-12-06 12:00:00,2023-12-06 20:23:00,High,Network,Security
921,2023-10-04 04:00:00,2023-10-04 08:13:45,Critical,Software,DB_Admin
922,2023-05-10 15:00:00,2023-05-11 01:58:13,High,Hardware,DB_Admin
923,2023-11-21 18:00:00,2023-11-22 01:04:00,High,Database,Infrastructure
924,2023-04-27 01:00:00,2023-04-27 17:13:46,Medium,Network,Support_Team_A
925,2023-11-18 09:00:00,2023-11-18 22:19:49,Medium,Network,DB_Admin
926,2023-05-05 23:00:00,2023-05-06 03:10:02,High,Software,Support_Team_B
927,2023-08-31 12:00:00,2023-09-01 01:13:49,Medium,Network,Security
928,2023-08-15 04:00:00,2023-08-15 07:07:41,High,Network,DB_Admin
929,2023-07-20 17:00:00,2023-07-20 19:50:30,Critical,Software,Security
930,2023-02-06 15:00:00,2023-02-08 03:12:55,Low,Access,Support_Team_B
931,2023-12-08 15:00:00,2023-12-09 15:58:40,Low,Access,DB_Admin
932,2023-07-23 16:00:00,2023-07-23 20:04:11,Critical,Software,Support_Team_B
933,2023-04-04 18:00:00,2023-04-04 20:44:07,Medium,Network,Security
934,2023-11-09 08:00:00,2023-11-09 20:34:48,Medium,Network,Support_Team_B
935,2023-02-25 04:00:00,2023-02-25 05:39:07,Critical,Network,Support_Team_B
936,2023-08-02 22:00:00,2023-08-03 14:25:35,Low,Software,Security
937,2023-07-06 17:00:00,2023-07-07 04:16:26,Medium,Hardware,DB_Admin
938,2023-04-19 03:00:00,2023-04-19 06:19:44,Critical,Software,Support_Team_B
939,2023-10-24 01:00:00,2023-10-24 02:01:51,Critical,Access,Security
940,2023-11-22 21:00:00,2023-11-22 23:58:39,Critical,Software,Support_Team_A
941,2023-12-31 09:00:00,2023-12-31 20:57:20,Medium,Network,Support_Team_A
942,2023-08-08 23:00:00,2023-08-09 11:04:13,Medium,Software,Support_Team_A
943,2023-06-19 20:00:00,2023-06-20 05:47:17,Medium,Network,Infrastructure
944,2023-03-30 00:00:00,2023-03-30 16:05:23,Low,Access,DB_Admin
945,2023-07-28 23:00:00,2023-07-29 06:05:10,Medium,Software,Support_Team_A
946,2023-07-23 13:00:00,2023-07-23 16:54:53,High,Access,DB_Admin
947,2023-12-24 19:00:00,2023-12-25 01:37:57,High,Access,Support_Team_B
948,2023-08-22 23:00:00,2023-08-23 01:35:15,Critical,Network,Support_Team_B
949,2023-04-23 13:00:00,2023-04-23 15:40:27,Critical,Software,Support_Team_B
950,2023-06-03 03:00:00,2023-06-03 15:50:54,Medium,Hardware,Support_Team_A
951,2023-12-11 11:00:00,2023-12-11 16:35:56,Medium,Software,Infrastructure
952,2023-01-26 12:00:00,2023-01-26 13:01:53,Critical,Network,DB_Admin
953,2023-02-03 04:00:00,2023-02-04 03:16:29,Low,Software,Support_Team_A
954,2023-02-02 22:00:00,2023-02-03 13:43:03,Low,Access,Security
955,2023-09-17 14:00:00,2023-09-18 08:05:09,Low,Database,Infrastructure
956,2023-11-20 20:00:00,2023-11-21 09:04:37,Medium,Hardware,Support_Team_A
957,2023-07-25 13:00:00,2023-07-25 16:29:15,Critical,Software,DB_Admin
958,2023-07-04 07:00:00,2023-07-04 20:55:25,Medium,Access,Support_Team_A
959,2023-12-16 05:00:00,2023-12-17 06:10:49,Low,Network,Support_Team_A
960,2023-03-14 13:00:00,2023-03-14 15:41:22,Critical,Hardware,DB_Admin
961,2023-05-17 08:00:00,2023-05-17 15:57:28,High,Database,Support_Team_B
962,2023-09-02 08:00:00,2023-09-02 10:32:13,Critical,Network,Support_Team_B
963,2023-01-27 21:00:00,2023-01-28 00:29:37,Critical,Hardware,Security
964,2023-08-14 16:00:00,2023-08-14 23:34:16,Medium,Software,Support_Team_A
965,2023-03-02 18:00:00,2023-03-03 07:01:15,Low,Database,Security
966,2023-04-12 19:00:00,2023-04-13 12:44:24,Low,Database,Support_Team_A
967,2023-03-11 03:00:00,2023-03-11 09:38:20,High,Hardware,Security
968,2023-07-22 02:00:00,2023-07-22 05:13:10,High,Access,Support_Team_A
969,2023-03-10 03:00:00,2023-03-10 09:05:32,Medium,Software,Infrastructure
970,2023-09-03 21:00:00,2023-09-03 23:56:04,High,Access,Support_Team_A
971,2023-03-06 20:00:00,2023-03-07 17:30:30,Low,Software,Support_Team_B
972,2023-04-27 09:00:00,2023-04-27 10:36:27,High,Network,Security
973,2023-07-03 03:00:00,2023-07-03 23:42:54,Low,Network,Infrastructure
974,2023-05-05 20:00:00,2023-05-06 12:00:01,Low,Access,Security
975,2023-11-08 15:00:00,2023-11-08 21:51:31,High,Access,Security
976,2023-10-15 21:00:00,2023-10-16 08:28:47,Medium,Software,Support_Team_B
977,2023-02-10 00:00:00,2023-02-10 10:42:42,Medium,Software,Security
978,2023-11-26 12:00:00,2023-11-26 15:13:06,Critical,Hardware,DB_Admin
979,2023-09-17 05:00:00,2023-09-17 08:00:07,High,Database,Support_Team_A
980,2023-03-31 04:00:00,2023-03-31 06:56:26,Critical,Access,Support_Team_A
981,2023-10-08 18:00:00,2023-10-08 19:23:18,Critical,Software,Support_Team_A
982,2023-06-28 14:00:00,2023-06-28 21:55:14,High,Software,DB_Admin
983,2023-06-02 21:00:00,2023-06-03 04:20:35,High,Database,DB_Admin
984,2023-03-07 00:00:00,2023-03-07 03:23:17,Critical,Hardware,Security
985,2023-08-25 00:00:00,2023-08-25 02:13:38,Critical,Hardware,DB_Admin
986,2023-02-07 06:00:00,2023-02-08 03:53:44,Low,Hardware,DB_Admin
987,2023-11-17 08:00:00,2023-11-17 11:25:41,Critical,Hardware,Support_Team_A
988,2023-12-02 15:00:00,2023-12-02 22:01:50,High,Hardware,Infrastructure
989,2023-07-09 21:00:00,2023-07-11 03:55:13,Low,Database,Support_Team_B
990,2023-09-16 11:00:00,2023-09-16 14:11:11,Critical,Hardware,Support_Team_A
991,2023-11-10 09:00:00,2023-11-10 12:46:07,Critical,Database,Security
992,2023-03-02 02:00:00,2023-03-02 03:06:37,Critical,Access,Infrastructure
993,2023-03-23 00:00:00,2023-03-23 01:53:51,Critical,Software,Support_Team_A
994,2023-10-03 09:00:00,2023-10-03 12:11:29,Critical,Software,DB_Admin
995,2023-01-01 02:00:00,2023-01-02 00:31:52,Low,Database,DB_Admin
996,2023-07-27 22:00:00,2023-07-28 16:33:44,Medium,Access,Infrastructure
997,2023-09-06 01:00:00,2023-09-06 22:12:51,Low,Hardware,Security
998,2023-08-15 15:00:00,2023-08-15 17:31:43,Critical,Network,Security
999,2023-03-19 20:00:00,2023-03-20 06:07:21,Low,Hardware,Support_Team_A
1000,2023-08-22 00:00:00,2023-08-22 09:17:12,High,Network,DB_Admin
1001,2023-12-23 08:00:00,2023-12-23 14:02:09,High,Software,Support_Team_A
1002,2023-04-23 01:00:00,2023-04-23 03:22:12,Critical,Hardware,Security
1003,2023-03-15 00:00:00,2023-03-15 06:02:42,High,Database,Support_Team_B
1004,2023-05-09 00:00:00,2023-05-09 15:04:30,Low,Access,Support_Team_B
1005,2023-11-09 00:00:00,2023-11-09 14:47:04,Medium,Network,Support_Team_A
1006,2023-10-10 22:00:00,2023-10-12 04:50:58,Low,Database,Support_Team_A
1007,2023-11-04 13:00:00,2023-11-04 15:44:24,Critical,Database,DB_Admin
1008,2023-04-02 21:00:00,2023-04-02 22:35:01,Critical,Software,DB_Admin
1009,2023-02-03 03:00:00,2023-02-03 06:57:24,Critical,Database,Security
1010,2023-12-14 00:00:00,2023-12-14 11:06:50,Medium,Database,Support_Team_B
1011,2023-03-29 15:00:00,2023-03-30 12:01:25,Low,Access,DB_Admin
1012,2023-08-08 17:00:00,2023-08-08 22:48:52,Critical,Access,DB_Admin
1013,2023-06-19 11:00:00,2023-06-19 15:31:25,High,Access,Infrastructure
1014,2023-07-20 19:00:00,2023-07-20 22:12:22,Critical,Hardware,Support_Team_B
1015,2023-10-09 18:00:00,2023-10-10 01:55:26,High,Database,Infrastructure
1016,2023-05-29 08:00:00,2023-05-29 21:07:01,Medium,Hardware,DB_Admin
1017,2023-07-18 08:00:00,2023-07-18 14:22:43,High,Hardware,Support_Team_B
1018,2023-12-10 23:00:00,2023-12-11 06:08:38,High,Software,Infrastructure
1019,2023-11-24 22:00:00,2023-11-25 01:06:47,Critical,Database,Infrastructure
1020,2023-10-16 08:00:00,2023-10-17 02:11:03,Low,Database,Support_Team_A
1021,2023-01-18 06:00:00,2023-01-18 07:05:18,Critical,Hardware,Support_Team_A
1022,2023-02-08 15:00:00,2023-02-09 02:06:09,Medium,Network,Support_Team_B
1023,2023-07-15 15:00:00,2023-07-15 18:48:09,High,Hardware,Support_Team_A
1024,2023-07-21 11:00:00,2023-07-21 23:53:10,Medium,Database,Support_Team_A
1025,2023-09-02 20:00:00,2023-09-02 23:04:20,Critical,Software,DB_Admin
1026,2023-06-03 03:00:00,2023-06-03 06:53:10,Critical,Hardware,DB_Admin
1027,2023-07-16 08:00:00,2023-07-17 03:41:12,Low,Access,Security
1028,2023-10-12 09:00:00,2023-10-12 17:17:31,High,Database,Support_Team_A
1029,2023-01-09 20:00:00,2023-01-10 05:15:33,High,Hardware,DB_Admin
1030,2023-10-30 11:00:00,2023-10-30 15:26:23,Medium,Network,DB_Admin
1031,2023-05-15 02:00:00,2023-05-15 13:27:02,Medium,Network,Security
1032,2023-05-02 02:00:00,2023-05-02 23:32:18,Low,Hardware,Support_Team_B
1033,2023-12-17 18:00:00,2023-12-18 10:19:26,Low,Access,Support_Team_A
1034,2023-10-20 12:00:00,2023-10-20 17:46:42,High,Database,Infrastructure
1035,2023-03-30 19:00:00,2023-03-31 08:21:06,Medium,Database,Infrastructure
1036,2023-01-04 20:00:00,2023-01-05 02:45:45,High,Access,Support_Team_B
1037,2023-01-28 06:00:00,2023-01-28 07:28:37,Medium,Network,DB_Admin
1038,2023-02-04 17:00:00,2023-02-04 22:52:45,High,Access,DB_Admin
1039,2023-09-02 10:00:00,2023-09-03 06:25:49,Low,Network,DB_Admin
1040,2023-05-31 03:00:00,2023-05-31 13:05:25,Medium,Database,Support_Team_A
1041,2023-12-11 20:00:00,2023-12-12 09:55:09,Medium,Access,DB_Admin
1042,2023-10-03 09:00:00,2023-10-04 02:50:10,Low,Network,Support_Team_B
1043,2023-05-26 15:00:00,2023-05-26 17:54:51,High,Network,Infrastructure
1044,2023-07-20 09:00:00,2023-07-20 17:08:06,Medium,Database,DB_Admin
1045,2023-11-21 04:00:00,2023-11-21 23:57:12,Low,Software,Infrastructure
1046,2023-11-01 05:00:00,2023-11-01 14:57:47,Medium,Database,DB_Admin
1047,2023-06-16 10:00:00,2023-06-17 03:36:22,Low,Network,Security
1048,2023-03-19 09:00:00,2023-03-19 12:15:48,Critical,Network,DB_Admin
1049,2023-07-13 01:00:00,2023-07-14 03:25:13,Low,Database,Infrastructure
1050,2023-12-18 02:00:00,2023-12-18 05:34:16,Critical,Access,Support_Team_A
1051,2023-07-22 08:00:00,2023-07-22 15:38:20,Medium,Network,DB_Admin
1052,2023-02-26 05:00:00,2023-02-27 01:33:09,Low,Hardware,DB_Admin
1053,2023-12-31 00:00:00,2023-12-31 15:42:56,Low,Software,Support_Team_B
1054,2023-05-26 12:00:00,2023-05-26 15:33:30,Critical,Software,Support_Team_B
1055,2023-10-25 02:00:00,2023-10-26 07:16:59,Low,Hardware,Support_Team_A
1056,2023-11-10 11:00:00,2023-11-10 16:59:19,High,Software,Support_Team_A
1057,2023-02-20 00:00:00,2023-02-20 13:07:58,Low,Hardware,Infrastructure
1058,2023-02-18 02:00:00,2023-02-18 14:02:03,Medium,Network,Security
1059,2023-09-22 21:00:00,2023-09-22 22:49:13,Critical,Access,Security
1060,2023-08-04 23:00:00,2023-08-06 02:10:31,Low,Access,Support_Team_A
1061,2023-01-05 00:00:00,2023-01-05 10:47:25,Low,Database,Support_Team_A
1062,2023-02-19 13:00:00,2023-02-19 19:19:42,High,Database,Support_Team_A
1063,2023-07-17 20:00:00,2023-07-18 04:09:02,High,Database,Support_Team_A
1064,2023-07-12 04:00:00,2023-07-12 08:02:07,Critical,Access,Security
1065,2023-01-22 00:00:00,2023-01-22 02:06:44,Critical,Hardware,DB_Admin
1066,2023-05-31 02:00:00,2023-05-31 12:51:10,Medium,Access,DB_Admin
1067,2023-07-21 08:00:00,2023-07-21 21:58:27,Medium,Network,Infrastructure
1068,2023-01-08 14:00:00,2023-01-09 05:43:03,Medium,Software,Support_Team_A
1069,2023-01-04 10:00:00,2023-01-04 12:53:55,Critical,Database,DB_Admin
1070,2023-02-28 02:00:00,2023-02-28 07:51:49,High,Hardware,Infrastructure
1071,2023-05-25 13:00:00,2023-05-25 16:58:23,Critical,Database,Support_Team_B
1072,2023-04-20 21:00:00,2023-04-21 09:48:46,Medium,Hardware,DB_Admin
1073,2023-06-22 12:00:00,2023-06-23 02:25:20,Medium,Software,Support_Team_B
1074,2023-02-07 03:00:00,2023-02-07 04:28:22,Critical,Database,Support_Team_A
1075,2023-07-18 10:00:00,2023-07-19 00:43:28,Low,Network,Support_Team_A
1076,2023-05-15 18:00:00,2023-05-15 21:42:12,Critical,Network,Infrastructure
1077,2023-03-29 12:00:00,2023-03-29 17:36:30,Medium,Software,Infrastructure
1078,2023-02-17 15:00:00,2023-02-18 01:08:30,Medium,Network,Security
1079,2023-11-04 15:00:00,2023-11-04 20:10:52,High,Database,Infrastructure
1080,2023-04-15 00:00:00,2023-04-15 06:18:32,High,Network,Security
1081,2023-04-26 02:00:00,2023-04-26 21:54:02,Low,Network,Support_Team_B
1082,2023-06-01 05:00:00,2023-06-01 08:54:01,Critical,Network,Infrastructure
1083,2023-04-02 16:00:00,2023-04-02 23:21:45,High,Access,Security
1084,2023-11-01 00:00:00,2023-11-01 06:56:45,High,Network,Security
1085,2023-03-16 07:00:00,2023-03-16 21:00:46,Medium,Database,Support_Team_A
1086,2023-07-11 13:00:00,2023-07-12 01:46:03,Medium,Database,Support_Team_B
1087,2023-06-29 16:00:00,2023-06-30 08:43:49,Low,Software,Support_Team_A
1088,2023-12-13 05:00:00,2023-12-13 20:17:52,Low,Database,DB_Admin
1089,2023-10-04 13:00:00,2023-10-04 18:18:30,Medium,Software,DB_Admin
1090,2023-06-27 21:00:00,2023-06-28 00:40:48,Critical,Hardware,Infrastructure
1091,2023-09-25 22:00:00,2023-09-26 06:42:05,Medium,Database,Infrastructure
1092,2023-04-02 09:00:00,2023-04-02 12:01:56,Critical,Database,DB_Admin
1093,2023-03-03 19:00:00,2023-03-03 21:27:14,Critical,Network,DB_Admin
1094,2023-01-08 05:00:00,2023-01-08 17:32:28,Medium,Database,Support_Team_B
1095,2023-12-17 23:00:00,2023-12-18 19:10:05,Medium,Access,Support_Team_B
1096,2023-05-03 07:00:00,2023-05-03 19:42:17,Medium,Access,Infrastructure
1097,2023-01-28 14:00:00,2023-01-29 00:22:57,Medium,Access,Support_Team_B
1098,2023-02-12 21:00:00,2023-02-13 04:01:47,High,Network,Support_Team_B
1099,2023-01-30 05:00:00,2023-01-30 14:52:08,Medium,Database,Infrastructure
1100,2023-09-22 22:00:00,2023-09-23 01:56:34,Critical,Access,Support_Team_A
1101,2023-01-28 05:00:00,2023-01-28 09:14:29,High,Software,DB_Admin
1102,2023-07-06 16:00:00,2023-07-06 21:46:10,High,Database,DB_Admin
1103,2023-04-29 16:00:00,2023-04-29 18:56:20,Critical,Access,Infrastructure
1104,2023-02-23 03:00:00,2023-02-23 09:24:03,High,Access,Support_Team_B
1105,2023-12-19 12:00:00,2023-12-19 12:46:53,Critical,Network,Infrastructure
1106,2023-11-29 08:00:00,2023-11-29 11:56:45,Critical,Database,Support_Team_A
1107,2023-12-09 14:00:00,2023-12-09 21:28:07,Medium,Access,Support_Team_B
1108,2023-06-07 00:00:00,2023-06-07 20:30:44,Low,Database,Infrastructure
1109,2023-05-25 09:00:00,2023-05-25 18:45:13,Medium,Hardware,Support_Team_B
1110,2023-09-05 06:00:00,2023-09-06 07:52:01,Low,Hardware,Security
1111,2023-08-14 10:00:00,2023-08-14 23:12:55,Low,Access,Security
1112,2023-11-24 00:00:00,2023-11-24 08:57:16,Medium,Database,Support_Team_B
1113,2023-10-08 12:00:00,2023-10-09 10:24:13,Low,Hardware,Support_Team_A
1114,2023-03-29 07:00:00,2023-03-29 20:11:10,Medium,Hardware,DB_Admin
1115,2023-01-27 18:00:00,2023-01-28 00:40:02,Medium,Software,Support_Team_B
1116,2023-06-26 07:00:00,2023-06-27 02:23:50,Medium,Database,Security
1117,2023-01-13 17:00:00,2023-01-14 00:42:00,High,Software,Support_Team_B
1118,2023-11-03 15:00:00,2023-11-03 19:17:01,Critical,Access,Support_Team_B
1119,2023-05-30 18:00:00,2023-05-30 21:30:50,Critical,Database,Support_Team_B
1120,2023-05-05 03:00:00,2023-05-05 06:12:39,High,Hardware,Infrastructure
1121,2023-11-06 13:00:00,2023-11-07 03:01:38,Low,Hardware,Security
1122,2023-09-21 03:00:00,2023-09-21 08:37:15,Medium,Software,Support_Team_A
1123,2023-05-19 03:00:00,2023-05-19 05:02:32,Critical,Hardware,DB_Admin
1124,2023-03-07 17:00:00,2023-03-08 03:09:55,Medium,Access,DB_Admin
1125,2023-01-27 15:00:00,2023-01-28 06:58:26,Low,Software,Security
1126,2023-03-30 23:00:00,2023-03-31 14:12:21,Low,Access,DB_Admin
1127,2023-10-15 04:00:00,2023-10-15 11:22:51,High,Software,DB_Admin
1128,2023-10-20 20:00:00,2023-10-21 07:43:18,Medium,Access,Security
1129,2023-08-28 06:00:00,2023-08-28 23:03:15,Low,Access,Support_Team_B
1130,2023-06-23 18:00:00,2023-06-23 20:06:07,Critical,Hardware,Support_Team_A
1131,2023-07-13 09:00:00,2023-07-13 14:04:30,Critical,Network,Support_Team_B
1132,2023-01-04 17:00:00,2023-01-05 18:54:02,Low,Database,DB_Admin
1133,2023-03-22 10:00:00,2023-03-23 05:44:04,Low,Access,Support_Team_B
1134,2023-08-04 15:00:00,2023-08-04 17:21:44,Critical,Network,Support_Team_A
1135,2023-04-16 15:00:00,2023-04-16 18:45:58,Critical,Database,Infrastructure
1136,2023-06-28 09:00:00,2023-06-28 11:24:08,Critical,Database,Infrastructure
1137,2023-07-08 02:00:00,2023-07-08 04:56:33,Critical,Hardware,Security
1138,2023-11-26 08:00:00,2023-11-26 19:04:32,Medium,Network,DB_Admin
1139,2023-11-27 05:00:00,2023-11-27 10:50:28,High,Network,DB_Admin
1140,2023-08-24 01:00:00,2023-08-24 04:39:19,Critical,Hardware,Support_Team_A
1141,2023-06-06 20:00:00,2023-06-06 23:13:09,Critical,Hardware,Support_Team_A
1142,2023-05-27 09:00:00,2023-05-27 10:46:14,Critical,Network,DB_Admin
1143,2023-02-05 12:00:00,2023-02-06 00:03:23,Medium,Access,Support_Team_A
1144,2023-03-04 04:00:00,2023-03-04 13:39:43,Medium,Access,DB_Admin
1145,2023-10-25 05:00:00,2023-10-25 19:06:54,Low,Software,Infrastructure
1146,2023-06-01 09:00:00,2023-06-01 14:59:17,High,Software,DB_Admin
1147,2023-01-26 18:00:00,2023-01-26 21:55:08,Critical,Access,DB_Admin
1148,2023-12-22 16:00:00,2023-12-22 20:46:22,High,Database,Support_Team_A
1149,2023-04-30 15:00:00,2023-04-30 18:09:29,Critical,Access,Support_Team_A
1150,2023-05-18 16:00:00,2023-05-18 22:50:36,High,Hardware,Support_Team_A
1151,2023-12-15 12:00:00,2023-12-16 03:44:59,Medium,Database,Support_Team_B
1152,2023-01-25 14:00:00,2023-01-25 19:18:34,High,Hardware,Support_Team_A
1153,2023-04-18 11:00:00,2023-04-19 10:25:54,Low,Network,Security
1154,2023-08-30 01:00:00,2023-08-30 03:41:25,Critical,Access,DB_Admin
1155,2023-05-17 17:00:00,2023-05-18 18:43:48,Low,Software,Support_Team_A
1156,2023-07-14 05:00:00,2023-07-14 09:13:31,High,Network,Infrastructure
1157,2023-06-04 11:00:00,2023-06-05 04:02:45,Medium,Access,Security
1158,2023-01-04 04:00:00,2023-01-04 06:54:36,High,Hardware,Security
1159,2023-12-12 14:00:00,2023-12-13 11:55:54,Low,Database,Support_Team_A
1160,2023-12-10 11:00:00,2023-12-10 12:57:55,High,Network,Support_Team_A
1161,2023-12-17 09:00:00,2023-12-17 14:32:55,High,Database,DB_Admin
1162,2023-06-20 18:00:00,2023-06-20 20:57:55,Critical,Access,DB_Admin
1163,2023-11-27 03:00:00,2023-11-27 14:04:56,Medium,Network,Security
1164,2023-11-11 12:00:00,2023-11-12 08:13:40,Low,Access,Support_Team_A
1165,2023-06-26 00:00:00,2023-06-26 18:25:24,Low,Access,Support_Team_B
1166,2023-06-06 23:00:00,2023-06-07 03:52:07,High,Access,Infrastructure
1167,2023-12-19 14:00:00,2023-12-20 13:35:31,Low,Network,Support_Team_B
1168,2023-07-16 02:00:00,2023-07-16 17:43:08,Low,Access,Infrastructure
1169,2023-02-21 21:00:00,2023-02-22 04:46:46,Medium,Access,Infrastructure
1170,2023-08-30 08:00:00,2023-08-31 00:25:23,Medium,Database,Infrastructure
1171,2023-05-05 18:00:00,2023-05-06 03:41:39,Medium,Access,Support_Team_B
1172,2023-06-10 07:00:00,2023-06-10 21:39:41,Medium,Network,Support_Team_B
1173,2023-06-06 11:00:00,2023-06-06 21:04:06,Medium,Hardware,DB_Admin
1174,2023-09-01 01:00:00,2023-09-01 15:06:27,Medium,Software,Support_Team_A
1175,2023-02-23 13:00:00,2023-02-23 15:31:51,Critical,Database,Support_Team_A
1176,2023-01-29 20:00:00,2023-01-29 23:34:40,Critical,Network,DB_Admin
1177,2023-08-04 07:00:00,2023-08-04 09:30:57,Critical,Database,Infrastructure
1178,2023-12-02 01:00:00,2023-12-02 12:50:42,Medium,Database,Infrastructure
1179,2023-09-29 14:00:00,2023-09-30 03:25:40,Medium,Database,Support_Team_B
1180,2023-02-06 23:00:00,2023-02-07 02:06:42,Critical,Access,DB_Admin
1181,2023-01-23 05:00:00,2023-01-23 11:03:08,High,Access,Support_Team_B
1182,2023-11-09 02:00:00,2023-11-09 21:35:43,Low,Database,Security
1183,2023-08-04 11:00:00,2023-08-05 14:57:48,Low,Software,Support_Team_B
1184,2023-09-17 00:00:00,2023-09-17 14:46:09,Low,Network,Infrastructure
1185,2023-06-27 06:00:00,2023-06-27 18:08:09,Medium,Database,Infrastructure
1186,2023-06-11 21:00:00,2023-06-12 03:00:11,High,Access,DB_Admin
1187,2023-08-23 05:00:00,2023-08-23 11:16:38,High,Hardware,Security
1188,2023-10-17 09:00:00,2023-10-17 21:23:28,Medium,Access,Infrastructure
1189,2023-09-07 05:00:00,2023-09-07 08:17:41,Critical,Network,Security
1190,2023-05-03 19:00:00,2023-05-04 12:07:25,Medium,Database,Support_Team_B
1191,2023-03-10 04:00:00,2023-03-10 11:20:38,High,Hardware,DB_Admin
1192,2023-10-23 01:00:00,2023-10-23 03:44:50,Critical,Hardware,Support_Team_B
1193,2023-04-13 02:00:00,2023-04-13 04:01:30,Critical,Software,Support_Team_B
1194,2023-10-15 18:00:00,2023-10-15 21:46:57,Critical,Hardware,DB_Admin
1195,2023-12-31 12:00:00,2023-12-31 15:48:34,High,Access,Infrastructure
1196,2023-06-21 07:00:00,2023-06-22 04:23:43,Low,Access,Support_Team_A
1197,2023-04-22 12:00:00,2023-04-23 21:46:33,Low,Hardware,Infrastructure
1198,2023-11-22 07:00:00,2023-11-22 16:32:54,Low,Access,Infrastructure
1199,2023-06-27 08:00:00,2023-06-27 13:41:59,High,Network,DB_Admin
1200,2023-06-25 22:00:00,2023-06-25 23:53:57,High,Software,Security
1201,2023-03-24 18:00:00,2023-03-24 21:12:32,High,Database,Support_Team_B
1202,2023-04-30 03:00:00,2023-04-30 07:31:18,High,Network,Infrastructure
1203,2023-12-15 11:00:00,2023-12-15 12:05:09,Critical,Access,Support_Team_A
1204,2023-09-18 03:00:00,2023-09-18 09:36:52,High,Access,Support_Team_B
1205,2023-04-25 09:00:00,2023-04-25 16:15:18,High,Access,DB_Admin
1206,2023-10-04 07:00:00,2023-10-05 02:12:30,Low,Software,Support_Team_B
1207,2023-08-23 13:00:00,2023-08-24 01:57:53,Medium,Network,Infrastructure
1208,2023-07-18 21:00:00,2023-07-19 04:44:15,High,Database,Security
1209,2023-07-05 04:00:00,2023-07-05 07:05:34,Critical,Network,DB_Admin
1210,2023-12-22 15:00:00,2023-12-22 17:20:46,Critical,Access,Support_Team_B
1211,2023-05-06 12:00:00,2023-05-07 03:58:05,Low,Hardware,Support_Team_B
1212,2023-06-21 18:00:00,2023-06-22 19:49:54,Low,Hardware,Support_Team_B
1213,2023-09-29 01:00:00,2023-09-29 18:11:26,Low,Software,Support_Team_A
1214,2023-11-20 00:00:00,2023-11-20 22:39:18,Low,Software,Security
1215,2023-12-24 16:00:00,2023-12-25 16:21:13,Low,Software,Infrastructure
1216,2023-04-17 00:00:00,2023-04-17 17:37:15,Low,Access,Infrastructure
1217,2023-06-06 13:00:00,2023-06-06 18:15:40,Medium,Network,Security
1218,2023-03-28 07:00:00,2023-03-28 16:54:41,Medium,Database,Support_Team_B
1219,2023-01-20 12:00:00,2023-01-21 01:46:38,Low,Network,Infrastructure
1220,2023-11-22 01:00:00,2023-11-22 04:58:04,Critical,Database,Infrastructure
1221,2023-10-31 16:00:00,2023-11-01 09:29:44,Medium,Database,Support_Team_B
1222,2023-11-08 16:00:00,2023-11-08 20:36:34,Critical,Database,DB_Admin
1223,2023-07-31 09:00:00,2023-07-31 13:21:21,High,Access,DB_Admin
1224,2023-06-05 01:00:00,2023-06-05 18:09:09,Low,Access,Infrastructure
1225,2023-09-07 16:00:00,2023-09-07 19:36:13,Critical,Network,Support_Team_B
1226,2023-07-27 05:00:00,2023-07-27 23:02:26,Low,Software,DB_Admin
1227,2023-04-04 01:00:00,2023-04-04 06:00:24,High,Network,Security
1228,2023-01-06 16:00:00,2023-01-06 20:19:30,Critical,Access,Infrastructure
1229,2023-01-07 05:00:00,2023-01-07 08:12:41,Critical,Network,DB_Admin
1230,2023-06-07 20:00:00,2023-06-08 21:18:47,Low,Database,Infrastructure
1231,2023-05-09 17:00:00,2023-05-09 21:24:51,Critical,Database,Security
1232,2023-09-27 11:00:00,2023-09-27 20:59:42,Medium,Hardware,Security
1233,2023-09-16 07:00:00,2023-09-16 18:25:37,Medium,Network,Support_Team_A
1234,2023-10-16 05:00:00,2023-10-16 21:29:22,Medium,Database,DB_Admin
1235,2023-07-05 14:00:00,2023-07-05 21:57:55,High,Database,Infrastructure
1236,2023-10-09 21:00:00,2023-10-10 08:10:38,Medium,Software,Support_Team_B
1237,2023-04-04 06:00:00,2023-04-04 10:31:13,High,Software,Security
1238,2023-11-06 02:00:00,2023-11-06 08:28:49,High,Database,Security
1239,2023-05-09 04:00:00,2023-05-09 10:39:13,High,Software,Support_Team_B
1240,2023-02-03 21:00:00,2023-02-04 16:01:17,Low,Hardware,Support_Team_A
1241,2023-07-12 14:00:00,2023-07-12 19:45:11,High,Hardware,Security
1242,2023-01-06 14:00:00,2023-01-07 01:03:25,Medium,Software,Support_Team_B
1243,2023-01-11 01:00:00,2023-01-11 03:55:08,Critical,Hardware,Infrastructure
1244,2023-10-14 21:00:00,2023-10-15 00:03:21,High,Access,Infrastructure
1245,2023-11-13 13:00:00,2023-11-14 15:53:32,Low,Network,Support_Team_A
1246,2023-04-10 17:00:00,2023-04-11 07:00:36,Low,Network,Security
1247,2023-02-18 17:00:00,2023-02-18 20:04:09,Critical,Hardware,Support_Team_B
1248,2023-06-20 17:00:00,2023-06-20 20:40:59,Critical,Software,Support_Team_A
1249,2023-06-19 22:00:00,2023-06-20 00:57:03,Critical,Access,Support_Team_B
1250,2023-01-23 21:00:00,2023-01-24 21:27:05,Medium,Access,Support_Team_A
1251,2023-12-22 18:00:00,2023-12-23 04:11:10,Medium,Access,Security
1252,2023-08-02 01:00:00,2023-08-02 09:05:49,High,Hardware,Support_Team_A
1253,2023-12-22 14:00:00,2023-12-23 06:19:43,Low,Network,Security
1254,2023-07-23 23:00:00,2023-07-24 10:02:57,Medium,Network,Support_Team_A
1255,2023-05-29 16:00:00,2023-05-30 01:28:34,Low,Hardware,Security
1256,2023-08-10 12:00:00,2023-08-11 07:42:37,Low,Hardware,Infrastructure
1257,2023-03-23 16:00:00,2023-03-23 18:33:35,Critical,Hardware,Support_Team_A
1258,2023-01-29 16:00:00,2023-01-29 20:15:15,Critical,Database,Support_Team_B
1259,2023-09-11 12:00:00,2023-09-12 11:39:18,Low,Hardware,Support_Team_B
1260,2023-12-08 06:00:00,2023-12-09 12:55:31,Low,Database,Infrastructure
1261,2023-02-10 23:00:00,2023-02-11 21:29:43,Low,Network,Support_Team_B
1262,2023-03-15 07:00:00,2023-03-15 23:17:03,Medium,Access,Support_Team_B
1263,2023-08-05 05:00:00,2023-08-05 12:27:29,High,Access,Support_Team_B
1264,2023-01-15 13:00:00,2023-01-15 14:52:42,Critical,Network,Support_Team_B
1265,2023-06-21 03:00:00,2023-06-22 02:32:48,Low,Access,Security
1266,2023-07-21 04:00:00,2023-07-21 05:39:32,Critical,Hardware,DB_Admin
1267,2023-05-08 09:00:00,2023-05-08 15:03:46,High,Network,Security
1268,2023-07-07 22:00:00,2023-07-08 11:09:24,Medium,Software,DB_Admin
1269,2023-04-16 19:00:00,2023-04-16 22:06:02,Critical,Network,Infrastructure
1270,2023-09-08 14:00:00,2023-09-08 18:28:41,Critical,Software,DB_Admin
1271,2023-09-16 18:00:00,2023-09-17 06:32:37,Medium,Software,DB_Admin
1272,2023-09-06 13:00:00,2023-09-07 10:17:55,Medium,Network,Support_Team_A
1273,2023-09-22 12:00:00,2023-09-22 21:08:44,Medium,Database,Security
1274,2023-04-16 05:00:00,2023-04-16 10:46:11,High,Network,Security
1275,2023-08-08 20:00:00,2023-08-09 20:26:44,Low,Software,DB_Admin
1276,2023-02-15 12:00:00,2023-02-16 13:08:37,Low,Hardware,Support_Team_B
1277,2023-01-22 08:00:00,2023-01-22 20:48:23,Medium,Software,Security
1278,2023-05-11 19:00:00,2023-05-12 09:37:53,Low,Software,DB_Admin
1279,2023-09-23 06:00:00,2023-09-23 09:31:09,Critical,Database,DB_Admin
1280,2023-06-24 17:00:00,2023-06-25 21:22:00,Low,Network,Support_Team_B
1281,2023-02-18 09:00:00,2023-02-18 22:05:49,Low,Hardware,Security
1282,2023-02-24 14:00:00,2023-02-24 16:59:08,Critical,Software,Infrastructure
1283,2023-10-11 22:00:00,2023-10-12 04:52:19,High,Software,DB_Admin
1284,2023-07-01 11:00:00,2023-07-02 08:57:47,Low,Software,Infrastructure
1285,2023-02-23 04:00:00,2023-02-23 18:54:56,Medium,Database,Support_Team_A
1286,2023-03-11 02:00:00,2023-03-11 16:08:44,Medium,Database,Security
1287,2023-05-10 08:00:00,2023-05-10 20:29:38,Medium,Database,Support_Team_B
1288,2023-05-03 03:00:00,2023-05-03 05:08:51,Critical,Software,DB_Admin
1289,2023-09-02 08:00:00,2023-09-02 10:59:20,Critical,Access,Support_Team_A
1290,2023-04-24 21:00:00,2023-04-25 20:40:21,Medium,Database,Security
1291,2023-12-11 12:00:00,2023-12-11 17:48:57,High,Hardware,DB_Admin
1292,2023-10-30 10:00:00,2023-10-30 14:59:34,High,Network,DB_Admin
1293,2023-08-10 15:00:00,2023-08-10 21:37:11,High,Access,Security
1294,2023-08-09 19:00:00,2023-08-10 03:01:09,Medium,Database,DB_Admin
1295,2023-05-27 00:00:00,2023-05-27 03:00:56,Critical,Database,Infrastructure
1296,2023-09-03 18:00:00,2023-09-03 21:22:03,Critical,Access,Security
1297,2023-01-01 03:00:00,2023-01-02 04:12:07,Low,Network,DB_Admin
1298,2023-01-12 03:00:00,2023-01-12 21:55:28,Medium,Network,Support_Team_A
1299,2023-07-25 00:00:00,2023-07-25 09:38:05,Medium,Hardware,Infrastructure
1300,2023-01-15 19:00:00,2023-01-15 23:18:25,High,Database,DB_Admin
1301,2023-04-16 14:00:00,2023-04-17 08:20:46,Low,Software,Security
1302,2023-08-31 19:00:00,2023-09-01 10:18:32,Medium,Hardware,Infrastructure
1303,2023-09-08 14:00:00,2023-09-09 02:14:57,Medium,Hardware,Infrastructure
1304,2023-07-25 00:00:00,2023-07-25 19:07:24,Low,Database,Security
1305,2023-05-29 10:00:00,2023-05-30 07:27:17,Low,Network,Security
1306,2023-04-29 00:00:00,2023-04-29 02:04:16,Critical,Database,Support_Team_A
1307,2023-07-25 01:00:00,2023-07-26 11:40:41,Low,Database,Security
1308,2023-02-23 13:00:00,2023-02-24 12:00:03,Low,Network,Infrastructure
1309,2023-10-24 11:00:00,2023-10-24 16:04:05,Critical,Software,Support_Team_B
1310,2023-01-08 19:00:00,2023-01-08 22:50:16,Critical,Software,Infrastructure
1311,2023-12-24 23:00:00,2023-12-25 18:29:24,Low,Network,DB_Admin
1312,2023-04-13 02:00:00,2023-04-13 06:48:01,High,Database,Support_Team_B
1313,2023-04-15 13:00:00,2023-04-16 13:05:48,Low,Access,Security
1314,2023-12-11 13:00:00,2023-12-12 06:39:58,Low,Hardware,Security
1315,2023-07-17 19:00:00,2023-07-18 00:01:21,Critical,Hardware,Support_Team_B
1316,2023-08-18 11:00:00,2023-08-19 13:15:45,Low,Access,DB_Admin
1317,2023-02-03 15:00:00,2023-02-03 17:27:07,Critical,Network,Support_Team_A
1318,2023-09-30 01:00:00,2023-09-30 06:35:16,Critical,Hardware,Support_Team_B
1319,2023-11-25 07:00:00,2023-11-25 21:47:44,Medium,Access,Security
1320,2023-05-14 20:00:00,2023-05-15 02:56:56,Medium,Hardware,Support_Team_A
1321,2023-07-01 18:00:00,2023-07-01 21:35:58,Critical,Network,DB_Admin
1322,2023-03-03 03:00:00,2023-03-04 07:05:38,Low,Access,Security
1323,2023-09-07 08:00:00,2023-09-07 17:08:50,High,Hardware,Infrastructure
1324,2023-08-24 04:00:00,2023-08-24 16:31:09,Low,Network,Support_Team_B
1325,2023-08-27 17:00:00,2023-08-27 20:16:43,Critical,Database,Support_Team_B
1326,2023-10-28 16:00:00,2023-10-29 10:57:23,Low,Hardware,Support_Team_B
1327,2023-09-13 04:00:00,2023-09-13 20:19:42,Medium,Software,Support_Team_A
1328,2023-02-07 05:00:00,2023-02-07 13:05:06,Medium,Database,Support_Team_B
1329,2023-07-16 09:00:00,2023-07-17 00:58:28,Low,Network,Support_Team_A
1330,2023-07-28 07:00:00,2023-07-28 10:32:25,Critical,Access,Support_Team_A
1331,2023-08-15 13:00:00,2023-08-15 20:12:23,Medium,Database,Support_Team_B
1332,2023-05-20 03:00:00,2023-05-20 07:57:52,High,Database,Security
1333,2023-04-07 11:00:00,2023-04-08 09:22:40,Low,Access,DB_Admin
1334,2023-12-26 15:00:00,2023-12-27 12:16:51,Low,Network,Support_Team_B
1335,2023-02-11 00:00:00,2023-02-11 05:18:20,High,Hardware,DB_Admin
1336,2023-07-05 04:00:00,2023-07-05 18:43:50,Low,Access,Support_Team_A
1337,2023-02-15 11:00:00,2023-02-15 11:47:55,Critical,Network,Infrastructure
1338,2023-03-15 15:00:00,2023-03-16 01:00:19,Low,Network,Security
1339,2023-06-07 19:00:00,2023-06-07 22:53:41,Critical,Database,Support_Team_A
1340,2023-08-04 08:00:00,2023-08-04 10:43:30,Critical,Database,DB_Admin
1341,2023-03-02 02:00:00,2023-03-02 14:27:23,Medium,Hardware,DB_Admin
1342,2023-11-09 15:00:00,2023-11-10 10:02:55,Low,Software,Support_Team_B
1343,2023-12-28 09:00:00,2023-12-28 12:30:55,High,Network,Security
1344,2023-09-26 13:00:00,2023-09-27 00:43:42,Medium,Software,Infrastructure
1345,2023-08-29 05:00:00,2023-08-29 12:13:02,High,Network,Support_Team_B
1346,2023-12-09 04:00:00,2023-12-09 08:10:56,High,Software,Infrastructure
1347,2023-09-22 07:00:00,2023-09-23 07:12:41,Low,Database,Infrastructure
1348,2023-06-03 23:00:00,2023-06-04 02:17:17,Medium,Network,Security
1349,2023-04-04 16:00:00,2023-04-05 12:30:51,Low,Access,DB_Admin
1350,2023-06-05 06:00:00,2023-06-05 09:18:41,Critical,Hardware,DB_Admin
1351,2023-04-15 06:00:00,2023-04-15 09:05:27,Critical,Network,DB_Admin
1352,2023-08-13 19:00:00,2023-08-13 23:09:00,Critical,Database,Support_Team_B
1353,2023-05-22 03:00:00,2023-05-22 19:28:27,Medium,Database,DB_Admin
1354,2023-05-19 02:00:00,2023-05-19 17:30:16,Medium,Network,DB_Admin
1355,2023-04-03 07:00:00,2023-04-03 08:49:15,Critical,Hardware,DB_Admin
1356,2023-04-18 21:00:00,2023-04-19 04:51:07,High,Software,DB_Admin
1357,2023-12-30 20:00:00,2023-12-31 15:06:43,Low,Hardware,Infrastructure
1358,2023-04-10 08:00:00,2023-04-11 00:08:38,Low,Network,Security
1359,2023-10-08 17:00:00,2023-10-09 00:22:33,High,Access,Infrastructure
1360,2023-04-14 17:00:00,2023-04-15 09:44:09,Medium,Software,Support_Team_B
1361,2023-05-07 02:00:00,2023-05-07 18:59:25,Low,Database,DB_Admin
1362,2023-07-02 04:00:00,2023-07-02 15:06:44,Medium,Database,Support_Team_B
1363,2023-06-07 15:00:00,2023-06-08 12:35:59,Low,Network,Support_Team_A
1364,2023-11-22 08:00:00,2023-11-22 15:34:03,Medium,Database,DB_Admin
1365,2023-11-17 00:00:00,2023-11-17 03:55:38,High,Hardware,Security
1366,2023-12-02 11:00:00,2023-12-02 13:15:06,Critical,Hardware,Support_Team_B
1367,2023-05-12 22:00:00,2023-05-13 09:54:54,Medium,Software,Security
1368,2023-01-11 05:00:00,2023-01-11 14:01:51,High,Access,Support_Team_B
1369,2023-05-19 11:00:00,2023-05-19 20:59:57,Medium,Software,Support_Team_B
1370,2023-10-27 21:00:00,2023-10-28 01:05:56,Critical,Network,Security
1371,2023-06-18 11:00:00,2023-06-18 14:02:12,Critical,Access,Support_Team_A
1372,2023-09-17 16:00:00,2023-09-17 22:16:05,High,Access,DB_Admin
1373,2023-12-25 13:00:00,2023-12-26 05:26:33,Low,Database,Support_Team_A
1374,2023-11-05 07:00:00,2023-11-05 08:43:27,Critical,Software,Support_Team_B
1375,2023-12-21 02:00:00,2023-12-21 06:35:58,Critical,Software,DB_Admin
1376,2023-09-22 11:00:00,2023-09-23 10:30:56,Low,Hardware,Infrastructure
1377,2023-10-28 01:00:00,2023-10-28 01:30:00,Critical,Network,Infrastructure
1378,2023-11-11 22:00:00,2023-11-12 09:25:58,Medium,Access,Infrastructure
1379,2023-02-07 05:00:00,2023-02-07 18:02:06,Medium,Access,Security
1380,2023-03-03 17:00:00,2023-03-04 15:31:22,Low,Hardware,DB_Admin
1381,2023-04-03 08:00:00,2023-04-03 10:23:07,Critical,Access,Infrastructure
1382,2023-11-04 19:00:00,2023-11-05 10:43:05,Low,Hardware,Security
1383,2023-05-18 20:00:00,2023-05-18 22:15:02,Critical,Software,Infrastructure
1384,2023-08-10 05:00:00,2023-08-10 17:50:31,Medium,Software,Support_Team_A
1385,2023-03-19 22:00:00,2023-03-20 01:57:08,Critical,Network,Support_Team_A
1386,2023-12-24 14:00:00,2023-12-24 16:48:08,Critical,Database,DB_Admin
1387,2023-04-20 03:00:00,2023-04-20 06:28:08,Critical,Database,Security
1388,2023-01-30 23:00:00,2023-01-31 16:18:44,Medium,Network,DB_Admin
1389,2023-04-13 11:00:00,2023-04-14 01:33:16,Medium,Hardware,Support_Team_B
1390,2023-02-05 00:00:00,2023-02-05 03:46:30,Critical,Network,Infrastructure
1391,2023-11-01 15:00:00,2023-11-01 19:45:03,High,Hardware,Support_Team_A
1392,2023-03-31 19:00:00,2023-04-01 09:45:37,Medium,Software,DB_Admin
1393,2023-06-22 18:00:00,2023-06-23 15:21:56,Low,Access,Security
1394,2023-12-07 09:00:00,2023-12-08 03:16:46,Low,Database,Security
1395,2023-06-12 09:00:00,2023-06-12 21:46:24,Medium,Database,Security
1396,2023-11-06 18:00:00,2023-11-06 21:23:28,Critical,Access,Support_Team_A
1397,2023-01-05 11:00:00,2023-01-05 20:06:14,Medium,Database,Infrastructure
1398,2023-05-22 17:00:00,2023-05-23 18:55:50,Low,Hardware,Support_Team_B
1399,2023-02-07 14:00:00,2023-02-07 22:14:59,High,Software,Support_Team_B
1400,2023-01-23 03:00:00,2023-01-23 09:13:36,High,Network,Support_Team_A
1401,2023-02-03 11:00:00,2023-02-04 06:03:32,Low,Access,Support_Team_B
1402,2023-04-21 03:00:00,2023-04-21 06:27:29,High,Database,DB_Admin
1403,2023-05-02 02:00:00,2023-05-02 06:45:59,Critical,Database,Infrastructure
1404,2023-01-25 11:00:00,2023-01-26 12:11:34,Low,Network,Infrastructure
1405,2023-09-09 14:00:00,2023-09-09 16:50:45,Critical,Software,Security
1406,2023-02-14 07:00:00,2023-02-14 11:07:12,High,Access,Support_Team_B
1407,2023-03-25 07:00:00,2023-03-25 13:39:20,High,Network,DB_Admin
1408,2023-10-10 11:00:00,2023-10-11 00:28:02,Medium,Hardware,DB_Admin
1409,2023-02-09 17:00:00,2023-02-10 13:45:25,Low,Database,DB_Admin
1410,2023-03-01 20:00:00,2023-03-01 23:13:53,Critical,Database,Infrastructure
1411,2023-10-19 12:00:00,2023-10-19 12:30:00,High,Network,DB_Admin
1412,2023-08-30 13:00:00,2023-08-30 18:01:41,Medium,Database,DB_Admin
1413,2023-12-05 20:00:00,2023-12-05 23:04:58,Critical,Access,Support_Team_B
1414,2023-06-08 20:00:00,2023-06-09 00:14:53,High,Hardware,Support_Team_A
1415,2023-03-22 16:00:00,2023-03-23 17:03:04,Low,Access,Support_Team_A
1416,2023-05-22 12:00:00,2023-05-22 13:31:17,Critical,Access,Support_Team_A
1417,2023-08-16 20:00:00,2023-08-17 03:23:16,High,Database,Support_Team_B
1418,2023-01-08 17:00:00,2023-01-09 10:20:07,Medium,Network,Infrastructure
1419,2023-02-16 07:00:00,2023-02-16 10:21:43,High,Network,DB_Admin
1420,2023-08-10 03:00:00,2023-08-10 23:53:53,Low,Software,Infrastructure
1421,2023-08-22 00:00:00,2023-08-22 03:02:52,Critical,Database,DB_Admin
1422,2023-01-20 21:00:00,2023-01-21 03:01:25,Medium,Hardware,Infrastructure
1423,2023-08-19 16:00:00,2023-08-19 17:15:12,Critical,Access,Support_Team_A
1424,2023-04-03 16:00:00,2023-04-03 19:31:26,Critical,Hardware,Security
1425,2023-08-17 18:00:00,2023-08-17 21:36:46,Critical,Access,Support_Team_A
1426,2023-12-22 17:00:00,2023-12-22 23:07:00,High,Database,Infrastructure
1427,2023-01-13 18:00:00,2023-01-13 21:39:24,Medium,Database,Infrastructure
1428,2023-08-30 09:00:00,2023-08-31 01:07:57,Low,Hardware,Infrastructure
1429,2023-01-22 06:00:00,2023-01-22 12:47:20,High,Access,DB_Admin
1430,2023-04-24 07:00:00,2023-04-24 08:05:42,Critical,Hardware,DB_Admin
1431,2023-03-21 18:00:00,2023-03-21 22:27:57,High,Network,Support_Team_A
1432,2023-07-05 08:00:00,2023-07-05 10:46:09,Critical,Software,Security
1433,2023-06-12 05:00:00,2023-06-12 10:42:36,High,Access,Infrastructure
1434,2023-05-28 13:00:00,2023-05-28 17:51:06,High,Hardware,Support_Team_A
1435,2023-09-13 11:00:00,2023-09-14 09:53:48,Low,Hardware,Support_Team_A
1436,2023-10-30 22:00:00,2023-10-31 19:41:30,Low,Access,DB_Admin
1437,2023-04-16 04:00:00,2023-04-16 17:28:01,Medium,Network,Security
1438,2023-12-24 11:00:00,2023-12-24 16:54:34,High,Network,Support_Team_B
1439,2023-03-09 01:00:00,2023-03-09 07:34:34,Medium,Hardware,Support_Team_A
1440,2023-11-10 14:00:00,2023-11-10 17:51:11,Critical,Database,Support_Team_A
1441,2023-01-03 19:00:00,2023-01-03 23:02:14,High,Software,DB_Admin
1442,2023-03-01 10:00:00,2023-03-01 17:15:10,High,Access,Support_Team_A
1443,2023-03-12 09:00:00,2023-03-12 18:46:36,High,Software,DB_Admin
1444,2023-08-02 02:00:00,2023-08-02 10:39:20,Medium,Network,Support_Team_B
1445,2023-05-12 10:00:00,2023-05-12 16:03:30,High,Network,DB_Admin
1446,2023-08-06 20:00:00,2023-08-07 01:05:53,Critical,Software,Infrastructure
1447,2023-04-12 22:00:00,2023-04-13 12:21:52,Medium,Network,Support_Team_A
1448,2023-01-11 09:00:00,2023-01-11 20:15:50,Low,Hardware,DB_Admin
1449,2023-08-28 03:00:00,2023-08-28 08:25:49,High,Network,Support_Team_B
1450,2023-07-13 09:00:00,2023-07-13 19:58:02,Medium,Hardware,Support_Team_A
1451,2023-08-01 13:00:00,2023-08-01 18:10:44,High,Database,Security
1452,2023-02-04 15:00:00,2023-02-05 03:32:49,Medium,Software,Security
1453,2023-02-04 10:00:00,2023-02-05 19:30:54,Low,Access,Support_Team_A
1454,2023-02-28 18:00:00,2023-02-28 21:41:02,Critical,Access,Support_Team_B
1455,2023-11-01 08:00:00,2023-11-01 11:30:01,High,Network,Infrastructure
1456,2023-05-16 06:00:00,2023-05-17 02:10:06,Low,Access,DB_Admin
1457,2023-03-31 23:00:00,2023-04-01 16:00:55,Low,Access,Support_Team_A
1458,2023-11-08 00:00:00,2023-11-08 05:31:37,High,Access,Security
1459,2023-06-08 04:00:00,2023-06-08 19:16:55,Medium,Hardware,DB_Admin
1460,2023-06-26 03:00:00,2023-06-26 06:32:40,High,Access,Support_Team_B
1461,2023-08-14 12:00:00,2023-08-14 15:00:46,High,Access,Security
1462,2023-01-21 15:00:00,2023-01-22 14:36:17,Low,Access,Support_Team_A
1463,2023-08-28 22:00:00,2023-08-29 00:31:47,Critical,Access,Support_Team_B
1464,2023-07-12 16:00:00,2023-07-12 19:14:12,High,Database,DB_Admin
1465,2023-03-28 23:00:00,2023-03-29 07:52:55,Low,Access,Support_Team_A
1466,2023-08-11 11:00:00,2023-08-12 13:13:01,Low,Network,DB_Admin
1467,2023-11-11 16:00:00,2023-11-11 18:18:08,Critical,Database,Security
1468,2023-06-12 20:00:00,2023-06-13 06:27:13,Medium,Database,Support_Team_B
1469,2023-11-26 07:00:00,2023-11-26 09:01:11,Critical,Software,Infrastructure
1470,2023-05-23 03:00:00,2023-05-23 06:19:16,Critical,Access,DB_Admin
1471,2023-08-22 14:00:00,2023-08-23 07:34:11,Medium,Hardware,Support_Team_A
1472,2023-11-29 04:00:00,2023-11-29 16:36:22,Low,Database,DB_Admin
1473,2023-11-13 00:00:00,2023-11-13 05:32:40,High,Database,Support_Team_A
1474,2023-10-31 22:00:00,2023-11-01 03:55:07,Medium,Network,Security
1475,2023-02-17 12:00:00,2023-02-18 00:08:39,Low,Database,Security
1476,2023-08-12 12:00:00,2023-08-12 16:03:36,Critical,Software,Support_Team_A
1477,2023-05-29 13:00:00,2023-05-29 23:26:53,Medium,Database,Support_Team_A
1478,2023-04-11 03:00:00,2023-04-11 11:23:40,Medium,Access,DB_Admin
1479,2023-07-18 23:00:00,2023-07-19 01:06:23,Critical,Database,DB_Admin
1480,2023-11-02 06:00:00,2023-11-02 10:30:22,Medium,Hardware,Infrastructure
1481,2023-07-24 14:00:00,2023-07-24 21:17:17,High,Access,Infrastructure
1482,2023-03-02 22:00:00,2023-03-03 09:14:17,Low,Database,DB_Admin
1483,2023-10-03 22:00:00,2023-10-04 11:36:47,Medium,Network,Support_Team_A
1484,2023-09-10 01:00:00,2023-09-10 21:30:52,Low,Software,DB_Admin
1485,2023-09-03 05:00:00,2023-09-04 07:08:06,Low,Network,Support_Team_A
1486,2023-06-10 14:00:00,2023-06-10 15:27:20,Critical,Database,Security
1487,2023-08-06 04:00:00,2023-08-06 08:09:57,Critical,Access,Security
1488,2023-10-25 02:00:00,2023-10-25 08:01:15,Medium,Hardware,Security
1489,2023-04-05 22:00:00,2023-04-06 13:14:18,Medium,Database,Security
1490,2023-09-03 22:00:00,2023-09-04 03:03:13,Critical,Hardware,Infrastructure
1491,2023-03-27 16:00:00,2023-03-28 12:25:16,Medium,Software,Support_Team_A
1492,2023-01-11 17:00:00,2023-01-12 05:30:12,Medium,Access,Security
1493,2023-04-03 16:00:00,2023-04-04 13:41:23,Low,Hardware,Security
1494,2023-11-08 07:00:00,2023-11-08 09:21:41,Critical,Database,Support_Team_B
1495,2023-11-07 04:00:00,2023-11-07 07:29:10,Critical,Database,Security
1496,2023-09-20 15:00:00,2023-09-21 00:58:57,High,Hardware,Support_Team_B
1497,2023-10-17 23:00:00,2023-10-19 02:57:07,Low,Database,Security
1498,2023-06-11 14:00:00,2023-06-11 21:04:31,High,Access,DB_Admin
1499,2023-09-08 12:00:00,2023-09-09 03:00:30,Low,Software,DB_Admin
1500,2023-11-26 21:00:00,2023-11-27 03:56:09,High,Software,DB_Admin
1501,2023-11-25 17:00:00,2023-11-26 07:25:46,Low,Hardware,DB_Admin
1502,2023-07-10 18:00:00,2023-07-10 19:24:51,Critical,Database,Support_Team_A
1503,2023-12-24 06:00:00,2023-12-25 07:42:01,Low,Hardware,Security
1504,2023-02-23 07:00:00,2023-02-23 13:57:28,High,Database,Support_Team_A
1505,2023-08-23 12:00:00,2023-08-24 18:53:34,Low,Access,Security
1506,2023-12-16 23:00:00,2023-12-17 01:43:29,Critical,Database,Infrastructure
1507,2023-10-15 09:00:00,2023-10-15 17:08:34,High,Network,Infrastructure
1508,2023-04-25 08:00:00,2023-04-25 18:10:19,Low,Database,Infrastructure
1509,2023-06-27 19:00:00,2023-06-28 17:30:44,Low,Access,DB_Admin
1510,2023-04-26 10:00:00,2023-04-27 10:18:45,Low,Network,DB_Admin
1511,2023-01-19 15:00:00,2023-01-20 01:24:14,High,Access,Support_Team_A
1512,2023-03-28 13:00:00,2023-03-29 09:32:52,Low,Network,Infrastructure
1513,2023-04-01 11:00:00,2023-04-01 19:45:15,High,Network,Infrastructure
1514,2023-01-10 16:00:00,2023-01-11 10:11:03,Low,Database,Support_Team_B
1515,2023-04-14 04:00:00,2023-04-14 07:35:53,Critical,Network,Support_Team_B
1516,2023-06-28 08:00:00,2023-06-28 22:53:23,Medium,Access,Support_Team_B
1517,2023-12-27 00:00:00,2023-12-27 20:54:01,Low,Network,Support_Team_A
1518,2023-04-10 00:00:00,2023-04-10 10:00:38,Medium,Access,Security
1519,2023-09-19 13:00:00,2023-09-20 02:48:39,Medium,Access,Support_Team_B
1520,2023-05-24 22:00:00,2023-05-25 01:19:36,High,Software,Infrastructure
1521,2023-03-21 04:00:00,2023-03-22 07:44:35,Low,Hardware,Security
1522,2023-09-30 05:00:00,2023-09-30 06:27:07,Critical,Network,Security
1523,2023-12-30 12:00:00,2023-12-30 23:50:19,Medium,Access,Security
1524,2023-11-20 23:00:00,2023-11-21 05:08:39,High,Hardware,DB_Admin
1525,2023-10-24 18:00:00,2023-10-25 08:16:59,Low,Network,Security
1526,2023-09-18 18:00:00,2023-09-18 21:43:59,High,Database,Support_Team_A
1527,2023-03-08 11:00:00,2023-03-08 21:40:32,High,Access,DB_Admin
1528,2023-07-06 02:00:00,2023-07-06 10:04:54,High,Network,Infrastructure
1529,2023-03-09 02:00:00,2023-03-09 07:35:09,High,Database,Security
1530,2023-11-11 18:00:00,2023-11-12 02:39:07,Medium,Database,Support_Team_B
1531,2023-12-21 22:00:00,2023-12-22 02:28:34,High,Hardware,Infrastructure
1532,2023-01-08 05:00:00,2023-01-09 08:39:06,Low,Software,Support_Team_A
1533,2023-10-08 17:00:00,2023-10-09 08:55:09,Low,Database,Support_Team_A
1534,2023-11-01 10:00:00,2023-11-01 14:23:44,High,Hardware,Infrastructure
1535,2023-06-21 23:00:00,2023-06-22 08:42:54,Medium,Software,Support_Team_A
1536,2023-03-04 18:00:00,2023-03-05 11:34:43,Low,Database,Support_Team_B
1537,2023-03-25 03:00:00,2023-03-26 01:57:13,Low,Software,DB_Admin
1538,2023-03-30 16:00:00,2023-03-30 18:06:58,Critical,Database,Support_Team_B
1539,2023-03-17 16:00:00,2023-03-18 00:31:01,Medium,Network,Infrastructure
1540,2023-11-15 18:00:00,2023-11-16 13:12:26,Low,Access,Infrastructure
1541,2023-10-19 11:00:00,2023-10-19 14:29:51,High,Network,Support_Team_B
1542,2023-02-20 12:00:00,2023-02-20 20:16:18,High,Software,Security
1543,2023-09-23 06:00:00,2023-09-23 10:13:55,High,Software,Infrastructure
1544,2023-06-30 16:00:00,2023-06-30 22:43:04,Medium,Access,Support_Team_A
1545,2023-12-02 16:00:00,2023-12-02 23:09:33,Medium,Database,Security
1546,2023-05-02 19:00:00,2023-05-02 23:57:10,Critical,Software,Support_Team_B
1547,2023-10-22 09:00:00,2023-10-22 18:00:17,Medium,Database,Support_Team_A
1548,2023-10-29 10:00:00,2023-10-29 18:09:57,High,Software,Support_Team_A
1549,2023-02-19 18:00:00,2023-02-20 10:37:51,Low,Database,Infrastructure
1550,2023-11-01 09:00:00,2023-11-01 21:50:45,Low,Access,Support_Team_B
1551,2023-01-01 14:00:00,2023-01-02 07:14:19,Low,Access,Infrastructure
1552,2023-04-14 11:00:00,2023-04-14 16:12:03,High,Access,DB_Admin
1553,2023-01-03 12:00:00,2023-01-03 15:07:33,Critical,Access,Security
1554,2023-10-03 17:00:00,2023-10-04 10:37:02,Low,Database,Support_Team_B
1555,2023-01-03 06:00:00,2023-01-03 10:22:12,Critical,Access,Support_Team_A
1556,2023-09-03 00:00:00,2023-09-03 05:49:32,High,Network,Security
1557,2023-02-07 16:00:00,2023-02-08 14:36:13,Low,Network,DB_Admin
1558,2023-08-21 03:00:00,2023-08-22 03:08:47,Low,Access,Infrastructure
1559,2023-05-19 15:00:00,2023-05-19 17:02:55,Medium,Database,Support_Team_A
1560,2023-09-20 06:00:00,2023-09-20 18:12:36,Medium,Network,Security
1561,2023-03-14 21:00:00,2023-03-15 05:39:54,High,Access,Support_Team_A
1562,2023-10-26 23:00:00,2023-10-27 12:59:28,Medium,Hardware,Support_Team_A
1563,2023-05-12 19:00:00,2023-05-13 06:31:43,Low,Database,Support_Team_B
1564,2023-11-30 23:00:00,2023-11-30 23:47:40,Critical,Software,DB_Admin
1565,2023-07-30 01:00:00,2023-07-30 03:40:07,Critical,Database,Security
1566,2023-01-12 04:00:00,2023-01-13 07:04:55,Low,Network,Support_Team_A
1567,2023-08-19 13:00:00,2023-08-20 05:59:53,Low,Access,Support_Team_A
1568,2023-05-25 12:00:00,2023-05-25 15:44:30,Critical,Database,Support_Team_B
1569,2023-06-09 01:00:00,2023-06-09 20:32:24,Low,Software,Support_Team_B
1570,2023-11-30 18:00:00,2023-12-01 18:33:03,Low,Access,DB_Admin
1571,2023-02-01 06:00:00,2023-02-01 18:44:36,Medium,Hardware,Support_Team_A
1572,2023-04-28 14:00:00,2023-04-29 07:01:44,Low,Network,Support_Team_A
1573,2023-11-08 10:00:00,2023-11-08 20:44:22,Medium,Database,Support_Team_A
1574,2023-03-14 14:00:00,2023-03-15 12:31:40,Low,Access,DB_Admin
1575,2023-05-31 13:00:00,2023-06-01 04:21:15,Low,Hardware,Security
1576,2023-08-19 07:00:00,2023-08-19 11:07:39,Critical,Network,Support_Team_A
1577,2023-04-04 18:00:00,2023-04-04 22:22:44,High,Hardware,Support_Team_A
1578,2023-04-29 09:00:00,2023-04-29 14:37:47,High,Software,Support_Team_A
1579,2023-07-06 23:00:00,2023-07-07 13:25:52,Medium,Access,Support_Team_B
1580,2023-09-10 12:00:00,2023-09-10 21:53:03,Medium,Access,Support_Team_B
1581,2023-01-28 18:00:00,2023-01-29 05:58:09,Medium,Software,DB_Admin
1582,2023-09-14 18:00:00,2023-09-15 00:20:56,Medium,Software,Security
1583,2023-02-25 02:00:00,2023-02-26 04:57:36,Low,Software,Support_Team_B
1584,2023-03-02 20:00:00,2023-03-03 01:46:15,High,Access,Security
1585,2023-03-28 15:00:00,2023-03-29 01:13:14,Medium,Hardware,Infrastructure
1586,2023-12-24 02:00:00,2023-12-24 04:50:05,Critical,Access,Support_Team_B
1587,2023-04-30 03:00:00,2023-04-30 23:09:31,Low,Database,Support_Team_B
1588,2023-12-08 06:00:00,2023-12-08 20:09:09,Low,Network,Infrastructure
1589,2023-10-13 21:00:00,2023-10-14 10:13:52,Low,Database,Support_Team_B
1590,2023-05-12 00:00:00,2023-05-13 06:43:44,Low,Database,Support_Team_A
1591,2023-09-05 01:00:00,2023-09-05 17:29:56,Medium,Access,Support_Team_B
1592,2023-07-08 16:00:00,2023-07-09 18:57:04,Low,Hardware,Support_Team_A
1593,2023-04-12 20:00:00,2023-04-12 22:48:43,Critical,Access,Support_Team_B
1594,2023-04-20 01:00:00,2023-04-21 02:35:40,Low,Software,Infrastructure
1595,2023-07-14 14:00:00,2023-07-15 02:15:28,Medium,Access,Infrastructure
1596,2023-08-17 05:00:00,2023-08-17 07:52:24,Critical,Software,Support_Team_A
1597,2023-02-05 19:00:00,2023-02-06 12:04:18,Medium,Hardware,Support_Team_A
1598,2023-11-28 03:00:00,2023-11-29 03:12:45,Low,Software,Support_Team_B
1599,2023-10-31 15:00:00,2023-10-31 19:11:39,High,Access,Support_Team_B
1600,2023-08-11 08:00:00,2023-08-11 14:51:27,Medium,Software,Infrastructure
1601,2023-06-05 11:00:00,2023-06-06 08:39:02,Low,Hardware,Security
1602,2023-05-17 12:00:00,2023-05-17 15:18:23,Critical,Hardware,Support_Team_A
1603,2023-11-18 12:00:00,2023-11-18 14:54:06,Critical,Software,Security
1604,2023-04-09 22:00:00,2023-04-10 11:19:33,Medium,Database,Security
1605,2023-05-02 13:00:00,2023-05-02 15:46:15,Critical,Network,Support_Team_B
1606,2023-11-09 11:00:00,2023-11-09 19:42:45,Medium,Network,Infrastructure
1607,2023-05-19 01:00:00,2023-05-19 05:22:16,High,Hardware,Support_Team_A
1608,2023-02-10 17:00:00,2023-02-10 21:44:33,High,Hardware,Support_Team_A
1609,2023-11-14 19:00:00,2023-11-14 21:40:25,Critical,Access,Support_Team_B
1610,2023-08-23 13:00:00,2023-08-23 23:52:31,Medium,Network,DB_Admin
1611,2023-04-18 00:00:00,2023-04-18 11:29:13,Medium,Database,DB_Admin
1612,2023-06-06 19:00:00,2023-06-07 18:55:14,Low,Access,DB_Admin
1613,2023-11-30 23:00:00,2023-12-01 12:20:37,Medium,Database,Security
1614,2023-11-12 21:00:00,2023-11-12 23:59:13,High,Software,Security
1615,2023-06-18 09:00:00,2023-06-19 00:59:02,Medium,Network,Security
1616,2023-06-01 19:00:00,2023-06-02 01:55:19,Medium,Database,Support_Team_A
1617,2023-10-13 04:00:00,2023-10-13 17:57:40,Low,Software,Security
1618,2023-12-11 05:00:00,2023-12-12 03:39:12,Low,Access,DB_Admin
1619,2023-09-27 04:00:00,2023-09-27 07:36:57,Critical,Software,Security
1620,2023-12-05 02:00:00,2023-12-05 10:21:28,Medium,Software,DB_Admin
1621,2023-01-09 11:00:00,2023-01-09 13:40:02,Critical,Hardware,Support_Team_B
1622,2023-09-02 16:00:00,2023-09-02 21:32:38,High,Hardware,Support_Team_A
1623,2023-01-11 20:00:00,2023-01-11 22:05:36,Critical,Network,Support_Team_B
1624,2023-11-10 12:00:00,2023-11-11 12:47:23,Low,Access,Security
1625,2023-04-05 15:00:00,2023-04-05 17:38:30,Critical,Hardware,Infrastructure
1626,2023-11-13 23:00:00,2023-11-15 01:08:10,Low,Software,Security
1627,2023-08-16 06:00:00,2023-08-17 07:19:36,Low,Network,Security
1628,2023-07-04 04:00:00,2023-07-04 21:41:54,Medium,Software,DB_Admin
1629,2023-08-18 04:00:00,2023-08-18 20:11:31,Low,Database,Infrastructure
1630,2023-02-05 04:00:00,2023-02-06 08:27:42,Low,Access,Infrastructure
1631,2023-11-14 16:00:00,2023-11-15 10:15:33,Low,Network,Infrastructure
1632,2023-04-30 15:00:00,2023-05-01 16:35:54,Low,Database,Support_Team_B
1633,2023-04-05 11:00:00,2023-04-05 18:09:28,High,Hardware,DB_Admin
1634,2023-03-19 12:00:00,2023-03-19 15:49:13,Critical,Database,Support_Team_B
1635,2023-06-03 21:00:00,2023-06-04 01:58:00,High,Network,Infrastructure
1636,2023-12-10 18:00:00,2023-12-10 20:49:21,Critical,Network,Support_Team_A
1637,2023-02-13 06:00:00,2023-02-13 08:50:28,High,Network,Security
1638,2023-11-28 22:00:00,2023-11-29 19:57:21,Low,Access,DB_Admin
1639,2023-12-30 18:00:00,2023-12-30 23:26:20,High,Access,DB_Admin
1640,2023-09-09 07:00:00,2023-09-10 02:27:33,Low,Hardware,Security
1641,2023-03-01 14:00:00,2023-03-02 08:29:08,Low,Access,Support_Team_B
1642,2023-07-16 20:00:00,2023-07-17 15:53:26,Low,Software,Support_Team_B
1643,2023-07-08 09:00:00,2023-07-09 06:05:31,Low,Hardware,Security
1644,2023-04-13 17:00:00,2023-04-14 03:07:15,Medium,Database,Support_Team_A
1645,2023-07-20 03:00:00,2023-07-20 04:12:24,Critical,Database,Support_Team_B
1646,2023-11-20 12:00:00,2023-11-20 17:27:36,High,Access,Security
1647,2023-01-15 15:00:00,2023-01-15 23:51:44,High,Hardware,Support_Team_A
1648,2023-01-16 01:00:00,2023-01-16 14:04:36,Medium,Database,Infrastructure
1649,2023-10-09 01:00:00,2023-10-09 03:19:10,High,Network,Security
1650,2023-12-28 22:00:00,2023-12-29 02:44:27,Critical,Access,Infrastructure
1651,2023-04-01 01:00:00,2023-04-01 08:49:30,High,Hardware,Infrastructure
1652,2023-06-04 19:00:00,2023-06-04 22:11:16,Critical,Network,Infrastructure
1653,2023-02-02 07:00:00,2023-02-02 19:48:48,Medium,Network,Infrastructure
1654,2023-11-08 05:00:00,2023-11-09 01:47:11,Medium,Database,Support_Team_B
1655,2023-07-14 17:00:00,2023-07-15 14:27:41,Medium,Hardware,Support_Team_B
1656,2023-04-21 01:00:00,2023-04-21 13:46:14,Medium,Software,Support_Team_A
1657,2023-08-05 03:00:00,2023-08-05 06:48:06,Medium,Access,Infrastructure
1658,2023-09-10 08:00:00,2023-09-10 21:45:36,Medium,Hardware,DB_Admin
1659,2023-01-24 16:00:00,2023-01-24 20:28:45,High,Network,Support_Team_B
1660,2023-09-12 13:00:00,2023-09-12 15:57:30,Critical,Database,Support_Team_B
1661,2023-12-31 07:00:00,2023-12-31 11:17:34,High,Software,Support_Team_A
1662,2023-10-04 04:00:00,2023-10-04 06:03:48,Critical,Hardware,Security
1663,2023-08-07 14:00:00,2023-08-08 02:48:10,Medium,Software,DB_Admin
1664,2023-12-13 09:00:00,2023-12-13 13:54:35,High,Network,Security
1665,2023-07-17 20:00:00,2023-07-18 14:08:40,Medium,Database,Security
1666,2023-08-20 05:00:00,2023-08-21 05:09:56,Low,Access,Support_Team_A
1667,2023-04-06 04:00:00,2023-04-06 20:24:00,Low,Network,Support_Team_A
1668,2023-10-02 04:00:00,2023-10-02 18:48:38,Medium,Access,Infrastructure
1669,2023-03-05 03:00:00,2023-03-05 10:52:19,High,Software,DB_Admin
1670,2023-05-14 05:00:00,2023-05-14 13:24:39,Medium,Network,Support_Team_B
1671,2023-01-16 09:00:00,2023-01-17 03:25:25,Low,Database,Security
1672,2023-03-01 15:00:00,2023-03-01 17:04:28,Critical,Hardware,Security
1673,2023-08-05 22:00:00,2023-08-06 09:13:22,Low,Network,Security
1674,2023-04-11 23:00:00,2023-04-12 00:55:13,Critical,Network,Security
1675,2023-09-12 12:00:00,2023-09-13 12:59:07,Low,Network,Infrastructure
1676,2023-08-28 20:00:00,2023-08-28 21:33:37,High,Access,DB_Admin
1677,2023-03-01 19:00:00,2023-03-02 02:20:52,Medium,Access,Security
1678,2023-10-30 01:00:00,2023-10-30 09:08:42,High,Hardware,Security
1679,2023-10-10 18:00:00,2023-10-11 07:08:20,Medium,Database,DB_Admin
1680,2023-02-28 18:00:00,2023-03-01 05:40:32,Medium,Hardware,Infrastructure
1681,2023-11-21 00:00:00,2023-11-21 06:40:00,High,Software,DB_Admin
1682,2023-09-14 12:00:00,2023-09-15 05:30:15,Low,Software,Security
1683,2023-07-06 14:00:00,2023-07-06 16:06:58,Critical,Hardware,DB_Admin
1684,2023-11-12 11:00:00,2023-11-12 20:16:40,Medium,Hardware,Support_Team_B
1685,2023-09-18 14:00:00,2023-09-19 01:52:14,High,Database,Security
1686,2023-01-29 19:00:00,2023-01-29 21:51:50,High,Database,Infrastructure
1687,2023-12-04 07:00:00,2023-12-04 10:31:05,Critical,Hardware,Support_Team_A
1688,2023-01-02 16:00:00,2023-01-03 03:16:54,Medium,Network,Infrastructure
1689,2023-11-19 14:00:00,2023-11-20 08:40:38,Low,Network,Security
1690,2023-05-03 10:00:00,2023-05-03 13:09:29,Critical,Hardware,Support_Team_A
1691,2023-03-23 11:00:00,2023-03-23 17:35:40,High,Access,Support_Team_A
1692,2023-09-04 23:00:00,2023-09-05 02:16:55,Critical,Database,Security
1693,2023-06-26 01:00:00,2023-06-26 04:02:00,Critical,Software,Infrastructure
1694,2023-12-16 21:00:00,2023-12-17 05:54:43,Low,Network,Support_Team_B
1695,2023-02-09 22:00:00,2023-02-10 11:17:46,Medium,Network,Security
1696,2023-04-03 11:00:00,2023-04-03 17:06:56,High,Hardware,Support_Team_A
1697,2023-07-06 03:00:00,2023-07-06 10:57:10,High,Access,Infrastructure
1698,2023-02-03 06:00:00,2023-02-03 11:49:22,High,Network,DB_Admin
1699,2023-02-22 10:00:00,2023-02-22 19:34:15,Medium,Hardware,Support_Team_A
1700,2023-04-25 02:00:00,2023-04-25 07:26:08,High,Network,Infrastructure
1701,2023-07-05 07:00:00,2023-07-05 08:17:56,High,Software,DB_Admin
1702,2023-08-29 01:00:00,2023-08-29 12:29:37,Medium,Software,Support_Team_B
1703,2023-12-20 17:00:00,2023-12-20 23:52:59,High,Network,Security
1704,2023-10-09 06:00:00,2023-10-09 09:09:07,High,Hardware,Support_Team_A
1705,2023-05-29 17:00:00,2023-05-29 23:04:31,Medium,Database,Support_Team_B
1706,2023-05-09 15:00:00,2023-05-10 20:57:36,Low,Access,Security
1707,2023-02-22 03:00:00,2023-02-23 02:44:47,Low,Hardware,Support_Team_A
1708,2023-11-24 08:00:00,2023-11-24 14:53:04,High,Network,Infrastructure
1709,2023-04-05 21:00:00,2023-04-05 22:49:24,Critical,Database,DB_Admin
1710,2023-08-22 12:00:00,2023-08-22 16:55:05,Medium,Network,Support_Team_A
1711,2023-03-22 23:00:00,2023-03-23 08:44:23,Medium,Hardware,Support_Team_B
1712,2023-06-04 16:00:00,2023-06-04 22:11:02,High,Hardware,Support_Team_B
1713,2023-03-30 21:00:00,2023-04-01 05:38:58,Low,Access,Support_Team_A
1714,2023-02-23 01:00:00,2023-02-23 21:09:38,Low,Access,Security
1715,2023-01-30 00:00:00,2023-01-30 10:49:45,Medium,Software,Support_Team_A
1716,2023-12-17 12:00:00,2023-12-18 03:52:15,Low,Access,Support_Team_A
1717,2023-06-22 17:00:00,2023-06-23 12:56:32,Low,Software,Infrastructure
1718,2023-01-08 00:00:00,2023-01-08 17:22:02,Low,Software,DB_Admin
1719,2023-05-21 05:00:00,2023-05-21 15:10:45,Medium,Hardware,Infrastructure
1720,2023-01-20 23:00:00,2023-01-21 21:45:18,Low,Hardware,Infrastructure
1721,2023-08-26 10:00:00,2023-08-26 14:32:31,High,Hardware,DB_Admin
1722,2023-06-15 02:00:00,2023-06-15 22:54:05,Low,Software,DB_Admin
1723,2023-01-10 13:00:00,2023-01-11 00:36:46,Medium,Hardware,Infrastructure
1724,2023-04-28 06:00:00,2023-04-28 19:46:39,Low,Software,Support_Team_B
1725,2023-12-11 04:00:00,2023-12-11 05:31:31,Critical,Network,DB_Admin
1726,2023-05-07 09:00:00,2023-05-07 11:32:01,Critical,Software,Support_Team_B
1727,2023-08-31 05:00:00,2023-08-31 07:38:31,Critical,Access,Support_Team_B
1728,2023-12-18 01:00:00,2023-12-18 09:26:15,Medium,Access,Support_Team_A
1729,2023-08-03 13:00:00,2023-08-04 05:34:02,Low,Access,Support_Team_A
1730,2023-12-21 19:00:00,2023-12-22 17:14:31,Medium,Access,Infrastructure
1731,2023-07-16 19:00:00,2023-07-17 16:17:12,Low,Software,Infrastructure
1732,2023-12-04 00:00:00,2023-12-04 09:50:17,Low,Access,Infrastructure
1733,2023-11-08 22:00:00,2023-11-09 02:26:07,High,Access,Support_Team_B
1734,2023-10-06 00:00:00,2023-10-06 07:45:28,High,Access,Support_Team_B
1735,2023-02-17 12:00:00,2023-02-17 13:41:56,Critical,Network,Support_Team_B
1736,2023-01-09 17:00:00,2023-01-09 20:57:37,Critical,Software,Security
1737,2023-10-27 01:00:00,2023-10-27 12:01:44,Low,Software,Support_Team_B
1738,2023-09-27 12:00:00,2023-09-27 16:10:16,Critical,Database,Support_Team_A
1739,2023-04-26 04:00:00,2023-04-26 16:40:30,Low,Network,Support_Team_B
1740,2023-08-20 04:00:00,2023-08-20 23:13:27,Medium,Database,Security
1741,2023-03-25 19:00:00,2023-03-26 07:55:42,Medium,Access,Security
1742,2023-07-10 03:00:00,2023-07-10 07:50:35,High,Access,Infrastructure
1743,2023-11-21 19:00:00,2023-11-21 21:56:54,Critical,Access,DB_Admin
1744,2023-07-10 09:00:00,2023-07-11 01:39:22,Medium,Access,Support_Team_A
1745,2023-03-25 09:00:00,2023-03-25 18:07:13,High,Access,Security
1746,2023-06-07 13:00:00,2023-06-08 06:14:15,Medium,Software,Support_Team_A
1747,2023-02-06 01:00:00,2023-02-06 14:43:45,Low,Access,Support_Team_A
1748,2023-05-03 06:00:00,2023-05-03 09:57:44,Critical,Database,Infrastructure
1749,2023-04-15 06:00:00,2023-04-15 10:44:17,High,Database,DB_Admin
1750,2023-03-07 18:00:00,2023-03-08 17:50:42,Low,Database,Security
1751,2023-11-15 03:00:00,2023-11-15 07:53:21,Medium,Network,Security
1752,2023-12-01 16:00:00,2023-12-02 01:12:56,High,Database,Infrastructure
1753,2023-01-13 01:00:00,2023-01-14 03:43:58,Low,Access,Support_Team_A
1754,2023-09-19 21:00:00,2023-09-20 00:24:17,Critical,Network,Security
1755,2023-10-30 02:00:00,2023-10-30 05:03:18,Critical,Software,Support_Team_A
1756,2023-05-01 17:00:00,2023-05-01 21:53:11,High,Hardware,Security
1757,2023-10-22 00:00:00,2023-10-22 13:35:52,Medium,Network,Security
1758,2023-11-29 18:00:00,2023-11-30 08:12:55,Low,Database,Security
1759,2023-11-17 17:00:00,2023-11-17 21:13:26,Critical,Database,Support_Team_B
1760,2023-12-12 21:00:00,2023-12-13 09:08:34,Low,Access,Infrastructure
1761,2023-12-04 17:00:00,2023-12-04 18:28:39,Critical,Database,Infrastructure
1762,2023-07-14 04:00:00,2023-07-14 10:01:27,High,Software,Support_Team_A
1763,2023-01-31 19:00:00,2023-02-01 02:23:15,Medium,Network,Infrastructure
1764,2023-01-19 08:00:00,2023-01-19 14:17:09,High,Access,Support_Team_A
1765,2023-10-20 06:00:00,2023-10-20 15:54:22,High,Network,Security
1766,2023-08-28 19:00:00,2023-08-29 22:40:49,Low,Hardware,Support_Team_B
1767,2023-06-10 04:00:00,2023-06-10 09:13:52,High,Database,Support_Team_A
1768,2023-02-14 17:00:00,2023-02-15 01:24:41,High,Software,Infrastructure
1769,2023-04-26 21:00:00,2023-04-27 10:08:22,Low,Database,Infrastructure
1770,2023-01-26 12:00:00,2023-01-26 14:50:36,Critical,Access,DB_Admin
1771,2023-12-18 09:00:00,2023-12-18 11:20:53,Critical,Network,Support_Team_A
1772,2023-11-17 15:00:00,2023-11-18 09:27:18,Low,Network,Security
1773,2023-09-24 10:00:00,2023-09-24 15:02:46,High,Database,Support_Team_A
1774,2023-11-30 09:00:00,2023-11-30 21:41:50,Low,Hardware,Infrastructure
1775,2023-12-06 02:00:00,2023-12-06 06:14:42,High,Hardware,DB_Admin
1776,2023-07-24 11:00:00,2023-07-24 17:12:19,High,Access,Support_Team_B
1777,2023-12-06 06:00:00,2023-12-07 05:09:58,Low,Database,Support_Team_B
1778,2023-07-16 04:00:00,2023-07-16 08:02:29,High,Software,Infrastructure
1779,2023-10-02 10:00:00,2023-10-02 18:12:18,Medium,Database,Support_Team_A
1780,2023-03-06 16:00:00,2023-03-06 20:19:08,High,Network,Support_Team_A
1781,2023-12-29 12:00:00,2023-12-29 14:57:19,Critical,Access,Support_Team_B
1782,2023-08-26 02:00:00,2023-08-27 04:42:39,Low,Network,DB_Admin
1783,2023-07-24 17:00:00,2023-07-24 19:48:55,Critical,Database,Infrastructure
1784,2023-05-17 14:00:00,2023-05-17 17:30:58,Critical,Access,Infrastructure
1785,2023-12-18 19:00:00,2023-12-18 23:21:11,Critical,Database,Support_Team_B
1786,2023-01-13 16:00:00,2023-01-14 05:34:56,Medium,Database,Security
1787,2023-05-26 09:00:00,2023-05-26 09:30:00,Critical,Network,DB_Admin
1788,2023-10-24 02:00:00,2023-10-25 04:49:55,Low,Database,Support_Team_B
1789,2023-09-06 16:00:00,2023-09-06 16:55:43,Critical,Hardware,Support_Team_B
1790,2023-04-13 17:00:00,2023-04-13 21:17:27,High,Access,Security
1791,2023-08-06 12:00:00,2023-08-07 09:21:40,Low,Hardware,Security
1792,2023-07-02 05:00:00,2023-07-02 14:47:44,High,Hardware,Infrastructure
1793,2023-06-11 04:00:00,2023-06-11 06:45:11,Critical,Hardware,Support_Team_A
1794,2023-04-13 08:00:00,2023-04-13 22:24:52,Medium,Software,Support_Team_B
1795,2023-07-31 23:00:00,2023-08-01 01:16:32,Critical,Access,DB_Admin
1796,2023-10-25 17:00:00,2023-10-25 19:04:08,Critical,Software,Support_Team_B
1797,2023-04-19 18:00:00,2023-04-19 19:52:09,High,Hardware,Support_Team_A
1798,2023-06-26 09:00:00,2023-06-26 15:18:58,High,Database,Support_Team_B
1799,2023-01-29 19:00:00,2023-01-29 22:17:52,Critical,Software,Support_Team_A
1800,2023-02-27 07:00:00,2023-02-27 16:33:03,High,Database,Infrastructure
1801,2023-02-13 09:00:00,2023-02-13 11:09:22,Critical,Network,Support_Team_A
1802,2023-09-28 22:00:00,2023-09-29 10:37:38,Medium,Hardware,Support_Team_A
1803,2023-12-08 12:00:00,2023-12-09 01:38:53,Low,Database,DB_Admin
1804,2023-12-25 13:00:00,2023-12-25 19:01:40,High,Access,Support_Team_A
1805,2023-06-12 12:00:00,2023-06-13 05:02:34,Low,Network,Infrastructure
1806,2023-09-24 04:00:00,2023-09-24 06:54:05,Medium,Access,Support_Team_B
1807,2023-04-09 11:00:00,2023-04-10 06:56:23,Low,Hardware,Support_Team_B
1808,2023-07-07 10:00:00,2023-07-07 14:41:15,Critical,Access,Infrastructure
1809,2023-02-08 04:00:00,2023-02-08 08:17:10,Critical,Database,Infrastructure
1810,2023-03-19 02:00:00,2023-03-19 06:08:01,High,Database,Security
1811,2023-11-21 04:00:00,2023-11-21 14:13:32,Medium,Network,Support_Team_B
1812,2023-09-05 19:00:00,2023-09-05 22:00:54,Critical,Network,Infrastructure
1813,2023-01-15 09:00:00,2023-01-15 19:24:47,Low,Software,Support_Team_B
1814,2023-06-22 16:00:00,2023-06-22 20:49:11,Critical,Network,Infrastructure
1815,2023-03-25 07:00:00,2023-03-25 21:35:43,Medium,Access,Security
1816,2023-01-06 08:00:00,2023-01-06 12:21:33,Critical,Network,Infrastructure
1817,2023-03-03 14:00:00,2023-03-03 23:22:24,Medium,Network,Support_Team_B
1818,2023-04-20 09:00:00,2023-04-20 12:14:10,Critical,Network,Security
1819,2023-01-24 03:00:00,2023-01-24 11:52:22,High,Software,Security
1820,2023-11-18 14:00:00,2023-11-18 17:46:11,Critical,Network,Security
1821,2023-03-10 12:00:00,2023-03-11 05:28:20,Medium,Network,DB_Admin
1822,2023-02-15 07:00:00,2023-02-15 15:09:01,High,Access,DB_Admin
1823,2023-08-12 01:00:00,2023-08-12 03:21:29,Critical,Software,Support_Team_A
1824,2023-05-06 10:00:00,2023-05-06 12:34:51,Critical,Hardware,Support_Team_A
1825,2023-10-01 12:00:00,2023-10-01 19:45:53,Medium,Network,Infrastructure
1826,2023-02-26 03:00:00,2023-02-26 19:41:41,Low,Hardware,Support_Team_B
1827,2023-12-19 12:00:00,2023-12-19 12:30:00,Medium,Database,Security
1828,2023-08-07 01:00:00,2023-08-07 03:14:38,Critical,Access,Support_Team_B
1829,2023-06-27 22:00:00,2023-06-28 02:12:50,Medium,Database,Infrastructure
1830,2023-07-12 08:00:00,2023-07-13 00:58:25,Medium,Software,Security
1831,2023-09-08 22:00:00,2023-09-09 09:31:45,Medium,Access,Security
1832,2023-06-03 05:00:00,2023-06-04 03:22:23,Low,Software,DB_Admin
1833,2023-06-06 03:00:00,2023-06-06 16:07:18,Low,Access,Support_Team_B
1834,2023-06-28 17:00:00,2023-06-29 10:34:54,Medium,Software,Security
1835,2023-10-20 19:00:00,2023-10-21 01:02:09,High,Hardware,Support_Team_A
1836,2023-09-09 04:00:00,2023-09-09 17:38:52,Medium,Database,Support_Team_A
1837,2023-01-10 15:00:00,2023-01-10 16:42:44,Critical,Access,Security
1838,2023-03-22 21:00:00,2023-03-23 14:40:40,Medium,Hardware,Support_Team_B
1839,2023-07-01 17:00:00,2023-07-02 01:37:20,High,Access,Security
1840,2023-03-30 21:00:00,2023-03-31 01:56:36,Critical,Hardware,DB_Admin
1841,2023-05-28 03:00:00,2023-05-28 11:07:08,High,Hardware,Security
1842,2023-05-04 03:00:00,2023-05-04 05:31:50,Critical,Hardware,Support_Team_A
1843,2023-07-18 02:00:00,2023-07-18 08:25:03,High,Hardware,DB_Admin
1844,2023-11-04 20:00:00,2023-11-05 00:21:47,Medium,Network,DB_Admin
1845,2023-11-09 18:00:00,2023-11-10 16:19:16,Low,Software,Security
1846,2023-04-01 22:00:00,2023-04-02 03:22:28,High,Access,Support_Team_B
1847,2023-09-19 19:00:00,2023-09-19 22:18:51,Critical,Database,Infrastructure
1848,2023-02-19 20:00:00,2023-02-20 18:11:44,Low,Database,Support_Team_A
1849,2023-02-05 13:00:00,2023-02-05 19:05:17,High,Hardware,Security
1850,2023-08-30 20:00:00,2023-08-31 22:56:35,Low,Software,Infrastructure
1851,2023-12-11 10:00:00,2023-12-11 12:48:57,Critical,Network,Security
1852,2023-09-11 04:00:00,2023-09-11 22:39:44,Medium,Database,Support_Team_A
1853,2023-05-03 10:00:00,2023-05-03 18:06:15,High,Hardware,DB_Admin
1854,2023-12-03 10:00:00,2023-12-03 20:34:39,High,Access,Support_Team_B
1855,2023-03-03 04:00:00,2023-03-03 09:57:36,High,Database,Security
1856,2023-04-07 19:00:00,2023-04-07 22:43:53,High,Software,Infrastructure
1857,2023-01-31 03:00:00,2023-01-31 17:09:32,Medium,Access,Infrastructure
1858,2023-09-04 03:00:00,2023-09-04 04:34:37,Critical,Network,Infrastructure
1859,2023-06-30 01:00:00,2023-06-30 06:05:52,High,Access,Support_Team_B
1860,2023-08-04 09:00:00,2023-08-04 12:37:51,Critical,Hardware,DB_Admin
1861,2023-10-28 08:00:00,2023-10-29 12:49:28,Low,Hardware,Support_Team_B
1862,2023-02-07 06:00:00,2023-02-08 00:00:39,Medium,Hardware,Support_Team_A
1863,2023-11-18 00:00:00,2023-11-18 05:05:02,High,Hardware,Security
1864,2023-10-25 22:00:00,2023-10-26 12:40:59,Low,Access,Support_Team_A
1865,2023-10-29 09:00:00,2023-10-29 13:45:59,High,Database,Security
1866,2023-11-09 11:00:00,2023-11-09 12:50:53,Critical,Software,Support_Team_B
1867,2023-03-26 09:00:00,2023-03-26 14:21:14,High,Software,Support_Team_B
1868,2023-07-13 22:00:00,2023-07-14 12:29:07,Medium,Hardware,DB_Admin
1869,2023-07-06 05:00:00,2023-07-06 22:05:51,Medium,Database,Support_Team_A
1870,2023-12-26 02:00:00,2023-12-26 14:46:53,Medium,Access,Support_Team_A
1871,2023-06-18 01:00:00,2023-06-18 03:41:16,Critical,Software,Infrastructure
1872,2023-01-18 17:00:00,2023-01-19 01:27:27,High,Software,Security
1873,2023-09-13 00:00:00,2023-09-13 21:15:11,Low,Network,Support_Team_B
1874,2023-01-20 17:00:00,2023-01-21 09:59:12,Low,Access,Security
1875,2023-11-06 23:00:00,2023-11-06 23:30:00,High,Database,Support_Team_A
1876,2023-08-13 21:00:00,2023-08-15 01:37:42,Low,Database,Security
1877,2023-08-10 19:00:00,2023-08-10 22:01:56,Medium,Hardware,Support_Team_A
1878,2023-07-13 03:00:00,2023-07-13 12:29:23,High,Software,Support_Team_A
1879,2023-09-18 08:00:00,2023-09-19 05:05:09,Low,Access,Infrastructure
1880,2023-05-02 12:00:00,2023-05-02 23:00:38,Medium,Access,Support_Team_A
1881,2023-01-15 00:00:00,2023-01-15 05:39:23,Medium,Hardware,Security
1882,2023-10-02 16:00:00,2023-10-03 00:01:54,High,Hardware,Support_Team_A
1883,2023-07-23 19:00:00,2023-07-23 22:36:59,Critical,Access,Infrastructure
1884,2023-03-31 15:00:00,2023-03-31 19:56:31,High,Software,Infrastructure
1885,2023-12-16 23:00:00,2023-12-17 02:31:10,Medium,Access,Security
1886,2023-09-22 22:00:00,2023-09-23 02:20:56,Critical,Network,DB_Admin
1887,2023-10-16 19:00:00,2023-10-17 20:17:27,Low,Access,Infrastructure
1888,2023-05-08 05:00:00,2023-05-08 09:55:02,Critical,Access,Support_Team_A
1889,2023-01-28 14:00:00,2023-01-28 21:42:37,High,Access,Support_Team_B
1890,2023-04-16 20:00:00,2023-04-16 22:47:11,Critical,Database,DB_Admin
1891,2023-02-27 07:00:00,2023-02-27 14:56:41,High,Access,Security
1892,2023-02-24 01:00:00,2023-02-24 02:46:30,Critical,Network,Support_Team_B
1893,2023-03-29 05:00:00,2023-03-29 08:49:42,High,Hardware,DB_Admin
1894,2023-10-19 23:00:00,2023-10-20 03:31:49,High,Database,Support_Team_A
1895,2023-02-22 05:00:00,2023-02-22 14:14:07,Low,Database,Support_Team_A
1896,2023-12-15 14:00:00,2023-12-15 18:21:51,Critical,Access,Support_Team_A
1897,2023-11-14 04:00:00,2023-11-14 07:55:17,High,Network,Infrastructure
1898,2023-02-25 19:00:00,2023-02-26 16:58:54,Low,Software,Security
1899,2023-05-03 13:00:00,2023-05-04 00:35:31,Medium,Access,Support_Team_A
1900,2023-02-26 20:00:00,2023-02-26 23:15:17,Critical,Network,Infrastructure
1901,2023-11-07 14:00:00,2023-11-07 16:09:03,Critical,Database,Infrastructure
1902,2023-08-22 00:00:00,2023-08-22 09:04:29,Medium,Hardware,Support_Team_B
1903,2023-02-23 09:00:00,2023-02-23 15:28:15,High,Software,Security
1904,2023-12-31 19:00:00,2024-01-01 10:57:42,Low,Software,Security
1905,2023-03-21 15:00:00,2023-03-22 11:48:50,Low,Hardware,Security
1906,2023-11-11 03:00:00,2023-11-11 05:16:05,Critical,Database,Security
1907,2023-07-26 17:00:00,2023-07-27 01:12:12,High,Access,Infrastructure
1908,2023-03-01 19:00:00,2023-03-02 08:34:47,Medium,Hardware,Support_Team_A
1909,2023-05-11 06:00:00,2023-05-12 06:49:35,Low,Software,Support_Team_B
1910,2023-01-19 07:00:00,2023-01-19 17:33:12,Medium,Access,Support_Team_B
1911,2023-06-15 01:00:00,2023-06-15 04:00:27,Critical,Database,Support_Team_B
1912,2023-02-28 18:00:00,2023-02-28 20:15:14,High,Access,Support_Team_B
1913,2023-11-20 13:00:00,2023-11-20 15:36:55,Critical,Software,Support_Team_A
1914,2023-04-24 09:00:00,2023-04-24 22:55:52,Medium,Access,Security
1915,2023-11-18 20:00:00,2023-11-19 23:35:59,Low,Access,DB_Admin
1916,2023-06-15 15:00:00,2023-06-16 03:34:05,Medium,Network,DB_Admin
1917,2023-09-25 10:00:00,2023-09-26 10:27:57,Low,Network,Support_Team_A
1918,2023-03-12 02:00:00,2023-03-12 02:59:06,Critical,Access,Security
1919,2023-07-18 12:00:00,2023-07-19 09:40:17,Low,Access,Security
1920,2023-11-28 20:00:00,2023-11-28 22:07:27,Critical,Hardware,Support_Team_A
1921,2023-12-27 15:00:00,2023-12-28 13:39:50,Low,Access,DB_Admin
1922,2023-08-04 14:00:00,2023-08-05 14:58:18,Low,Network,Security
1923,2023-11-20 03:00:00,2023-11-20 21:49:49,Low,Access,DB_Admin
1924,2023-08-25 17:00:00,2023-08-25 21:27:20,Critical,Access,Support_Team_A
1925,2023-04-21 03:00:00,2023-04-21 09:53:23,High,Hardware,Security
1926,2023-08-23 17:00:00,2023-08-23 20:59:40,Critical,Hardware,DB_Admin
1927,2023-05-30 23:00:00,2023-05-31 08:09:06,High,Database,Security
1928,2023-03-31 12:00:00,2023-03-31 18:39:55,High,Access,Security
1929,2023-09-03 22:00:00,2023-09-04 01:40:03,Critical,Hardware,DB_Admin
1930,2023-05-22 10:00:00,2023-05-22 15:24:03,High,Software,Security
1931,2023-03-30 03:00:00,2023-03-30 20:45:09,Medium,Hardware,Support_Team_B
1932,2023-12-02 23:00:00,2023-12-04 03:11:09,Low,Access,Security
1933,2023-07-27 07:00:00,2023-07-27 19:39:57,Medium,Hardware,DB_Admin
1934,2023-02-02 02:00:00,2023-02-02 19:58:45,Low,Network,Infrastructure
1935,2023-09-01 17:00:00,2023-09-02 07:04:46,Medium,Hardware,DB_Admin
1936,2023-01-22 19:00:00,2023-01-23 18:32:49,Low,Network,Security
1937,2023-03-19 19:00:00,2023-03-20 03:45:37,Medium,Software,DB_Admin
1938,2023-06-02 23:00:00,2023-06-03 02:19:01,Critical,Network,Infrastructure
1939,2023-08-31 12:00:00,2023-09-01 12:03:00,Low,Database,Infrastructure
1940,2023-04-14 04:00:00,2023-04-14 19:13:10,Low,Software,Security
1941,2023-11-09 01:00:00,2023-11-10 03:34:16,Low,Software,DB_Admin
1942,2023-03-11 13:00:00,2023-03-12 16:20:21,Low,Database,Support_Team_A
1943,2023-04-25 00:00:00,2023-04-25 23:28:08,Low,Hardware,Infrastructure
1944,2023-04-18 04:00:00,2023-04-18 11:37:53,High,Access,DB_Admin
1945,2023-12-07 05:00:00,2023-12-08 06:12:01,Low,Hardware,Infrastructure
1946,2023-08-17 10:00:00,2023-08-18 02:03:39,Medium,Software,Support_Team_B
1947,2023-10-27 18:00:00,2023-10-27 20:21:43,Critical,Software,Support_Team_B
1948,2023-11-20 08:00:00,2023-11-20 14:13:40,High,Network,DB_Admin
1949,2023-04-27 21:00:00,2023-04-28 12:22:28,Low,Network,Infrastructure
1950,2023-10-11 07:00:00,2023-10-11 13:17:19,High,Hardware,Support_Team_B
1951,2023-12-28 13:00:00,2023-12-28 16:11:30,Critical,Hardware,Support_Team_B
1952,2023-10-20 17:00:00,2023-10-20 21:43:23,Critical,Access,Security
1953,2023-12-19 08:00:00,2023-12-19 15:09:14,High,Software,Security
1954,2023-04-10 09:00:00,2023-04-11 05:46:32,Low,Database,Support_Team_A
1955,2023-02-27 21:00:00,2023-02-28 02:06:09,High,Network,Security
1956,2023-04-23 04:00:00,2023-04-23 07:17:01,Critical,Software,Security
1957,2023-01-26 07:00:00,2023-01-26 23:39:44,Medium,Database,Support_Team_A
1958,2023-12-21 20:00:00,2023-12-22 01:36:46,High,Access,Security
1959,2023-07-27 18:00:00,2023-07-28 00:26:07,High,Network,Support_Team_A
1960,2023-07-10 23:00:00,2023-07-11 10:41:19,Medium,Access,Security
1961,2023-05-21 00:00:00,2023-05-21 02:36:16,Critical,Network,Security
1962,2023-05-15 16:00:00,2023-05-15 20:13:00,High,Software,Support_Team_A
1963,2023-08-17 08:00:00,2023-08-17 10:41:32,Critical,Hardware,DB_Admin
1964,2023-07-13 19:00:00,2023-07-14 09:09:55,Medium,Software,DB_Admin
1965,2023-08-02 03:00:00,2023-08-02 03:30:00,High,Hardware,Support_Team_A
1966,2023-01-20 00:00:00,2023-01-20 03:10:02,High,Hardware,Infrastructure
1967,2023-10-16 14:00:00,2023-10-17 07:42:20,Low,Software,Infrastructure
1968,2023-06-27 07:00:00,2023-06-27 16:03:13,High,Software,Support_Team_A
1969,2023-03-27 03:00:00,2023-03-27 05:38:44,Critical,Network,DB_Admin
1970,2023-01-04 13:00:00,2023-01-04 16:23:56,Critical,Network,Support_Team_B
1971,2023-12-31 01:00:00,2023-12-31 12:02:41,Medium,Network,Infrastructure
1972,2023-07-14 05:00:00,2023-07-14 18:54:03,Medium,Access,DB_Admin
1973,2023-06-19 01:00:00,2023-06-19 23:55:21,Low,Network,DB_Admin
1974,2023-05-12 10:00:00,2023-05-12 12:07:44,High,Access,Support_Team_A
1975,2023-04-11 01:00:00,2023-04-11 03:30:51,Critical,Access,Support_Team_A
1976,2023-03-04 23:00:00,2023-03-05 11:33:38,Low,Access,Support_Team_B
1977,2023-11-22 02:00:00,2023-11-22 13:42:55,Medium,Access,Support_Team_A
1978,2023-09-10 02:00:00,2023-09-10 05:33:53,Critical,Database,DB_Admin
1979,2023-12-21 06:00:00,2023-12-21 09:00:08,Critical,Network,DB_Admin
1980,2023-12-07 12:00:00,2023-12-07 15:28:03,Critical,Access,Security
1981,2023-10-12 14:00:00,2023-10-13 06:41:03,Medium,Hardware,DB_Admin
1982,2023-03-28 18:00:00,2023-03-28 21:08:31,Critical,Access,Support_Team_B
1983,2023-12-17 08:00:00,2023-12-18 05:34:07,Low,Hardware,Security
1984,2023-11-20 03:00:00,2023-11-20 22:07:36,Low,Hardware,DB_Admin
1985,2023-09-10 03:00:00,2023-09-10 11:54:25,Low,Database,Security
1986,2023-03-17 07:00:00,2023-03-17 17:08:22,Low,Network,DB_Admin
1987,2023-07-17 16:00:00,2023-07-18 14:03:28,Low,Database,Support_Team_B
1988,2023-03-22 09:00:00,2023-03-22 12:10:08,High,Network,Infrastructure
1989,2023-07-27 00:00:00,2023-07-27 08:42:14,High,Access,Support_Team_A
1990,2023-04-08 12:00:00,2023-04-09 08:38:11,Medium,Database,Security
1991,2023-02-03 05:00:00,2023-02-03 09:26:22,High,Network,Support_Team_B
1992,2023-05-05 23:00:00,2023-05-06 01:37:11,Critical,Software,Support_Team_A
1993,2023-08-27 00:00:00,2023-08-27 17:58:33,Low,Software,Security
1994,2023-11-25 11:00:00,2023-11-25 17:09:35,High,Database,Security
1995,2023-08-19 14:00:00,2023-08-19 15:17:03,Critical,Access,DB_Admin
1996,2023-04-01 15:00:00,2023-04-02 00:59:00,Medium,Database,Security
1997,2023-11-04 03:00:00,2023-11-04 05:38:52,Critical,Hardware,Infrastructure
1998,2023-03-02 23:00:00,2023-03-03 01:58:32,Critical,Access,Support_Team_B
1999,2023-09-27 22:00:00,2023-09-28 02:35:06,High,Database,Support_Team_A
2000,2023-10-30 11:00:00,2023-10-30 20:18:20,High,Software,Support_Team_B
2001,2023-01-17 22:00:00,2023-01-18 03:39:18,High,Database,Support_Team_A
2002,2023-02-28 03:00:00,2023-02-28 17:16:55,Medium,Database,DB_Admin
2003,2023-02-06 02:00:00,2023-02-06 18:07:25,Medium,Access,DB_Admin
2004,2023-01-13 17:00:00,2023-01-14 12:25:55,Low,Database,Support_Team_B
2005,2023-01-13 22:00:00,2023-01-14 08:14:31,High,Hardware,Support_Team_B
2006,2023-10-31 06:00:00,2023-10-31 14:04:27,Low,Database,DB_Admin
2007,2023-08-07 17:00:00,2023-08-07 20:03:35,Critical,Database,Support_Team_A
2008,2023-12-02 12:00:00,2023-12-02 23:52:27,Low,Network,Security
2009,2023-05-04 05:00:00,2023-05-04 09:59:07,Critical,Software,DB_Admin
2010,2023-08-05 15:00:00,2023-08-05 20:15:14,Critical,Network,Support_Team_A
2011,2023-03-20 06:00:00,2023-03-21 00:59:17,Low,Database,Support_Team_B
2012,2023-07-14 19:00:00,2023-07-15 10:09:22,Medium,Hardware,Infrastructure
2013,2023-03-03 04:00:00,2023-03-03 16:20:07,Medium,Network,Security
2014,2023-04-26 12:00:00,2023-04-27 05:52:53,Low,Database,Infrastructure
2015,2023-05-04 21:00:00,2023-05-05 17:23:42,Low,Software,Infrastructure
2016,2023-09-24 04:00:00,2023-09-25 00:31:35,Low,Network,Support_Team_B
2017,2023-10-09 19:00:00,2023-10-10 03:19:43,High,Network,Security
2018,2023-03-24 13:00:00,2023-03-25 09:10:18,Low,Hardware,Support_Team_B
2019,2023-06-11 10:00:00,2023-06-11 13:09:14,Critical,Database,DB_Admin
2020,2023-09-20 20:00:00,2023-09-21 15:35:11,Low,Network,Support_Team_A
2021,2023-08-06 07:00:00,2023-08-06 10:46:39,Critical,Database,Security
2022,2023-02-14 16:00:00,2023-02-14 18:43:58,Critical,Software,Security
2023,2023-06-09 13:00:00,2023-06-10 11:12:06,Low,Network,DB_Admin
2024,2023-03-11 07:00:00,2023-03-11 17:02:30,Medium,Database,Support_Team_B
2025,2023-07-27 22:00:00,2023-07-28 01:09:59,Critical,Access,Support_Team_A
2026,2023-12-08 15:00:00,2023-12-09 00:17:02,Medium,Hardware,Infrastructure
2027,2023-04-25 19:00:00,2023-04-25 23:04:35,Medium,Database,Security
2028,2023-11-05 09:00:00,2023-11-06 10:32:01,Low,Software,Security
2029,2023-07-17 11:00:00,2023-07-17 17:55:26,Medium,Software,Support_Team_A
2030,2023-11-26 04:00:00,2023-11-26 09:32:07,High,Database,Infrastructure
2031,2023-09-17 12:00:00,2023-09-17 18:50:14,High,Hardware,DB_Admin
2032,2023-12-15 09:00:00,2023-12-15 16:45:28,High,Software,Support_Team_B
2033,2023-12-31 14:00:00,2024-01-01 09:05:21,Low,Network,Support_Team_A
2034,2023-09-27 20:00:00,2023-09-28 17:24:21,Low,Hardware,DB_Admin
2035,2023-07-10 18:00:00,2023-07-10 21:20:46,Critical,Hardware,DB_Admin
2036,2023-12-11 14:00:00,2023-12-11 17:06:25,High,Network,Infrastructure
2037,2023-11-06 01:00:00,2023-11-06 08:15:19,High,Hardware,Infrastructure
2038,2023-08-22 05:00:00,2023-08-22 14:45:53,Medium,Access,DB_Admin
2039,2023-08-13 05:00:00,2023-08-13 22:28:40,Low,Hardware,Support_Team_A
2040,2023-11-22 07:00:00,2023-11-23 03:54:37,Low,Software,Support_Team_B
2041,2023-10-10 01:00:00,2023-10-10 03:58:40,Critical,Access,DB_Admin
2042,2023-02-25 09:00:00,2023-02-25 20:09:33,Low,Database,Support_Team_A
2043,2023-10-31 21:00:00,2023-11-01 13:14:02,Low,Network,Security
2044,2023-09-02 08:00:00,2023-09-02 12:07:16,Critical,Hardware,Support_Team_A
2045,2023-03-27 04:00:00,2023-03-27 06:44:50,Critical,Network,Support_Team_B
2046,2023-10-31 11:00:00,2023-10-31 14:47:32,Low,Hardware,Support_Team_A
2047,2023-07-11 22:00:00,2023-07-12 05:06:53,High,Hardware,Support_Team_A
2048,2023-07-26 23:00:00,2023-07-27 14:47:10,Medium,Hardware,Security
2049,2023-09-05 19:00:00,2023-09-06 14:38:44,Low,Network,Security
2050,2023-05-23 17:00:00,2023-05-24 16:13:06,Low,Hardware,Security
2051,2023-03-17 17:00:00,2023-03-17 21:55:09,High,Database,DB_Admin
2052,2023-12-04 05:00:00,2023-12-04 15:12:48,Medium,Database,Support_Team_B
2053,2023-04-30 19:00:00,2023-05-01 09:36:41,Low,Database,Support_Team_B
2054,2023-02-14 09:00:00,2023-02-14 17:05:12,Medium,Network,DB_Admin
2055,2023-06-05 14:00:00,2023-06-05 19:33:30,High,Hardware,Support_Team_A
2056,2023-12-30 19:00:00,2023-12-31 02:05:21,High,Database,Security
2057,2023-01-02 08:00:00,2023-01-02 13:11:08,Critical,Software,Infrastructure
2058,2023-10-23 06:00:00,2023-10-23 07:09:06,Critical,Network,Support_Team_A
2059,2023-12-20 19:00:00,2023-12-20 22:47:17,Critical,Access,Infrastructure
2060,2023-12-20 02:00:00,2023-12-21 02:34:13,Low,Hardware,Support_Team_A
2061,2023-07-09 17:00:00,2023-07-09 21:20:18,Critical,Database,Security
2062,2023-08-04 21:00:00,2023-08-05 13:28:28,Low,Access,Support_Team_B
2063,2023-08-17 11:00:00,2023-08-18 23:53:12,Low,Database,Support_Team_A
2064,2023-06-04 00:00:00,2023-06-04 04:25:38,Critical,Software,Support_Team_B
2065,2023-05-15 09:00:00,2023-05-15 21:54:58,Medium,Network,Infrastructure
2066,2023-02-12 21:00:00,2023-02-13 14:24:24,Low,Software,Security
2067,2023-10-22 21:00:00,2023-10-23 05:55:15,Low,Database,Infrastructure
2068,2023-06-20 22:00:00,2023-06-21 13:10:15,Medium,Software,Security
2069,2023-06-12 17:00:00,2023-06-12 20:45:08,High,Software,Infrastructure
2070,2023-12-21 18:00:00,2023-12-22 09:07:33,Medium,Software,DB_Admin
2071,2023-10-27 08:00:00,2023-10-28 02:24:59,Low,Access,DB_Admin
2072,2023-03-27 05:00:00,2023-03-27 19:58:46,Low,Software,Support_Team_A
2073,2023-09-15 15:00:00,2023-09-15 20:49:23,High,Software,Support_Team_B
2074,2023-02-12 07:00:00,2023-02-12 11:01:38,Critical,Software,Infrastructure
2075,2023-10-22 19:00:00,2023-10-24 00:52:13,Low,Software,Support_Team_A
2076,2023-02-05 15:00:00,2023-02-05 19:33:24,High,Access,Security
2077,2023-03-07 10:00:00,2023-03-07 14:54:41,Critical,Hardware,DB_Admin
2078,2023-01-08 05:00:00,2023-01-08 10:41:53,Critical,Access,Security
2079,2023-10-20 06:00:00,2023-10-21 03:12:37,Low,Network,Support_Team_A
2080,2023-11-06 23:00:00,2023-11-07 03:20:57,High,Database,Support_Team_B
2081,2023-03-15 17:00:00,2023-03-16 02:56:56,Low,Software,DB_Admin
2082,2023-02-16 02:00:00,2023-02-16 20:39:06,Medium,Database,Support_Team_B
2083,2023-12-14 09:00:00,2023-12-14 14:34:10,High,Network,Security
2084,2023-11-25 15:00:00,2023-11-25 18:23:17,Critical,Hardware,Support_Team_B
2085,2023-04-04 23:00:00,2023-04-05 14:08:55,Low,Software,Support_Team_B
2086,2023-08-01 18:00:00,2023-08-01 19:40:11,Critical,Database,Infrastructure
2087,2023-08-01 10:00:00,2023-08-01 23:19:46,Medium,Hardware,Security
2088,2023-07-30 17:00:00,2023-07-30 19:59:07,High,Network,Infrastructure
2089,2023-01-06 12:00:00,2023-01-07 03:04:54,Medium,Software,Support_Team_B
2090,2023-12-13 04:00:00,2023-12-13 23:42:57,Low,Access,Infrastructure
2091,2023-05-14 09:00:00,2023-05-14 22:01:40,Medium,Hardware,Support_Team_A
2092,2023-08-22 03:00:00,2023-08-22 16:24:23,Medium,Access,Security
2093,2023-08-15 01:00:00,2023-08-15 06:13:40,High,Database,Infrastructure
2094,2023-10-13 19:00:00,2023-10-14 00:37:53,High,Hardware,Support_Team_A
2095,2023-11-07 03:00:00,2023-11-07 16:10:39,Low,Access,Support_Team_B
2096,2023-01-03 12:00:00,2023-01-04 01:13:31,Medium,Hardware,Security
2097,2023-05-26 12:00:00,2023-05-26 18:10:01,Medium,Access,Infrastructure
2098,2023-09-14 14:00:00,2023-09-14 20:59:11,Medium,Access,Support_Team_B
2099,2023-01-05 14:00:00,2023-01-05 18:19:30,High,Software,Support_Team_A
2100,2023-09-02 07:00:00,2023-09-03 07:37:35,Low,Database,Support_Team_A
2101,2023-04-08 05:00:00,2023-04-08 12:15:02,High,Access,Support_Team_B
2102,2023-09-03 16:00:00,2023-09-04 18:45:42,Low,Software,Support_Team_B
2103,2023-05-16 01:00:00,2023-05-16 06:42:25,High,Hardware,Support_Team_B
2104,2023-06-28 20:00:00,2023-06-29 09:02:35,Medium,Network,DB_Admin
2105,2023-06-17 21:00:00,2023-06-18 09:22:18,Medium,Hardware,Support_Team_A
2106,2023-05-01 04:00:00,2023-05-01 08:48:12,High,Software,Support_Team_A
2107,2023-04-04 16:00:00,2023-04-04 18:05:39,Critical,Software,Infrastructure
2108,2023-05-24 12:00:00,2023-05-24 16:28:02,High,Access,Support_Team_B
2109,2023-09-10 08:00:00,2023-09-10 13:25:25,High,Hardware,DB_Admin
2110,2023-10-24 02:00:00,2023-10-24 22:47:17,Low,Software,Support_Team_B
2111,2023-03-31 06:00:00,2023-03-31 23:35:51,Medium,Hardware,DB_Admin
2112,2023-09-16 04:00:00,2023-09-16 11:19:50,High,Network,DB_Admin
2113,2023-10-21 05:00:00,2023-10-21 18:19:46,Medium,Software,DB_Admin
2114,2023-05-10 02:00:00,2023-05-10 05:47:50,High,Hardware,Infrastructure
2115,2023-06-18 17:00:00,2023-06-19 18:02:11,Low,Network,Support_Team_B
2116,2023-12-13 23:00:00,2023-12-14 00:53:42,Critical,Hardware,Support_Team_A
2117,2023-11-18 07:00:00,2023-11-19 07:56:34,Low,Hardware,DB_Admin
2118,2023-09-22 22:00:00,2023-09-23 03:50:55,High,Access,DB_Admin
2119,2023-11-13 22:00:00,2023-11-14 07:37:19,Medium,Network,Infrastructure
2120,2023-12-25 17:00:00,2023-12-25 18:39:08,Critical,Access,Security
2121,2023-07-03 04:00:00,2023-07-03 05:40:30,Critical,Database,Support_Team_A
2122,2023-05-22 10:00:00,2023-05-23 01:01:43,Medium,Hardware,Security
2123,2023-06-10 00:00:00,2023-06-10 02:01:44,Critical,Hardware,Infrastructure
2124,2023-10-18 03:00:00,2023-10-18 06:44:28,Critical,Database,Support_Team_B
2125,2023-09-13 09:00:00,2023-09-13 11:26:24,High,Database,Support_Team_A
2126,2023-04-02 16:00:00,2023-04-04 00:31:38,Low,Network,Security
2127,2023-12-21 04:00:00,2023-12-21 12:05:47,High,Hardware,DB_Admin
2128,2023-01-29 02:00:00,2023-01-29 05:35:04,Critical,Database,DB_Admin
2129,2023-08-18 15:00:00,2023-08-18 18:13:54,Critical,Access,Security
2130,2023-10-23 06:00:00,2023-10-23 10:07:43,Critical,Network,Security
2131,2023-08-05 10:00:00,2023-08-05 15:00:36,High,Access,Support_Team_A
2132,2023-05-03 14:00:00,2023-05-03 17:12:42,Critical,Hardware,Infrastructure
2133,2023-02-21 19:00:00,2023-02-21 23:14:09,High,Software,Infrastructure
2134,2023-12-09 12:00:00,2023-12-10 10:24:01,Low,Network,Support_Team_B
2135,2023-03-09 04:00:00,2023-03-10 03:11:33,Low,Software,Infrastructure
2136,2023-01-27 03:00:00,2023-01-27 09:33:06,Medium,Network,Support_Team_B
2137,2023-08-13 18:00:00,2023-08-14 00:09:45,High,Network,Infrastructure
2138,2023-05-11 03:00:00,2023-05-11 13:45:11,Medium,Database,Infrastructure
2139,2023-01-06 19:00:00,2023-01-07 02:53:09,High,Network,Infrastructure
2140,2023-10-03 16:00:00,2023-10-03 20:09:46,Critical,Database,Support_Team_A
2141,2023-11-19 05:00:00,2023-11-19 19:50:18,Medium,Access,Support_Team_B
2142,2023-06-04 21:00:00,2023-06-05 09:04:22,Medium,Access,Support_Team_B
2143,2023-12-19 03:00:00,2023-12-19 06:24:40,Critical,Access,Infrastructure
2144,2023-02-28 14:00:00,2023-02-28 19:42:36,High,Hardware,Security
2145,2023-10-13 03:00:00,2023-10-13 11:03:08,Medium,Access,Security
2146,2023-01-21 13:00:00,2023-01-21 15:45:41,High,Hardware,DB_Admin
2147,2023-03-29 14:00:00,2023-03-29 23:43:41,High,Software,Security
2148,2023-08-31 02:00:00,2023-08-31 10:54:34,High,Hardware,Security
2149,2023-10-18 14:00:00,2023-10-18 16:48:06,Critical,Database,Infrastructure
2150,2023-08-11 14:00:00,2023-08-12 07:49:07,Low,Database,Support_Team_A
2151,2023-04-05 23:00:00,2023-04-06 07:57:05,Medium,Network,DB_Admin
2152,2023-09-24 20:00:00,2023-09-25 00:45:08,Critical,Hardware,Security
2153,2023-02-13 11:00:00,2023-02-13 14:34:54,Critical,Hardware,Security
2154,2023-03-16 03:00:00,2023-03-16 08:58:33,High,Database,Security
2155,2023-07-27 23:00:00,2023-07-28 11:30:49,Low,Hardware,Support_Team_A
2156,2023-05-02 06:00:00,2023-05-02 22:02:59,Low,Database,Security
2157,2023-01-19 07:00:00,2023-01-19 19:50:41,Medium,Hardware,Support_Team_A
2158,2023-09-21 10:00:00,2023-09-21 13:20:39,High,Hardware,Support_Team_B
2159,2023-07-18 17:00:00,2023-07-19 20:34:37,Low,Access,Support_Team_A
2160,2023-09-09 15:00:00,2023-09-10 17:22:24,Low,Hardware,Infrastructure
2161,2023-10-08 11:00:00,2023-10-08 14:11:05,Critical,Hardware,Support_Team_A
2162,2023-03-30 03:00:00,2023-03-30 05:46:45,Critical,Access,Support_Team_A
2163,2023-09-23 13:00:00,2023-09-23 20:29:57,Medium,Hardware,Support_Team_B
2164,2023-07-31 11:00:00,2023-07-31 12:49:32,Critical,Access,Support_Team_B
2165,2023-07-31 20:00:00,2023-08-01 14:35:29,Medium,Database,Security
2166,2023-07-08 00:00:00,2023-07-08 06:24:09,Medium,Software,Support_Team_B
2167,2023-11-01 06:00:00,2023-11-02 00:22:32,Low,Access,DB_Admin
2168,2023-06-18 12:00:00,2023-06-18 20:14:30,High,Database,Security
2169,2023-11-11 03:00:00,2023-11-11 06:54:07,Critical,Database,Support_Team_A
2170,2023-03-04 04:00:00,2023-03-04 10:50:49,High,Access,Infrastructure
2171,2023-07-23 01:00:00,2023-07-23 04:49:52,Critical,Database,Support_Team_B
2172,2023-10-11 08:00:00,2023-10-11 21:18:31,Medium,Hardware,DB_Admin
2173,2023-10-22 23:00:00,2023-10-23 02:12:06,Critical,Access,Support_Team_B
2174,2023-03-07 05:00:00,2023-03-07 08:54:20,Critical,Software,Support_Team_B
2175,2023-04-18 19:00:00,2023-04-19 00:47:32,High,Database,Infrastructure
2176,2023-02-15 13:00:00,2023-02-15 22:38:56,Medium,Access,Security
2177,2023-03-24 18:00:00,2023-03-25 00:24:34,High,Software,Support_Team_A
2178,2023-12-11 08:00:00,2023-12-11 13:46:34,High,Access,Security
2179,2023-04-23 12:00:00,2023-04-23 20:12:55,High,Hardware,DB_Admin
2180,2023-01-31 11:00:00,2023-01-31 13:11:57,Critical,Software,Support_Team_A
2181,2023-11-12 07:00:00,2023-11-12 10:19:12,Critical,Network,Security
2182,2023-05-13 17:00:00,2023-05-13 20:54:24,Critical,Software,Support_Team_A
2183,2023-06-21 01:00:00,2023-06-21 23:03:56,Low,Hardware,Infrastructure
2184,2023-11-13 22:00:00,2023-11-14 00:21:47,Critical,Access,Support_Team_A
2185,2023-02-26 08:00:00,2023-02-26 19:02:34,Medium,Access,Support_Team_B
2186,2023-11-18 09:00:00,2023-11-18 15:15:44,High,Hardware,Support_Team_B
2187,2023-01-13 07:00:00,2023-01-14 13:15:22,Low,Hardware,Infrastructure
2188,2023-03-26 18:00:00,2023-03-26 21:32:26,Critical,Hardware,Support_Team_A
2189,2023-01-08 15:00:00,2023-01-08 19:41:16,High,Hardware,Security
2190,2023-09-02 10:00:00,2023-09-02 23:10:34,Medium,Hardware,Support_Team_A
2191,2023-12-30 09:00:00,2023-12-30 15:49:08,Medium,Access,Support_Team_A
2192,2023-12-23 22:00:00,2023-12-24 17:40:41,Low,Access,Infrastructure
2193,2023-10-31 02:00:00,2023-10-31 22:15:44,Low,Database,Support_Team_A
2194,2023-02-03 05:00:00,2023-02-03 06:37:21,Critical,Hardware,Support_Team_B
2195,2023-09-13 18:00:00,2023-09-14 10:34:07,Medium,Hardware,Support_Team_A
2196,2023-01-11 22:00:00,2023-01-11 23:50:07,Critical,Software,Support_Team_A
2197,2023-08-19 03:00:00,2023-08-19 15:54:03,Medium,Software,Support_Team_B
2198,2023-03-07 22:00:00,2023-03-08 07:09:34,Medium,Hardware,Support_Team_A
2199,2023-10-11 18:00:00,2023-10-12 14:18:58,Low,Network,Infrastructure
2200,2023-05-10 09:00:00,2023-05-11 00:35:26,Medium,Database,Security
2201,2023-10-20 02:00:00,2023-10-20 17:55:13,Low,Hardware,Support_Team_B
2202,2023-03-14 06:00:00,2023-03-14 10:15:58,High,Network,Support_Team_B
2203,2023-01-11 05:00:00,2023-01-11 08:19:50,Critical,Network,Support_Team_A
2204,2023-09-23 16:00:00,2023-09-24 06:44:32,Medium,Access,Support_Team_B
2205,2023-02-15 01:00:00,2023-02-15 07:58:09,High,Database,Infrastructure
2206,2023-01-30 23:00:00,2023-01-31 20:54:14,Low,Hardware,Security
2207,2023-07-25 20:00:00,2023-07-25 23:20:09,Critical,Software,DB_Admin
2208,2023-04-28 01:00:00,2023-04-28 06:14:03,High,Software,DB_Admin
2209,2023-08-10 10:00:00,2023-08-10 12:58:51,Critical,Hardware,Infrastructure
2210,2023-04-30 16:00:00,2023-05-01 00:50:25,High,Access,Support_Team_A
2211,2023-08-17 18:00:00,2023-08-18 10:27:59,Low,Database,DB_Admin
2212,2023-11-03 10:00:00,2023-11-03 13:07:17,Critical,Database,Support_Team_B
2213,2023-12-10 16:00:00,2023-12-11 09:30:09,Low,Hardware,Support_Team_A
2214,2023-03-26 16:00:00,2023-03-26 21:41:56,High,Hardware,Security
2215,2023-06-16 06:00:00,2023-06-17 03:02:21,Low,Software,Support_Team_B
2216,2023-09-13 16:00:00,2023-09-13 17:20:34,Critical,Network,Support_Team_B
2217,2023-04-14 12:00:00,2023-04-14 14:09:09,Critical,Hardware,Support_Team_A
2218,2023-06-12 12:00:00,2023-06-12 15:04:54,Critical,Network,Support_Team_B
2219,2023-07-09 20:00:00,2023-07-10 02:55:35,High,Software,DB_Admin
2220,2023-10-11 05:00:00,2023-10-11 12:07:59,High,Software,Support_Team_B
2221,2023-08-15 03:00:00,2023-08-15 10:57:44,High,Hardware,Support_Team_B
2222,2023-02-06 21:00:00,2023-02-07 10:42:57,Medium,Hardware,DB_Admin
2223,2023-09-18 10:00:00,2023-09-18 15:23:43,High,Hardware,Security
2224,2023-01-05 03:00:00,2023-01-05 18:19:15,Low,Access,Support_Team_A
2225,2023-05-12 09:00:00,2023-05-13 07:39:06,Low,Hardware,Support_Team_B
2226,2023-03-27 17:00:00,2023-03-28 12:25:01,Low,Hardware,DB_Admin
2227,2023-05-20 12:00:00,2023-05-20 20:56:15,Medium,Database,Support_Team_A
2228,2023-10-18 23:00:00,2023-10-19 01:10:46,Critical,Network,Support_Team_B
2229,2023-05-15 20:00:00,2023-05-16 09:07:41,Medium,Access,Support_Team_B
2230,2023-06-19 23:00:00,2023-06-20 01:34:10,High,Network,DB_Admin
2231,2023-11-03 00:00:00,2023-11-03 13:34:15,Medium,Network,Security
2232,2023-02-24 14:00:00,2023-02-24 17:17:50,High,Access,Security
2233,2023-04-25 12:00:00,2023-04-25 15:10:36,Critical,Access,Security
2234,2023-12-11 22:00:00,2023-12-12 00:57:04,Critical,Hardware,Security
2235,2023-01-14 12:00:00,2023-01-14 14:50:48,Critical,Access,Support_Team_A
2236,2023-07-24 22:00:00,2023-07-25 17:22:02,Medium,Database,Support_Team_B
2237,2023-06-25 15:00:00,2023-06-25 18:11:05,Critical,Access,Infrastructure
2238,2023-11-06 15:00:00,2023-11-06 21:28:31,High,Access,DB_Admin
2239,2023-11-25 06:00:00,2023-11-25 21:18:27,Low,Network,Support_Team_B
2240,2023-11-17 08:00:00,2023-11-17 18:34:13,Medium,Hardware,Support_Team_B
2241,2023-01-03 20:00:00,2023-01-04 18:18:07,Low,Database,Infrastructure
2242,2023-12-02 11:00:00,2023-12-02 14:17:47,Critical,Access,Security
2243,2023-09-12 17:00:00,2023-09-12 21:28:46,Critical,Access,Infrastructure
2244,2023-02-18 15:00:00,2023-02-18 17:05:11,Critical,Software,Support_Team_A
2245,2023-09-20 16:00:00,2023-09-21 03:47:42,Medium,Hardware,Security
2246,2023-06-24 06:00:00,2023-06-24 11:48:09,High,Database,Security
2247,2023-09-09 08:00:00,2023-09-10 02:52:23,Low,Access,Security
2248,2023-06-18 11:00:00,2023-06-18 21:13:12,Medium,Access,Support_Team_A
2249,2023-09-04 17:00:00,2023-09-05 12:13:36,Low,Hardware,Infrastructure
2250,2023-11-07 22:00:00,2023-11-08 16:21:13,Medium,Network,Support_Team_B
2251,2023-04-21 04:00:00,2023-04-22 03:49:37,Low,Software,Support_Team_A
2252,2023-09-20 09:00:00,2023-09-20 12:58:48,Critical,Database,Support_Team_A
2253,2023-12-20 23:00:00,2023-12-21 15:35:32,Medium,Access,Support_Team_B
2254,2023-10-19 09:00:00,2023-10-19 14:34:19,High,Network,DB_Admin
2255,2023-12-30 23:00:00,2023-12-31 02:39:57,Critical,Database,Infrastructure
2256,2023-10-08 23:00:00,2023-10-09 19:56:35,Low,Software,DB_Admin
2257,2023-08-24 02:00:00,2023-08-24 16:46:43,Medium,Network,Support_Team_B
2258,2023-09-29 16:00:00,2023-09-29 21:58:33,High,Software,Support_Team_B
2259,2023-12-02 16:00:00,2023-12-03 14:26:45,Low,Software,Support_Team_A
2260,2023-10-13 05:00:00,2023-10-13 07:59:33,Critical,Network,Security
2261,2023-04-27 11:00:00,2023-04-28 00:10:57,Medium,Network,Support_Team_B
2262,2023-04-02 16:00:00,2023-04-02 22:03:44,Medium,Access,Support_Team_B
2263,2023-12-10 02:00:00,2023-12-10 21:01:59,Low,Access,DB_Admin
2264,2023-05-26 02:00:00,2023-05-26 12:39:33,Medium,Hardware,Support_Team_A
2265,2023-05-05 17:00:00,2023-05-06 04:32:24,Medium,Network,Security
2266,2023-10-28 20:00:00,2023-10-29 15:29:22,Low,Hardware,Support_Team_A
2267,2023-07-20 02:00:00,2023-07-21 00:16:54,Low,Access,Support_Team_A
2268,2023-07-08 22:00:00,2023-07-10 01:27:30,Low,Network,Support_Team_A
2269,2023-06-10 06:00:00,2023-06-10 10:32:34,Critical,Access,Support_Team_A
2270,2023-01-07 11:00:00,2023-01-08 05:19:15,Low,Network,Support_Team_A
2271,2023-01-29 13:00:00,2023-01-30 08:27:47,Low,Hardware,DB_Admin
2272,2023-01-05 22:00:00,2023-01-06 02:59:31,Critical,Database,DB_Admin
2273,2023-07-01 11:00:00,2023-07-01 13:39:08,Critical,Access,Infrastructure
2274,2023-10-21 04:00:00,2023-10-21 12:25:58,High,Network,Infrastructure
2275,2023-08-04 04:00:00,2023-08-04 11:04:54,Medium,Network,Security
2276,2023-09-16 08:00:00,2023-09-17 02:17:40,Low,Network,Infrastructure
2277,2023-03-10 09:00:00,2023-03-11 00:02:48,Low,Access,Security
2278,2023-04-05 19:00:00,2023-04-06 22:39:42,Low,Database,Support_Team_A
2279,2023-12-29 05:00:00,2023-12-29 11:01:42,High,Hardware,Infrastructure
2280,2023-11-05 12:00:00,2023-11-05 16:22:38,Critical,Database,Security
2281,2023-05-09 07:00:00,2023-05-09 16:02:24,Low,Network,Support_Team_A
2282,2023-09-03 21:00:00,2023-09-04 20:01:39,Low,Network,Security
2283,2023-06-09 10:00:00,2023-06-09 15:00:48,Critical,Access,DB_Admin
2284,2023-02-25 13:00:00,2023-02-25 15:57:13,High,Access,Security
2285,2023-03-10 13:00:00,2023-03-10 16:47:46,Critical,Network,DB_Admin
2286,2023-05-14 04:00:00,2023-05-14 15:17:28,Medium,Database,DB_Admin
2287,2023-12-11 11:00:00,2023-12-12 04:51:17,Low,Hardware,Security
2288,2023-03-01 10:00:00,2023-03-01 17:19:02,High,Database,Security
2289,2023-04-25 17:00:00,2023-04-25 19:32:13,Critical,Software,Security
2290,2023-06-14 10:00:00,2023-06-15 00:17:42,Medium,Hardware,Support_Team_B
2291,2023-03-03 01:00:00,2023-03-03 18:17:33,Low,Access,Support_Team_A
2292,2023-04-20 09:00:00,2023-04-20 12:29:31,High,Access,Infrastructure
2293,2023-05-31 10:00:00,2023-05-31 13:48:09,High,Access,Support_Team_A
2294,2023-04-03 16:00:00,2023-04-03 18:37:20,Critical,Software,Infrastructure
2295,2023-06-02 18:00:00,2023-06-03 20:17:17,Low,Network,Security
2296,2023-09-18 12:00:00,2023-09-18 15:20:02,Critical,Hardware,Support_Team_B
2297,2023-06-26 20:00:00,2023-06-27 15:08:38,Low,Network,Support_Team_A
2298,2023-03-18 00:00:00,2023-03-18 19:33:14,Low,Network,DB_Admin
2299,2023-05-09 10:00:00,2023-05-10 09:05:25,Low,Database,Infrastructure
2300,2023-03-28 23:00:00,2023-03-29 00:01:30,High,Access,DB_Admin
2301,2023-01-02 03:00:00,2023-01-02 08:01:07,High,Software,DB_Admin
2302,2023-05-10 14:00:00,2023-05-10 15:09:25,Critical,Access,Infrastructure
2303,2023-09-07 04:00:00,2023-09-07 19:32:46,Medium,Database,DB_Admin
2304,2023-06-01 15:00:00,2023-06-02 17:03:57,Low,Access,Support_Team_A
2305,2023-11-11 10:00:00,2023-11-11 14:11:58,High,Hardware,Infrastructure
2306,2023-05-30 10:00:00,2023-05-30 11:28:12,Critical,Access,Support_Team_B
2307,2023-07-13 11:00:00,2023-07-13 23:43:24,Medium,Software,DB_Admin
2308,2023-08-07 13:00:00,2023-08-07 18:53:40,High,Database,Support_Team_A
2309,2023-07-06 16:00:00,2023-07-06 17:41:15,Critical,Hardware,Security
2310,2023-07-18 23:00:00,2023-07-19 00:47:14,Critical,Software,Infrastructure
2311,2023-04-15 05:00:00,2023-04-15 16:44:18,Medium,Hardware,Support_Team_A
2312,2023-05-03 05:00:00,2023-05-03 07:00:32,Critical,Access,Infrastructure
2313,2023-04-19 16:00:00,2023-04-20 18:38:56,Low,Database,Security
2314,2023-08-19 08:00:00,2023-08-19 10:31:28,Critical,Access,Infrastructure
2315,2023-09-25 04:00:00,2023-09-25 06:44:54,Critical,Software,DB_Admin
2316,2023-07-13 05:00:00,2023-07-13 12:13:19,High,Hardware,DB_Admin
2317,2023-09-26 19:00:00,2023-09-27 10:20:03,Low,Hardware,Infrastructure
2318,2023-02-06 22:00:00,2023-02-07 06:59:28,High,Access,Support_Team_B
2319,2023-04-04 21:00:00,2023-04-04 22:07:59,Critical,Access,Infrastructure
2320,2023-04-09 20:00:00,2023-04-10 09:35:25,Medium,Hardware,Support_Team_B
2321,2023-01-07 05:00:00,2023-01-07 09:18:48,High,Database,Support_Team_A
2322,2023-04-11 18:00:00,2023-04-11 21:23:30,Critical,Access,Support_Team_B
2323,2023-02-08 10:00:00,2023-02-09 06:06:02,Low,Network,Security
2324,2023-05-03 15:00:00,2023-05-04 03:09:54,Low,Software,DB_Admin
2325,2023-08-20 01:00:00,2023-08-20 02:56:13,Critical,Hardware,Security
2326,2023-06-17 06:00:00,2023-06-18 04:06:22,Low,Software,Support_Team_B
2327,2023-09-28 18:00:00,2023-09-28 21:22:22,Critical,Network,DB_Admin
2328,2023-04-28 18:00:00,2023-04-28 20:02:49,Critical,Software,Security
2329,2023-09-18 20:00:00,2023-09-19 01:44:26,High,Access,Infrastructure
2330,2023-01-08 22:00:00,2023-01-09 16:34:33,Low,Software,Support_Team_A
2331,2023-03-25 07:00:00,2023-03-25 08:23:06,Critical,Database,Support_Team_B
2332,2023-01-16 17:00:00,2023-01-16 21:04:28,Critical,Network,Support_Team_A
2333,2023-05-04 15:00:00,2023-05-04 17:41:25,Critical,Access,Security
2334,2023-07-23 16:00:00,2023-07-24 07:29:12,Medium,Software,Infrastructure
2335,2023-02-13 08:00:00,2023-02-13 19:09:03,Medium,Access,Support_Team_A
2336,2023-09-26 19:00:00,2023-09-26 22:26:41,Critical,Software,DB_Admin
2337,2023-03-26 17:00:00,2023-03-27 04:21:10,Medium,Software,Support_Team_B
2338,2023-05-03 20:00:00,2023-05-04 19:02:46,Low,Database,Security
2339,2023-08-03 13:00:00,2023-08-04 03:57:50,Low,Software,Support_Team_B
2340,2023-05-21 18:00:00,2023-05-22 08:59:24,Medium,Software,DB_Admin
2341,2023-06-25 06:00:00,2023-06-26 09:07:11,Low,Software,Support_Team_A
2342,2023-12-12 12:00:00,2023-12-12 17:21:13,High,Network,DB_Admin
2343,2023-04-28 03:00:00,2023-04-28 05:57:00,Critical,Software,Support_Team_B
2344,2023-07-25 05:00:00,2023-07-25 22:03:01,Low,Database,Infrastructure
2345,2023-12-31 14:00:00,2023-12-31 17:09:25,Critical,Hardware,DB_Admin
2346,2023-12-01 19:00:00,2023-12-01 22:28:54,High,Database,Infrastructure
2347,2023-12-15 13:00:00,2023-12-16 02:27:59,Medium,Software,Support_Team_A
2348,2023-06-11 20:00:00,2023-06-12 21:08:08,Low,Hardware,Support_Team_B
2349,2023-07-24 14:00:00,2023-07-25 01:52:29,Medium,Hardware,DB_Admin
2350,2023-05-28 11:00:00,2023-05-28 15:56:02,High,Network,Support_Team_B
2351,2023-10-16 02:00:00,2023-10-17 01:34:34,Low,Database,Infrastructure
2352,2023-06-27 22:00:00,2023-06-28 00:34:24,Critical,Hardware,Security
2353,2023-11-08 08:00:00,2023-11-09 02:03:10,Low,Network,Security
2354,2023-04-08 18:00:00,2023-04-09 04:22:53,Medium,Software,Infrastructure
2355,2023-05-12 12:00:00,2023-05-12 18:12:55,High,Database,DB_Admin
2356,2023-04-22 23:00:00,2023-04-23 02:06:53,Critical,Hardware,Infrastructure
2357,2023-10-24 00:00:00,2023-10-24 02:23:15,Critical,Software,DB_Admin
2358,2023-06-18 23:00:00,2023-06-19 09:06:17,Low,Network,Support_Team_A
2359,2023-12-29 19:00:00,2023-12-30 13:35:26,Low,Database,Security
2360,2023-02-15 00:00:00,2023-02-15 07:39:13,High,Software,Infrastructure
2361,2023-08-16 16:00:00,2023-08-16 20:03:20,High,Hardware,Support_Team_B
2362,2023-07-06 19:00:00,2023-07-07 22:10:15,Low,Software,Security
2363,2023-06-01 16:00:00,2023-06-01 19:24:56,Critical,Software,Support_Team_A
2364,2023-04-30 23:00:00,2023-05-01 06:33:20,High,Database,Security
2365,2023-03-07 05:00:00,2023-03-07 13:05:27,High,Database,Infrastructure
2366,2023-07-05 00:00:00,2023-07-05 21:54:22,Low,Software,Support_Team_B
2367,2023-08-06 02:00:00,2023-08-06 03:08:25,Critical,Hardware,Infrastructure
2368,2023-12-29 23:00:00,2023-12-30 03:34:34,Critical,Access,DB_Admin
2369,2023-03-29 02:00:00,2023-03-29 03:44:46,High,Software,DB_Admin
2370,2023-04-17 03:00:00,2023-04-17 21:21:47,Medium,Hardware,Security
2371,2023-07-02 12:00:00,2023-07-03 10:55:09,Low,Network,Support_Team_B
2372,2023-10-13 12:00:00,2023-10-13 16:11:42,Critical,Hardware,Security
2373,2023-08-30 15:00:00,2023-08-30 17:57:17,Critical,Database,Infrastructure
2374,2023-07-08 07:00:00,2023-07-08 08:47:26,Critical,Database,Support_Team_B
2375,2023-07-28 08:00:00,2023-07-29 10:12:50,Low,Network,Security
2376,2023-08-02 11:00:00,2023-08-03 05:39:40,Low,Software,Support_Team_A
2377,2023-06-13 20:00:00,2023-06-15 01:14:24,Low,Hardware,DB_Admin
2378,2023-02-09 04:00:00,2023-02-09 21:58:53,Low,Network,DB_Admin
2379,2023-12-03 10:00:00,2023-12-04 10:53:46,Low,Access,DB_Admin
2380,2023-04-04 03:00:00,2023-04-04 05:35:43,Critical,Access,DB_Admin
2381,2023-12-30 10:00:00,2023-12-31 11:08:52,Low,Access,Support_Team_A
2382,2023-05-10 19:00:00,2023-05-11 10:23:17,Low,Access,DB_Admin
2383,2023-08-24 13:00:00,2023-08-25 00:23:31,Medium,Database,DB_Admin
2384,2023-01-29 21:00:00,2023-01-29 23:31:56,Critical,Hardware,DB_Admin
2385,2023-06-03 15:00:00,2023-06-04 07:04:26,Medium,Software,Infrastructure
2386,2023-04-02 00:00:00,2023-04-02 07:33:58,High,Software,Security
2387,2023-12-05 06:00:00,2023-12-05 09:44:45,Critical,Hardware,Infrastructure
2388,2023-03-19 07:00:00,2023-03-19 13:43:17,High,Hardware,DB_Admin
2389,2023-03-22 11:00:00,2023-03-22 16:08:20,High,Network,Security
2390,2023-07-20 09:00:00,2023-07-20 13:51:02,High,Hardware,Support_Team_A
2391,2023-09-26 17:00:00,2023-09-27 01:47:10,Medium,Network,DB_Admin
2392,2023-01-25 04:00:00,2023-01-25 07:31:00,Critical,Database,Security
2393,2023-02-09 06:00:00,2023-02-09 11:14:52,High,Software,DB_Admin
2394,2023-11-11 06:00:00,2023-11-11 12:48:36,High,Network,Infrastructure
2395,2023-03-15 03:00:00,2023-03-15 14:56:55,Low,Network,Support_Team_B
2396,2023-10-02 11:00:00,2023-10-02 13:56:05,High,Software,Support_Team_A
2397,2023-10-22 02:00:00,2023-10-22 05:34:51,Critical,Hardware,Support_Team_A
2398,2023-12-28 04:00:00,2023-12-28 19:11:38,Medium,Access,Support_Team_A
2399,2023-11-29 17:00:00,2023-11-30 19:15:42,Low,Hardware,Infrastructure
2400,2023-06-04 08:00:00,2023-06-04 10:40:32,Critical,Access,Infrastructure
2401,2023-07-24 07:00:00,2023-07-24 13:22:49,High,Access,Support_Team_B
2402,2023-07-03 23:00:00,2023-07-04 23:17:08,Low,Access,Security
2403,2023-04-21 11:00:00,2023-04-22 00:59:47,Medium,Network,Security
2404,2023-01-04 23:00:00,2023-01-05 04:05:57,High,Hardware,Support_Team_A
2405,2023-05-10 09:00:00,2023-05-10 17:03:14,High,Software,Support_Team_B
2406,2023-09-27 08:00:00,2023-09-27 11:53:30,Critical,Network,Support_Team_A
2407,2023-04-20 10:00:00,2023-04-20 19:16:49,Medium,Access,Infrastructure
2408,2023-03-23 02:00:00,2023-03-23 04:54:09,Critical,Access,DB_Admin
2409,2023-12-05 07:00:00,2023-12-05 16:13:54,Medium,Network,Security
2410,2023-12-09 14:00:00,2023-12-09 16:45:33,Critical,Hardware,Support_Team_A
2411,2023-03-15 15:00:00,2023-03-16 02:29:39,Low,Hardware,Support_Team_B
2412,2023-08-23 22:00:00,2023-08-24 16:54:57,Low,Hardware,Support_Team_A
2413,2023-08-22 13:00:00,2023-08-22 16:40:37,Critical,Database,Support_Team_A
2414,2023-10-24 12:00:00,2023-10-24 16:18:17,Critical,Network,Infrastructure
2415,2023-11-28 17:00:00,2023-11-29 16:02:04,Low,Access,Support_Team_B
2416,2023-04-15 02:00:00,2023-04-15 15:07:31,Medium,Hardware,Infrastructure
2417,2023-03-20 12:00:00,2023-03-20 17:46:22,High,Hardware,Security
2418,2023-05-16 10:00:00,2023-05-16 13:23:18,Critical,Software,DB_Admin
2419,2023-05-04 16:00:00,2023-05-04 21:35:42,Medium,Database,Support_Team_B
2420,2023-06-06 14:00:00,2023-06-07 04:52:05,Low,Hardware,Security
2421,2023-01-27 04:00:00,2023-01-27 11:58:31,High,Hardware,Support_Team_B
2422,2023-10-19 00:00:00,2023-10-19 16:06:03,Low,Database,Support_Team_B
2423,2023-03-04 01:00:00,2023-03-04 20:54:33,Low,Access,Security
2424,2023-12-25 09:00:00,2023-12-25 14:32:18,High,Hardware,Support_Team_B
2425,2023-08-18 11:00:00,2023-08-18 12:30:38,Critical,Access,Support_Team_A
2426,2023-12-15 01:00:00,2023-12-15 04:00:23,Critical,Software,Infrastructure
2427,2023-03-17 03:00:00,2023-03-17 12:06:56,High,Network,Infrastructure
2428,2023-08-28 15:00:00,2023-08-28 18:40:40,Critical,Hardware,Infrastructure
2429,2023-02-02 11:00:00,2023-02-02 21:40:33,Medium,Software,Support_Team_A
2430,2023-02-05 14:00:00,2023-02-05 21:11:22,High,Hardware,Infrastructure
2431,2023-11-19 06:00:00,2023-11-19 12:12:22,High,Database,Support_Team_A
2432,2023-10-22 03:00:00,2023-10-22 13:48:06,Medium,Network,Security
2433,2023-09-06 04:00:00,2023-09-06 07:26:42,High,Network,Support_Team_A
2434,2023-03-08 03:00:00,2023-03-09 05:20:53,Low,Database,Support_Team_B
2435,2023-08-15 02:00:00,2023-08-15 09:50:45,High,Network,DB_Admin
2436,2023-12-28 00:00:00,2023-12-28 03:04:45,High,Hardware,Infrastructure
2437,2023-05-24 09:00:00,2023-05-24 10:50:34,Critical,Software,Support_Team_A
2438,2023-03-31 01:00:00,2023-03-31 17:35:22,Low,Software,DB_Admin
2439,2023-05-11 00:00:00,2023-05-11 13:20:46,Medium,Access,Support_Team_A
2440,2023-02-21 02:00:00,2023-02-21 07:44:48,High,Network,Security
2441,2023-05-18 21:00:00,2023-05-19 05:34:12,Medium,Software,Support_Team_B
2442,2023-05-11 20:00:00,2023-05-11 23:03:48,Critical,Database,Infrastructure
2443,2023-08-26 02:00:00,2023-08-26 02:30:00,High,Access,Support_Team_A
2444,2023-10-25 17:00:00,2023-10-26 05:52:34,Low,Access,Security
2445,2023-12-24 13:00:00,2023-12-25 10:59:59,Low,Hardware,DB_Admin
2446,2023-07-07 03:00:00,2023-07-07 19:17:09,Medium,Network,Support_Team_A
2447,2023-02-11 12:00:00,2023-02-12 00:48:56,Medium,Access,Security
2448,2023-12-30 11:00:00,2023-12-30 23:10:30,Low,Hardware,Security
2449,2023-12-14 16:00:00,2023-12-14 20:14:42,Critical,Database,Security
2450,2023-10-01 15:00:00,2023-10-01 20:46:10,High,Hardware,Support_Team_B
2451,2023-01-03 10:00:00,2023-01-04 00:00:46,Medium,Database,Support_Team_B
2452,2023-01-07 01:00:00,2023-01-07 04:58:35,Critical,Database,DB_Admin
2453,2023-06-26 16:00:00,2023-06-26 20:52:24,High,Hardware,Infrastructure
2454,2023-07-03 07:00:00,2023-07-04 04:55:33,Low,Hardware,Support_Team_B
2455,2023-02-01 03:00:00,2023-02-01 15:00:25,Medium,Network,Support_Team_A
2456,2023-04-12 03:00:00,2023-04-12 07:23:13,High,Hardware,Infrastructure
2457,2023-02-05 04:00:00,2023-02-05 09:51:48,Medium,Hardware,DB_Admin
2458,2023-03-21 07:00:00,2023-03-22 05:36:45,Low,Network,DB_Admin
2459,2023-09-09 23:00:00,2023-09-10 09:19:51,High,Software,DB_Admin
2460,2023-06-30 06:00:00,2023-06-30 22:40:27,Medium,Access,DB_Admin
2461,2023-07-21 07:00:00,2023-07-21 11:54:20,High,Software,Support_Team_A
2462,2023-08-31 16:00:00,2023-09-01 03:02:44,Medium,Network,Support_Team_B
2463,2023-06-24 18:00:00,2023-06-25 09:51:32,Low,Database,DB_Admin
2464,2023-03-14 15:00:00,2023-03-14 18:35:30,Critical,Network,DB_Admin
2465,2023-05-21 17:00:00,2023-05-21 22:03:14,Critical,Hardware,Infrastructure
2466,2023-07-03 11:00:00,2023-07-04 00:53:26,Medium,Database,Security
2467,2023-04-17 06:00:00,2023-04-17 09:06:59,Critical,Hardware,Security
2468,2023-09-09 15:00:00,2023-09-10 01:45:14,Medium,Access,Support_Team_A
2469,2023-12-05 13:00:00,2023-12-06 06:33:48,Medium,Access,Support_Team_B
2470,2023-05-01 05:00:00,2023-05-01 11:33:23,Medium,Database,Security
2471,2023-05-04 03:00:00,2023-05-04 06:36:05,High,Software,Infrastructure
2472,2023-04-22 05:00:00,2023-04-22 12:37:19,Medium,Access,DB_Admin
2473,2023-05-09 05:00:00,2023-05-10 02:16:47,Low,Hardware,Support_Team_A
2474,2023-10-19 02:00:00,2023-10-19 13:08:03,Medium,Access,Security
2475,2023-03-10 10:00:00,2023-03-10 20:55:08,Medium,Software,DB_Admin
2476,2023-03-10 01:00:00,2023-03-10 03:57:30,Critical,Access,Support_Team_A
2477,2023-03-17 02:00:00,2023-03-18 02:51:08,Low,Software,Support_Team_B
2478,2023-06-19 12:00:00,2023-06-20 13:18:32,Low,Network,Support_Team_B
2479,2023-01-10 05:00:00,2023-01-10 21:24:38,Low,Software,DB_Admin
2480,2023-08-20 00:00:00,2023-08-21 02:34:48,Low,Hardware,Support_Team_B
2481,2023-11-24 23:00:00,2023-11-25 03:02:49,Critical,Hardware,Infrastructure
2482,2023-08-15 11:00:00,2023-08-15 13:45:55,Critical,Hardware,Support_Team_B
2483,2023-02-08 03:00:00,2023-02-08 07:35:20,High,Database,Support_Team_A
2484,2023-01-15 11:00:00,2023-01-16 10:17:04,Low,Software,DB_Admin
2485,2023-07-22 13:00:00,2023-07-23 10:33:37,Low,Database,Security
2486,2023-04-07 19:00:00,2023-04-08 12:09:45,Low,Hardware,Support_Team_A
2487,2023-06-04 17:00:00,2023-06-04 19:23:09,Critical,Access,Support_Team_B
2488,2023-08-30 04:00:00,2023-08-30 11:44:08,High,Hardware,Security
2489,2023-03-18 17:00:00,2023-03-18 20:41:49,Critical,Hardware,Support_Team_A
2490,2023-06-03 06:00:00,2023-06-04 03:57:33,Low,Network,Infrastructure
2491,2023-02-22 01:00:00,2023-02-22 08:22:37,High,Software,Infrastructure
2492,2023-02-27 21:00:00,2023-03-01 00:56:44,Low,Database,Support_Team_B
2493,2023-05-02 13:00:00,2023-05-02 16:42:05,Critical,Database,Infrastructure
2494,2023-05-04 19:00:00,2023-05-04 21:27:29,Critical,Hardware,Infrastructure
2495,2023-07-15 22:00:00,2023-07-16 01:58:28,High,Software,Infrastructure
2496,2023-12-07 19:00:00,2023-12-08 02:03:06,High,Network,Support_Team_A
2497,2023-01-02 11:00:00,2023-01-02 21:25:44,Medium,Hardware,Infrastructure
2498,2023-04-11 21:00:00,2023-04-12 00:11:29,Critical,Access,Security
2499,2023-02-15 22:00:00,2023-02-16 21:18:39,Low,Database,Security
2500,2023-07-10 02:00:00,2023-07-10 11:10:43,Medium,Software,Infrastructure
2501,2023-03-29 01:00:00,2023-03-29 11:46:40,Medium,Access,Infrastructure
2502,2023-08-06 23:00:00,2023-08-07 01:13:05,Critical,Access,Security
2503,2023-10-10 14:00:00,2023-10-10 21:50:37,High,Hardware,Support_Team_B
2504,2023-09-19 14:00:00,2023-09-19 17:02:29,Critical,Database,Security
2505,2023-12-31 09:00:00,2023-12-31 13:47:40,Critical,Database,DB_Admin
2506,2023-06-07 02:00:00,2023-06-07 05:03:53,Critical,Software,DB_Admin
2507,2023-10-15 23:00:00,2023-10-16 16:54:39,Medium,Software,Support_Team_B
2508,2023-09-04 22:00:00,2023-09-05 09:28:36,Low,Hardware,Support_Team_A
2509,2023-09-05 09:00:00,2023-09-05 11:30:17,Critical,Hardware,Support_Team_A
2510,2023-02-10 16:00:00,2023-02-10 23:14:13,High,Network,Support_Team_B
2511,2023-07-21 04:00:00,2023-07-21 07:07:27,Critical,Hardware,DB_Admin
2512,2023-10-15 10:00:00,2023-10-15 22:28:50,Medium,Hardware,Support_Team_B
2513,2023-02-08 03:00:00,2023-02-08 16:44:05,Medium,Software,Support_Team_B
2514,2023-09-15 16:00:00,2023-09-16 08:38:41,Low,Access,Infrastructure
2515,2023-02-06 22:00:00,2023-02-07 16:53:13,Low,Database,Support_Team_A
2516,2023-11-22 12:00:00,2023-11-23 00:57:14,Medium,Software,Support_Team_B
2517,2023-09-07 08:00:00,2023-09-07 19:47:24,Medium,Software,Support_Team_B
2518,2023-02-22 14:00:00,2023-02-23 11:04:42,Low,Database,Security
2519,2023-04-13 04:00:00,2023-04-13 17:50:12,Medium,Access,Support_Team_B
2520,2023-12-27 01:00:00,2023-12-27 07:43:04,High,Access,Security
2521,2023-08-19 06:00:00,2023-08-19 10:34:00,Critical,Software,Infrastructure
2522,2023-03-17 22:00:00,2023-03-18 10:42:09,Medium,Software,Support_Team_A
2523,2023-04-29 11:00:00,2023-04-30 05:01:28,Medium,Software,Security
2524,2023-10-17 04:00:00,2023-10-17 08:35:56,Critical,Database,Infrastructure
2525,2023-12-09 14:00:00,2023-12-09 19:11:59,High,Hardware,Security
2526,2023-04-18 01:00:00,2023-04-18 02:47:41,High,Software,DB_Admin
2527,2023-09-15 17:00:00,2023-09-16 02:48:53,Medium,Hardware,Security
2528,2023-02-08 05:00:00,2023-02-08 22:15:14,Medium,Access,Support_Team_B
2529,2023-02-22 16:00:00,2023-02-22 19:07:24,Critical,Access,Infrastructure
2530,2023-10-04 13:00:00,2023-10-04 14:52:37,Critical,Hardware,Support_Team_A
2531,2023-09-11 14:00:00,2023-09-11 15:23:32,Critical,Hardware,Infrastructure
2532,2023-03-16 00:00:00,2023-03-16 18:36:06,Low,Software,Infrastructure
2533,2023-08-18 00:00:00,2023-08-18 20:49:50,Low,Hardware,Infrastructure
2534,2023-04-22 02:00:00,2023-04-22 17:43:21,Low,Software,Support_Team_B
2535,2023-01-08 11:00:00,2023-01-08 19:02:09,High,Hardware,DB_Admin
2536,2023-05-18 17:00:00,2023-05-19 12:06:23,Low,Hardware,Infrastructure
2537,2023-02-28 01:00:00,2023-02-28 22:07:52,Low,Database,Security
2538,2023-02-01 04:00:00,2023-02-01 15:20:15,Low,Network,Support_Team_A
2539,2023-07-30 16:00:00,2023-07-31 09:42:54,Low,Network,Infrastructure
2540,2023-09-29 19:00:00,2023-09-30 04:30:33,Medium,Network,Security
2541,2023-08-31 22:00:00,2023-09-01 09:19:29,Medium,Software,Infrastructure
2542,2023-10-06 00:00:00,2023-10-06 07:36:57,Low,Database,Support_Team_B
2543,2023-01-17 04:00:00,2023-01-17 07:54:35,Critical,Access,DB_Admin
2544,2023-01-26 12:00:00,2023-01-26 16:40:39,High,Hardware,Support_Team_B
2545,2023-11-13 03:00:00,2023-11-13 22:36:37,Low,Software,Support_Team_B
2546,2023-05-28 05:00:00,2023-05-28 17:53:45,Medium,Hardware,DB_Admin
2547,2023-12-19 11:00:00,2023-12-19 14:26:44,High,Access,Support_Team_B
2548,2023-08-20 10:00:00,2023-08-20 14:19:39,High,Network,DB_Admin
2549,2023-10-22 03:00:00,2023-10-23 04:23:11,Low,Access,Support_Team_B
2550,2023-05-23 13:00:00,2023-05-24 10:21:45,Low,Hardware,DB_Admin
2551,2023-12-06 15:00:00,2023-12-07 12:27:31,Low,Software,Support_Team_B
2552,2023-07-31 07:00:00,2023-08-01 02:59:49,Low,Access,Support_Team_A
2553,2023-11-07 11:00:00,2023-11-07 16:22:41,High,Hardware,Infrastructure
2554,2023-04-21 05:00:00,2023-04-22 04:20:49,Low,Network,DB_Admin
2555,2023-09-06 00:00:00,2023-09-06 08:22:29,High,Software,Support_Team_A
2556,2023-05-03 07:00:00,2023-05-03 10:25:49,Critical,Network,Security
2557,2023-06-24 18:00:00,2023-06-24 21:05:12,Critical,Hardware,Support_Team_A
2558,2023-11-30 07:00:00,2023-12-01 00:20:08,Low,Network,Infrastructure
2559,2023-10-01 16:00:00,2023-10-01 19:08:47,Critical,Database,Support_Team_B
2560,2023-10-28 22:00:00,2023-10-29 00:59:18,High,Database,DB_Admin
2561,2023-08-03 02:00:00,2023-08-03 07:02:34,High,Software,Security
2562,2023-12-12 09:00:00,2023-12-12 12:37:53,Critical,Network,Support_Team_A
2563,2023-02-08 22:00:00,2023-02-09 10:01:28,Medium,Database,Support_Team_A
2564,2023-04-16 12:00:00,2023-04-17 10:38:24,Low,Network,Security
2565,2023-04-19 00:00:00,2023-04-19 02:58:01,Critical,Software,Support_Team_B
2566,2023-09-23 00:00:00,2023-09-23 02:50:36,Critical,Software,Infrastructure
2567,2023-11-15 00:00:00,2023-11-15 02:52:31,Critical,Database,Security
2568,2023-03-16 11:00:00,2023-03-17 06:15:31,Low,Hardware,Support_Team_A
2569,2023-09-28 23:00:00,2023-09-29 02:34:15,Critical,Hardware,Security
2570,2023-08-13 09:00:00,2023-08-14 05:35:30,Low,Network,Infrastructure
2571,2023-11-28 23:00:00,2023-11-29 10:45:05,Medium,Access,Support_Team_A
2572,2023-07-10 00:00:00,2023-07-10 03:00:33,Critical,Software,DB_Admin
2573,2023-04-17 07:00:00,2023-04-17 08:36:28,Critical,Hardware,Support_Team_B
2574,2023-08-07 13:00:00,2023-08-08 04:36:05,Low,Database,Security
2575,2023-02-12 14:00:00,2023-02-12 22:10:22,High,Access,Security
2576,2023-05-26 16:00:00,2023-05-27 21:32:14,Low,Hardware,Support_Team_A
2577,2023-10-16 17:00:00,2023-10-16 23:01:45,High,Network,Support_Team_B
2578,2023-02-27 01:00:00,2023-02-27 15:51:19,Medium,Software,Infrastructure
2579,2023-10-04 12:00:00,2023-10-05 05:09:57,Low,Network,Security
2580,2023-10-14 12:00:00,2023-10-14 17:19:30,Medium,Network,Support_Team_B
2581,2023-02-06 16:00:00,2023-02-07 13:15:36,Low,Access,Infrastructure
2582,2023-07-22 16:00:00,2023-07-22 22:44:35,Medium,Hardware,Infrastructure
2583,2023-10-14 02:00:00,2023-10-14 04:28:02,Critical,Access,DB_Admin
2584,2023-04-20 16:00:00,2023-04-20 18:55:58,Critical,Network,DB_Admin
2585,2023-09-23 15:00:00,2023-09-24 06:53:29,Low,Database,DB_Admin
2586,2023-05-16 13:00:00,2023-05-17 06:44:46,Low,Database,DB_Admin
2587,2023-04-09 17:00:00,2023-04-10 00:46:32,High,Network,Support_Team_A
2588,2023-04-13 17:00:00,2023-04-13 18:28:30,Critical,Hardware,Security
2589,2023-08-05 00:00:00,2023-08-05 19:19:51,Low,Access,Infrastructure
2590,2023-12-22 11:00:00,2023-12-23 09:29:56,Low,Access,Support_Team_B
2591,2023-11-03 17:00:00,2023-11-04 13:26:12,Low,Software,Support_Team_B
2592,2023-05-09 02:00:00,2023-05-09 05:32:17,Critical,Database,Support_Team_B
2593,2023-09-15 17:00:00,2023-09-16 12:03:33,Medium,Network,Support_Team_B
2594,2023-05-11 11:00:00,2023-05-12 08:39:11,Low,Network,Infrastructure
2595,2023-01-12 01:00:00,2023-01-12 06:39:22,High,Network,DB_Admin
2596,2023-03-27 03:00:00,2023-03-27 06:05:59,Critical,Access,Security
2597,2023-10-08 03:00:00,2023-10-08 06:32:27,High,Network,DB_Admin
2598,2023-10-18 17:00:00,2023-10-18 18:01:03,High,Software,Support_Team_B
2599,2023-11-10 05:00:00,2023-11-10 07:08:26,Critical,Network,Support_Team_B
2600,2023-04-22 00:00:00,2023-04-22 01:07:48,Critical,Access,Infrastructure
2601,2023-10-26 15:00:00,2023-10-26 23:23:48,High,Database,Support_Team_A
2602,2023-03-01 19:00:00,2023-03-02 12:53:31,Low,Software,Support_Team_A
2603,2023-10-08 18:00:00,2023-10-09 19:46:29,Low,Access,DB_Admin
2604,2023-03-10 01:00:00,2023-03-10 03:48:19,Critical,Database,DB_Admin
2605,2023-01-23 06:00:00,2023-01-23 13:42:35,High,Access,Support_Team_B
2606,2023-06-02 03:00:00,2023-06-02 05:59:12,Critical,Database,Security
2607,2023-03-20 03:00:00,2023-03-20 17:01:39,Medium,Access,Support_Team_A
2608,2023-08-28 08:00:00,2023-08-28 12:01:39,Critical,Access,Security
2609,2023-01-06 04:00:00,2023-01-06 10:30:07,High,Hardware,DB_Admin
2610,2023-07-13 14:00:00,2023-07-13 23:13:58,High,Network,Infrastructure
2611,2023-10-11 02:00:00,2023-10-11 11:50:00,Medium,Software,Security
2612,2023-01-23 07:00:00,2023-01-24 05:26:01,Low,Software,Support_Team_B
2613,2023-09-13 14:00:00,2023-09-13 20:54:40,High,Network,Support_Team_B
2614,2023-10-21 13:00:00,2023-10-22 05:44:44,Medium,Database,Security
2615,2023-05-12 12:00:00,2023-05-12 16:40:39,Critical,Software,DB_Admin
2616,2023-10-20 22:00:00,2023-10-21 06:02:29,Medium,Access,Support_Team_B
2617,2023-10-03 04:00:00,2023-10-03 08:21:40,High,Database,Support_Team_B
2618,2023-10-26 14:00:00,2023-10-27 05:47:49,Medium,Software,Support_Team_B
2619,2023-12-11 05:00:00,2023-12-11 22:30:53,Low,Database,Security
2620,2023-06-27 15:00:00,2023-06-28 07:36:41,Medium,Network,Support_Team_B
2621,2023-03-05 15:00:00,2023-03-06 16:31:56,Low,Software,Security
2622,2023-01-08 21:00:00,2023-01-09 09:17:12,Medium,Software,DB_Admin
2623,2023-02-23 18:00:00,2023-02-23 21:05:05,Critical,Software,Support_Team_B
2624,2023-11-06 17:00:00,2023-11-06 21:35:18,High,Hardware,Support_Team_B
2625,2023-06-01 09:00:00,2023-06-01 17:29:40,High,Hardware,DB_Admin
2626,2023-06-17 10:00:00,2023-06-17 13:04:28,Critical,Network,Support_Team_A
2627,2023-07-07 17:00:00,2023-07-08 13:06:45,Low,Hardware,Support_Team_A
2628,2023-03-12 14:00:00,2023-03-13 12:27:36,Low,Access,DB_Admin
2629,2023-03-25 18:00:00,2023-03-26 13:31:27,Low,Hardware,Infrastructure
2630,2023-06-28 20:00:00,2023-06-29 13:05:23,Medium,Software,Support_Team_A
2631,2023-12-04 09:00:00,2023-12-04 11:12:57,High,Hardware,Security
2632,2023-03-10 17:00:00,2023-03-10 19:03:12,Critical,Software,Security
2633,2023-02-20 05:00:00,2023-02-20 07:28:24,Critical,Software,Support_Team_B
2634,2023-10-14 15:00:00,2023-10-14 16:47:11,Critical,Network,Security
2635,2023-04-20 23:00:00,2023-04-21 06:18:44,Medium,Network,Support_Team_A
2636,2023-05-02 23:00:00,2023-05-03 12:01:51,Low,Software,Infrastructure
2637,2023-08-25 17:00:00,2023-08-25 20:54:12,Critical,Database,DB_Admin
2638,2023-01-04 10:00:00,2023-01-05 00:51:00,Medium,Database,Infrastructure
2639,2023-03-25 00:00:00,2023-03-25 06:09:05,Medium,Database,Support_Team_A
2640,2023-01-16 17:00:00,2023-01-17 03:56:10,Medium,Hardware,Infrastructure
2641,2023-03-20 08:00:00,2023-03-20 22:26:47,Medium,Software,Infrastructure
2642,2023-04-05 14:00:00,2023-04-05 20:14:04,Medium,Software,Support_Team_B
2643,2023-07-02 16:00:00,2023-07-02 18:18:13,High,Access,Support_Team_B
2644,2023-03-04 18:00:00,2023-03-04 21:46:25,High,Database,Infrastructure
2645,2023-11-15 20:00:00,2023-11-15 22:43:52,Critical,Access,DB_Admin
2646,2023-10-01 00:00:00,2023-10-01 23:12:19,Medium,Network,Support_Team_B
2647,2023-05-16 02:00:00,2023-05-16 09:39:08,High,Access,Support_Team_A
2648,2023-08-01 17:00:00,2023-08-02 03:31:11,Medium,Hardware,Security
2649,2023-10-23 21:00:00,2023-10-24 00:30:00,Critical,Access,DB_Admin
2650,2023-07-05 11:00:00,2023-07-05 17:34:34,High,Database,Support_Team_A
2651,2023-09-19 11:00:00,2023-09-19 12:48:50,Critical,Hardware,DB_Admin
2652,2023-08-29 22:00:00,2023-08-30 04:55:27,High,Software,Security
2653,2023-04-25 04:00:00,2023-04-26 05:40:23,Low,Database,Infrastructure
2654,2023-10-07 18:00:00,2023-10-08 00:21:48,High,Database,DB_Admin
2655,2023-08-29 11:00:00,2023-08-29 12:06:37,Critical,Software,Support_Team_A
2656,2023-05-03 19:00:00,2023-05-04 01:54:52,High,Access,Support_Team_B
2657,2023-09-02 05:00:00,2023-09-02 15:51:28,Medium,Software,Support_Team_B
2658,2023-09-11 17:00:00,2023-09-12 01:25:47,High,Hardware,Infrastructure
2659,2023-03-25 11:00:00,2023-03-26 05:20:27,Low,Network,Support_Team_A
2660,2023-08-13 12:00:00,2023-08-13 19:14:13,Medium,Access,DB_Admin
2661,2023-08-08 12:00:00,2023-08-08 21:35:52,Medium,Database,Support_Team_A
2662,2023-09-21 05:00:00,2023-09-21 14:55:37,High,Database,Support_Team_B
2663,2023-12-26 22:00:00,2023-12-27 03:53:24,Medium,Software,DB_Admin
2664,2023-07-09 19:00:00,2023-07-10 13:03:43,Low,Database,Security
2665,2023-10-25 02:00:00,2023-10-25 09:20:43,High,Network,Support_Team_B
2666,2023-05-15 13:00:00,2023-05-16 16:01:17,Low,Access,Security
2667,2023-02-01 22:00:00,2023-02-02 05:42:13,High,Access,Support_Team_A
2668,2023-03-26 17:00:00,2023-03-26 19:56:23,Critical,Hardware,DB_Admin
2669,2023-08-12 03:00:00,2023-08-12 05:29:22,Critical,Hardware,DB_Admin
2670,2023-01-15 12:00:00,2023-01-15 16:56:25,High,Software,DB_Admin
2671,2023-01-04 04:00:00,2023-01-04 07:46:44,Critical,Network,Support_Team_B
2672,2023-10-02 23:00:00,2023-10-03 11:06:49,Low,Database,DB_Admin
2673,2023-01-27 16:00:00,2023-01-27 20:58:43,High,Software,Support_Team_A
2674,2023-11-17 18:00:00,2023-11-18 19:20:33,Low,Access,Infrastructure
2675,2023-07-07 12:00:00,2023-07-07 19:02:32,High,Network,Security
2676,2023-02-24 10:00:00,2023-02-24 15:09:25,High,Access,DB_Admin
2677,2023-02-02 03:00:00,2023-02-02 05:06:22,Critical,Network,Security
2678,2023-12-03 18:00:00,2023-12-04 13:05:13,Low,Network,DB_Admin
2679,2023-03-12 03:00:00,2023-03-12 15:50:38,Low,Hardware,Support_Team_A
2680,2023-01-08 02:00:00,2023-01-08 16:59:44,Medium,Software,Infrastructure
2681,2023-10-25 10:00:00,2023-10-25 14:05:11,Medium,Hardware,Support_Team_A
2682,2023-05-11 11:00:00,2023-05-11 16:07:47,High,Database,Support_Team_A
2683,2023-02-05 20:00:00,2023-02-05 22:51:33,High,Software,Support_Team_A
2684,2023-02-02 18:00:00,2023-02-02 22:01:52,High,Software,Infrastructure
2685,2023-08-13 19:00:00,2023-08-13 20:32:42,Critical,Network,Support_Team_B
2686,2023-04-05 01:00:00,2023-04-05 03:36:27,Critical,Software,Support_Team_B
2687,2023-08-06 23:00:00,2023-08-07 10:42:29,Medium,Database,Security
2688,2023-11-02 00:00:00,2023-11-02 10:31:37,Low,Database,DB_Admin
2689,2023-06-14 04:00:00,2023-06-14 06:59:47,Critical,Access,Infrastructure
2690,2023-08-08 18:00:00,2023-08-08 20:05:48,Critical,Hardware,Support_Team_A
2691,2023-06-30 02:00:00,2023-06-30 07:21:37,High,Software,Infrastructure
2692,2023-06-15 11:00:00,2023-06-16 02:43:53,Medium,Software,Support_Team_A
2693,2023-12-04 15:00:00,2023-12-05 14:58:25,Low,Hardware,Support_Team_A
2694,2023-05-28 13:00:00,2023-05-28 16:12:59,Critical,Access,Support_Team_B
2695,2023-11-29 21:00:00,2023-11-30 09:08:19,Low,Network,Support_Team_B
2696,2023-12-27 04:00:00,2023-12-27 08:31:03,High,Network,Security
2697,2023-04-16 03:00:00,2023-04-17 06:54:06,Low,Hardware,Support_Team_B
2698,2023-09-06 05:00:00,2023-09-06 07:30:10,Critical,Access,DB_Admin
2699,2023-12-17 12:00:00,2023-12-18 01:45:56,Medium,Access,Support_Team_B
2700,2023-02-16 20:00:00,2023-02-17 02:05:14,High,Access,Support_Team_B
2701,2023-07-29 16:00:00,2023-07-30 09:09:39,Low,Hardware,Security
2702,2023-03-15 03:00:00,2023-03-16 03:39:09,Low,Hardware,Support_Team_A
2703,2023-11-11 14:00:00,2023-11-12 04:01:55,Medium,Network,Support_Team_A
2704,2023-11-22 02:00:00,2023-11-22 04:39:39,Critical,Network,Infrastructure
2705,2023-03-22 18:00:00,2023-03-23 14:28:48,Low,Network,Security
2706,2023-05-25 18:00:00,2023-05-26 05:44:35,Medium,Access,DB_Admin
2707,2023-10-22 03:00:00,2023-10-22 08:15:21,High,Software,Security
2708,2023-07-06 02:00:00,2023-07-06 10:52:18,High,Software,Support_Team_A
2709,2023-09-19 03:00:00,2023-09-19 05:45:53,Critical,Hardware,Infrastructure
2710,2023-05-10 07:00:00,2023-05-10 09:24:19,Critical,Hardware,DB_Admin
2711,2023-07-08 08:00:00,2023-07-08 11:35:29,Critical,Database,Security
2712,2023-03-16 12:00:00,2023-03-17 06:05:37,Low,Hardware,Support_Team_A
2713,2023-05-30 21:00:00,2023-05-31 15:35:21,Low,Software,Support_Team_A
2714,2023-07-01 17:00:00,2023-07-02 03:27:14,Medium,Software,DB_Admin
2715,2023-03-10 23:00:00,2023-03-11 06:59:23,High,Hardware,DB_Admin
2716,2023-10-04 04:00:00,2023-10-04 06:40:18,Critical,Access,Support_Team_A
2717,2023-05-31 02:00:00,2023-05-31 08:21:19,High,Access,Support_Team_B
2718,2023-04-27 18:00:00,2023-04-28 08:22:49,Medium,Network,Infrastructure
2719,2023-07-16 14:00:00,2023-07-17 13:26:36,Low,Software,Support_Team_B
2720,2023-12-10 13:00:00,2023-12-10 15:06:51,Critical,Network,Support_Team_B
2721,2023-04-27 05:00:00,2023-04-27 10:02:11,High,Software,Support_Team_B
2722,2023-05-08 21:00:00,2023-05-09 01:19:27,High,Access,Support_Team_B
2723,2023-01-09 16:00:00,2023-01-09 19:28:24,Critical,Access,Infrastructure
2724,2023-01-15 05:00:00,2023-01-15 19:05:54,Medium,Network,Support_Team_A
2725,2023-04-27 13:00:00,2023-04-28 01:26:50,Low,Database,Infrastructure
2726,2023-11-20 11:00:00,2023-11-21 02:22:02,Low,Access,Support_Team_B
2727,2023-11-19 14:00:00,2023-11-20 09:35:14,Low,Software,Support_Team_A
2728,2023-07-18 10:00:00,2023-07-18 19:12:44,Medium,Database,DB_Admin
2729,2023-04-25 05:00:00,2023-04-25 19:12:01,Medium,Software,Support_Team_A
2730,2023-07-27 22:00:00,2023-07-28 01:57:09,High,Access,Security
2731,2023-08-28 11:00:00,2023-08-28 20:23:04,High,Access,Infrastructure
2732,2023-09-06 16:00:00,2023-09-06 18:29:49,Critical,Software,Infrastructure
2733,2023-07-25 13:00:00,2023-07-25 18:11:09,High,Database,DB_Admin
2734,2023-11-27 15:00:00,2023-11-28 05:10:12,Low,Network,DB_Admin
2735,2023-01-15 03:00:00,2023-01-15 13:24:24,Medium,Access,Support_Team_B
2736,2023-04-07 16:00:00,2023-04-07 23:22:32,High,Access,Support_Team_A
2737,2023-06-16 19:00:00,2023-06-16 22:47:35,Critical,Network,Support_Team_B
2738,2023-03-02 22:00:00,2023-03-03 18:55:56,Medium,Access,Support_Team_A
2739,2023-07-06 23:00:00,2023-07-07 01:50:54,Critical,Database,Support_Team_B
2740,2023-07-01 02:00:00,2023-07-01 08:41:57,High,Network,Security
2741,2023-10-12 20:00:00,2023-10-13 00:30:13,High,Network,Support_Team_B
2742,2023-01-29 01:00:00,2023-01-29 08:16:13,High,Database,Support_Team_A
2743,2023-10-23 21:00:00,2023-10-23 23:49:04,Critical,Database,Infrastructure
2744,2023-07-16 21:00:00,2023-07-18 02:09:13,Low,Software,Security
2745,2023-04-11 10:00:00,2023-04-11 13:22:55,Critical,Hardware,DB_Admin
2746,2023-07-17 19:00:00,2023-07-18 08:11:55,Medium,Network,Security
2747,2023-07-16 18:00:00,2023-07-17 18:43:15,Low,Network,Support_Team_A
2748,2023-11-06 20:00:00,2023-11-07 19:07:26,Low,Hardware,Infrastructure
2749,2023-03-26 06:00:00,2023-03-26 23:01:35,Low,Access,Infrastructure
2750,2023-01-04 11:00:00,2023-01-04 13:42:54,Critical,Network,Support_Team_A
2751,2023-02-04 01:00:00,2023-02-04 09:13:17,High,Hardware,Infrastructure
2752,2023-07-13 09:00:00,2023-07-13 20:09:08,Medium,Software,Infrastructure
2753,2023-04-08 09:00:00,2023-04-08 20:41:08,Medium,Access,DB_Admin
2754,2023-02-25 02:00:00,2023-02-25 09:52:59,High,Hardware,Support_Team_A
2755,2023-11-20 00:00:00,2023-11-20 03:20:10,High,Hardware,Security
2756,2023-10-16 11:00:00,2023-10-16 14:55:20,Critical,Software,Infrastructure
2757,2023-07-26 04:00:00,2023-07-26 10:26:00,High,Hardware,DB_Admin
2758,2023-10-25 12:00:00,2023-10-25 16:47:36,High,Database,Support_Team_B
2759,2023-05-17 04:00:00,2023-05-17 08:14:37,High,Hardware,Security
2760,2023-05-17 04:00:00,2023-05-17 10:19:40,High,Network,Support_Team_A
2761,2023-07-22 23:00:00,2023-07-23 03:04:30,Critical,Database,Support_Team_B
2762,2023-09-14 15:00:00,2023-09-14 17:24:43,Critical,Software,Support_Team_B
2763,2023-12-26 11:00:00,2023-12-26 12:19:39,Critical,Network,DB_Admin
2764,2023-09-02 02:00:00,2023-09-02 04:15:18,Critical,Network,Security
2765,2023-11-15 11:00:00,2023-11-15 14:48:55,Critical,Access,Security
2766,2023-01-19 21:00:00,2023-01-20 11:05:38,Low,Access,Support_Team_A
2767,2023-04-06 23:00:00,2023-04-07 04:24:14,High,Hardware,DB_Admin
2768,2023-12-16 15:00:00,2023-12-16 19:36:17,High,Hardware,DB_Admin
2769,2023-07-20 06:00:00,2023-07-20 20:25:27,Low,Access,Support_Team_B
2770,2023-10-03 01:00:00,2023-10-03 18:14:07,Low,Access,DB_Admin
2771,2023-11-11 04:00:00,2023-11-12 04:26:41,Low,Software,Support_Team_A
2772,2023-07-04 10:00:00,2023-07-05 12:37:00,Low,Network,DB_Admin
2773,2023-03-08 11:00:00,2023-03-08 17:58:55,High,Database,Security
2774,2023-08-15 04:00:00,2023-08-15 23:41:28,Low,Software,DB_Admin
2775,2023-12-15 17:00:00,2023-12-16 06:27:52,Low,Hardware,DB_Admin
2776,2023-04-09 09:00:00,2023-04-09 12:14:12,Critical,Hardware,Support_Team_B
2777,2023-04-16 15:00:00,2023-04-16 22:02:38,High,Network,Support_Team_A
2778,2023-11-28 01:00:00,2023-11-28 07:38:30,Medium,Software,Support_Team_A
2779,2023-01-01 00:00:00,2023-01-01 10:28:07,Medium,Database,Support_Team_A
2780,2023-12-21 20:00:00,2023-12-22 18:12:08,Low,Hardware,Support_Team_B
2781,2023-03-12 17:00:00,2023-03-12 20:18:51,Critical,Software,DB_Admin
2782,2023-10-30 23:00:00,2023-10-31 00:54:50,Critical,Software,Support_Team_A
2783,2023-07-24 17:00:00,2023-07-24 20:23:41,Critical,Access,Support_Team_B
2784,2023-06-10 09:00:00,2023-06-10 15:21:38,High,Database,Security
2785,2023-03-26 02:00:00,2023-03-26 04:49:01,Critical,Hardware,Support_Team_A
2786,2023-05-07 03:00:00,2023-05-07 20:52:57,Medium,Hardware,Support_Team_B
2787,2023-12-16 04:00:00,2023-12-16 19:35:35,Medium,Access,Security
2788,2023-07-17 23:00:00,2023-07-18 04:51:07,High,Software,DB_Admin
2789,2023-12-03 12:00:00,2023-12-03 15:55:22,High,Network,Security
2790,2023-09-21 09:00:00,2023-09-22 02:59:08,Low,Access,Security
2791,2023-10-18 00:00:00,2023-10-18 08:06:38,Medium,Software,Infrastructure
2792,2023-11-09 00:00:00,2023-11-10 07:20:41,Low,Database,Security
2793,2023-01-08 12:00:00,2023-01-08 19:47:20,High,Software,DB_Admin
2794,2023-10-31 10:00:00,2023-11-01 00:04:15,Low,Network,Support_Team_B
2795,2023-11-16 10:00:00,2023-11-16 13:10:43,Critical,Network,Support_Team_A
2796,2023-04-19 01:00:00,2023-04-19 08:31:40,High,Database,DB_Admin
2797,2023-05-24 21:00:00,2023-05-25 05:00:24,High,Database,Security
2798,2023-12-17 05:00:00,2023-12-18 05:07:37,Low,Hardware,Support_Team_B
2799,2023-08-29 04:00:00,2023-08-29 09:18:28,High,Access,Support_Team_B
2800,2023-07-10 00:00:00,2023-07-10 06:58:03,High,Access,Support_Team_A
2801,2023-11-27 05:00:00,2023-11-27 07:52:44,Critical,Access,DB_Admin
2802,2023-05-04 03:00:00,2023-05-04 09:54:00,High,Hardware,Infrastructure
2803,2023-08-26 15:00:00,2023-08-26 17:55:06,Critical,Software,Support_Team_A
2804,2023-01-21 03:00:00,2023-01-21 17:18:36,Medium,Hardware,Support_Team_A
2805,2023-03-14 12:00:00,2023-03-14 14:37:00,Critical,Access,Infrastructure
2806,2023-06-08 01:00:00,2023-06-08 11:55:19,Medium,Software,Support_Team_B
2807,2023-09-20 04:00:00,2023-09-20 08:30:06,Critical,Software,Support_Team_A
2808,2023-06-20 23:00:00,2023-06-21 17:41:41,Low,Software,Support_Team_A
2809,2023-10-29 10:00:00,2023-10-29 15:48:41,High,Database,Support_Team_A
2810,2023-04-29 19:00:00,2023-04-30 01:19:36,High,Software,Security
2811,2023-09-15 19:00:00,2023-09-16 11:33:05,Medium,Database,DB_Admin
2812,2023-05-17 08:00:00,2023-05-17 19:40:56,Medium,Network,Security
2813,2023-10-26 16:00:00,2023-10-27 00:34:00,High,Hardware,Support_Team_B
2814,2023-04-21 15:00:00,2023-04-21 18:37:13,Critical,Database,Support_Team_B
2815,2023-02-28 17:00:00,2023-02-28 23:21:10,Low,Software,Support_Team_B
2816,2023-01-23 16:00:00,2023-01-24 01:42:18,Medium,Software,Infrastructure
2817,2023-10-06 13:00:00,2023-10-07 10:34:52,Low,Network,Support_Team_B
2818,2023-12-27 13:00:00,2023-12-27 15:30:02,Critical,Hardware,Support_Team_B
2819,2023-11-20 09:00:00,2023-11-20 16:24:59,High,Network,DB_Admin
2820,2023-04-05 02:00:00,2023-04-06 07:26:47,Low,Access,Security
2821,2023-09-14 18:00:00,2023-09-16 00:40:35,Low,Database,Support_Team_A
2822,2023-03-28 19:00:00,2023-03-28 23:57:09,High,Software,Support_Team_A
2823,2023-12-07 10:00:00,2023-12-08 05:47:45,Medium,Software,DB_Admin
2824,2023-08-14 21:00:00,2023-08-15 22:53:09,Low,Hardware,Infrastructure
2825,2023-06-21 14:00:00,2023-06-21 16:33:10,Critical,Network,Support_Team_A
2826,2023-04-18 18:00:00,2023-04-18 22:33:15,High,Software,DB_Admin
2827,2023-06-14 19:00:00,2023-06-15 00:30:21,High,Access,DB_Admin
2828,2023-02-08 16:00:00,2023-02-09 09:32:45,Low,Database,Security
2829,2023-06-29 13:00:00,2023-06-30 04:45:19,Low,Software,Infrastructure
2830,2023-10-15 16:00:00,2023-10-15 21:51:37,High,Hardware,Infrastructure
2831,2023-02-10 13:00:00,2023-02-11 03:45:46,Medium,Hardware,DB_Admin
2832,2023-08-14 00:00:00,2023-08-14 22:17:53,Low,Hardware,Security
2833,2023-02-19 18:00:00,2023-02-20 10:00:57,Low,Network,Support_Team_A
2834,2023-10-12 03:00:00,2023-10-13 01:32:17,Low,Database,Security
2835,2023-03-30 09:00:00,2023-03-30 21:45:19,High,Software,Support_Team_A
2836,2023-01-25 07:00:00,2023-01-25 10:01:48,Critical,Database,Support_Team_B
2837,2023-08-28 02:00:00,2023-08-28 06:20:39,Critical,Access,Infrastructure
2838,2023-06-05 11:00:00,2023-06-06 13:55:21,Low,Software,Support_Team_A
2839,2023-05-14 22:00:00,2023-05-15 02:25:20,Critical,Software,DB_Admin
2840,2023-11-26 03:00:00,2023-11-26 23:16:00,Low,Access,Security
2841,2023-03-27 11:00:00,2023-03-27 14:05:50,Critical,Access,DB_Admin
2842,2023-04-05 01:00:00,2023-04-05 19:52:00,Low,Access,Support_Team_A
2843,2023-09-09 00:00:00,2023-09-09 04:28:13,High,Hardware,Infrastructure
2844,2023-10-26 00:00:00,2023-10-26 21:11:21,Low,Hardware,Support_Team_B
2845,2023-03-04 19:00:00,2023-03-05 14:57:29,Low,Hardware,Security
2846,2023-02-01 06:00:00,2023-02-02 04:23:39,Low,Hardware,Support_Team_A
2847,2023-02-22 07:00:00,2023-02-23 01:59:02,Low,Hardware,Security
2848,2023-05-04 06:00:00,2023-05-04 09:14:19,High,Software,Infrastructure
2849,2023-08-27 16:00:00,2023-08-27 18:26:45,Medium,Network,Support_Team_B
2850,2023-09-29 13:00:00,2023-09-29 15:47:22,Critical,Software,Support_Team_A
2851,2023-02-22 03:00:00,2023-02-22 07:43:19,High,Database,Support_Team_B
2852,2023-12-04 20:00:00,2023-12-05 00:27:31,High,Hardware,Security
2853,2023-07-26 15:00:00,2023-07-26 19:42:56,High,Database,Infrastructure
2854,2023-06-16 17:00:00,2023-06-16 23:04:07,High,Network,DB_Admin
2855,2023-12-10 16:00:00,2023-12-11 11:49:37,Low,Software,Infrastructure
2856,2023-10-08 11:00:00,2023-10-08 13:39:28,Critical,Network,Support_Team_A
2857,2023-05-19 23:00:00,2023-05-20 09:31:11,Medium,Database,Support_Team_B
2858,2023-07-28 04:00:00,2023-07-28 18:15:16,Medium,Software,Infrastructure
2859,2023-04-07 21:00:00,2023-04-08 06:06:03,Low,Hardware,Security
2860,2023-11-06 18:00:00,2023-11-07 13:03:51,Low,Software,Security
2861,2023-01-24 01:00:00,2023-01-24 05:54:43,High,Network,DB_Admin
2862,2023-09-20 06:00:00,2023-09-20 11:13:22,High,Software,Support_Team_A
2863,2023-07-10 12:00:00,2023-07-10 14:08:40,Critical,Access,Support_Team_A
2864,2023-09-19 04:00:00,2023-09-19 07:36:34,Critical,Access,Support_Team_A
2865,2023-06-03 05:00:00,2023-06-03 20:18:59,Medium,Access,Support_Team_B
2866,2023-10-22 06:00:00,2023-10-23 04:56:31,Low,Network,Support_Team_A
2867,2023-08-26 10:00:00,2023-08-27 22:26:19,Low,Database,Infrastructure
2868,2023-06-29 05:00:00,2023-06-29 17:29:27,Medium,Software,Infrastructure
2869,2023-10-24 07:00:00,2023-10-24 11:25:26,Critical,Software,Support_Team_A
2870,2023-09-22 22:00:00,2023-09-23 01:26:33,High,Database,Security
2871,2023-10-17 08:00:00,2023-10-17 13:15:02,High,Hardware,Security
2872,2023-11-16 00:00:00,2023-11-16 11:54:23,Medium,Hardware,Support_Team_A
2873,2023-07-11 14:00:00,2023-07-11 18:22:20,High,Software,Support_Team_B
2874,2023-07-21 22:00:00,2023-07-22 06:31:30,High,Database,Security
2875,2023-01-27 08:00:00,2023-01-27 13:31:04,High,Network,Infrastructure
2876,2023-06-21 00:00:00,2023-06-21 22:46:05,Low,Software,Infrastructure
2877,2023-08-08 03:00:00,2023-08-08 11:11:56,High,Hardware,Security
2878,2023-11-12 21:00:00,2023-11-13 22:55:30,Low,Access,Support_Team_A
2879,2023-11-15 10:00:00,2023-11-16 02:39:29,Low,Network,Security
2880,2023-05-29 17:00:00,2023-05-29 19:42:58,Critical,Software,DB_Admin
2881,2023-02-24 07:00:00,2023-02-24 10:33:16,High,Database,DB_Admin
2882,2023-08-03 09:00:00,2023-08-04 00:54:05,Low,Access,Support_Team_B
2883,2023-06-26 03:00:00,2023-06-26 06:33:49,High,Network,Security
2884,2023-03-28 20:00:00,2023-03-29 01:43:05,Medium,Hardware,Support_Team_B
2885,2023-02-03 20:00:00,2023-02-04 08:44:52,Medium,Software,Support_Team_A
2886,2023-05-06 18:00:00,2023-05-06 21:54:49,Critical,Database,Infrastructure
2887,2023-01-29 15:00:00,2023-01-30 08:11:06,Medium,Software,Infrastructure
2888,2023-06-25 17:00:00,2023-06-26 20:15:34,Low,Network,DB_Admin
2889,2023-01-31 12:00:00,2023-02-01 04:32:20,Medium,Network,Support_Team_A
2890,2023-02-22 21:00:00,2023-02-22 22:53:02,Critical,Software,DB_Admin
2891,2023-02-22 20:00:00,2023-02-23 03:25:41,Medium,Hardware,Infrastructure
2892,2023-09-11 12:00:00,2023-09-11 14:45:07,Critical,Software,Security
2893,2023-07-13 06:00:00,2023-07-13 15:17:44,Medium,Software,Infrastructure
2894,2023-09-03 22:00:00,2023-09-04 02:49:03,High,Access,Infrastructure
2895,2023-11-18 07:00:00,2023-11-18 15:25:55,High,Database,Support_Team_A
2896,2023-04-20 10:00:00,2023-04-20 15:07:41,High,Software,Infrastructure
2897,2023-04-13 10:00:00,2023-04-14 08:46:37,Low,Software,DB_Admin
2898,2023-05-25 08:00:00,2023-05-25 15:07:44,High,Database,DB_Admin
2899,2023-08-23 20:00:00,2023-08-24 13:11:01,Medium,Access,DB_Admin
2900,2023-01-23 06:00:00,2023-01-24 04:05:36,Medium,Access,Support_Team_A
2901,2023-02-22 18:00:00,2023-02-23 07:56:42,Medium,Database,DB_Admin
2902,2023-10-13 09:00:00,2023-10-14 02:16:43,Low,Database,Support_Team_A
2903,2023-11-19 10:00:00,2023-11-19 15:36:08,Critical,Network,Infrastructure
2904,2023-05-14 03:00:00,2023-05-14 08:15:56,High,Hardware,Infrastructure
2905,2023-06-15 22:00:00,2023-06-16 04:26:05,High,Hardware,Security
2906,2023-08-03 21:00:00,2023-08-04 15:25:40,Low,Hardware,Security
2907,2023-10-07 20:00:00,2023-10-08 00:31:21,High,Software,Infrastructure
2908,2023-12-12 04:00:00,2023-12-13 12:32:29,Low,Network,Security
2909,2023-06-07 06:00:00,2023-06-07 09:10:46,Critical,Access,Support_Team_B
2910,2023-03-27 12:00:00,2023-03-27 22:59:34,Medium,Access,DB_Admin
2911,2023-04-05 07:00:00,2023-04-05 16:01:08,High,Network,Infrastructure
2912,2023-08-03 06:00:00,2023-08-04 04:32:57,Low,Software,Security
2913,2023-10-15 10:00:00,2023-10-16 01:56:37,Medium,Database,Security
2914,2023-05-16 05:00:00,2023-05-16 23:42:51,Medium,Access,Support_Team_A
2915,2023-04-24 20:00:00,2023-04-25 23:19:45,Low,Access,Infrastructure
2916,2023-11-17 18:00:00,2023-11-18 09:35:27,Low,Hardware,Support_Team_A
2917,2023-10-22 12:00:00,2023-10-23 08:30:25,Low,Hardware,Support_Team_A
2918,2023-04-01 08:00:00,2023-04-01 11:00:27,Critical,Access,Infrastructure
2919,2023-03-29 00:00:00,2023-03-29 02:11:59,Critical,Database,Support_Team_B
2920,2023-07-20 06:00:00,2023-07-21 02:05:00,Low,Network,Infrastructure
2921,2023-03-15 13:00:00,2023-03-16 04:02:48,Low,Software,Infrastructure
2922,2023-11-03 10:00:00,2023-11-03 10:30:00,Critical,Access,Security
2923,2023-07-17 11:00:00,2023-07-17 15:45:44,Critical,Hardware,Support_Team_B
2924,2023-12-14 17:00:00,2023-12-15 20:25:10,Low,Hardware,Support_Team_A
2925,2023-09-10 12:00:00,2023-09-10 13:32:38,Critical,Access,Infrastructure
2926,2023-10-27 09:00:00,2023-10-27 23:30:44,Medium,Database,DB_Admin
2927,2023-07-10 16:00:00,2023-07-11 14:34:04,Low,Hardware,Infrastructure
2928,2023-12-03 18:00:00,2023-12-04 04:00:13,High,Software,DB_Admin
2929,2023-12-20 09:00:00,2023-12-20 10:19:43,Critical,Network,Infrastructure
2930,2023-09-20 04:00:00,2023-09-20 08:18:25,High,Hardware,Support_Team_B
2931,2023-01-29 15:00:00,2023-01-29 22:59:12,Medium,Access,DB_Admin
2932,2023-07-09 22:00:00,2023-07-10 05:03:30,High,Software,Infrastructure
2933,2023-07-14 10:00:00,2023-07-15 00:07:41,Medium,Software,Infrastructure
2934,2023-07-06 22:00:00,2023-07-07 00:53:09,Critical,Access,Support_Team_B
2935,2023-04-26 14:00:00,2023-04-26 17:32:56,High,Network,DB_Admin
2936,2023-03-14 10:00:00,2023-03-14 21:31:49,Medium,Network,Support_Team_B
2937,2023-03-07 12:00:00,2023-03-08 02:26:09,Medium,Database,DB_Admin
2938,2023-04-26 06:00:00,2023-04-27 03:29:56,Low,Database,Support_Team_A
2939,2023-05-14 05:00:00,2023-05-14 20:22:07,Low,Access,Support_Team_A
2940,2023-09-10 06:00:00,2023-09-11 00:54:47,Medium,Network,DB_Admin
2941,2023-10-19 03:00:00,2023-10-19 06:05:07,Critical,Database,Support_Team_B
2942,2023-11-06 19:00:00,2023-11-07 00:37:28,High,Software,Support_Team_A
2943,2023-10-31 09:00:00,2023-10-31 12:43:37,Critical,Access,Infrastructure
2944,2023-03-01 07:00:00,2023-03-01 20:52:06,Medium,Network,Support_Team_A
2945,2023-08-30 11:00:00,2023-08-30 23:50:39,Low,Hardware,Support_Team_A
2946,2023-08-12 07:00:00,2023-08-12 16:33:12,Medium,Database,Infrastructure
2947,2023-07-08 11:00:00,2023-07-08 15:06:41,Critical,Database,Support_Team_A
2948,2023-08-03 21:00:00,2023-08-05 01:01:09,Low,Access,Support_Team_A
2949,2023-12-22 20:00:00,2023-12-23 04:38:45,High,Hardware,DB_Admin
2950,2023-01-25 07:00:00,2023-01-25 17:40:07,Low,Hardware,Support_Team_B
2951,2023-09-14 19:00:00,2023-09-15 07:08:11,Medium,Hardware,Infrastructure
2952,2023-11-17 22:00:00,2023-11-18 07:45:04,Medium,Access,Support_Team_B
2953,2023-12-06 02:00:00,2023-12-06 06:22:49,High,Hardware,Support_Team_B
2954,2023-03-02 13:00:00,2023-03-03 07:16:16,Medium,Software,Security
2955,2023-02-15 22:00:00,2023-02-16 01:39:44,Critical,Database,DB_Admin
2956,2023-05-23 08:00:00,2023-05-23 14:20:31,Medium,Software,Security
2957,2023-06-29 14:00:00,2023-06-29 16:59:51,Critical,Database,Support_Team_B
2958,2023-08-27 01:00:00,2023-08-27 03:22:59,Critical,Database,Support_Team_B
2959,2023-07-24 20:00:00,2023-07-25 01:35:06,Medium,Network,Security
2960,2023-12-01 15:00:00,2023-12-01 18:06:16,Critical,Database,Infrastructure
2961,2023-11-25 08:00:00,2023-11-25 15:32:09,High,Software,Support_Team_B
2962,2023-03-18 17:00:00,2023-03-19 01:03:57,High,Access,Security
2963,2023-08-11 03:00:00,2023-08-11 14:08:46,Medium,Access,Support_Team_A
2964,2023-05-01 06:00:00,2023-05-01 06:40:28,Critical,Network,Support_Team_A
2965,2023-08-26 06:00:00,2023-08-26 09:01:41,Critical,Hardware,Security
2966,2023-11-30 22:00:00,2023-12-01 02:38:13,Critical,Hardware,Support_Team_A
2967,2023-07-18 14:00:00,2023-07-18 19:52:00,High,Database,Support_Team_B
2968,2023-10-07 05:00:00,2023-10-08 02:41:04,Low,Database,Infrastructure
2969,2023-06-28 14:00:00,2023-06-28 19:17:13,High,Access,Security
2970,2023-10-29 16:00:00,2023-10-29 18:22:35,Critical,Access,Infrastructure
2971,2023-02-07 07:00:00,2023-02-07 12:20:13,High,Access,Support_Team_B
2972,2023-08-20 23:00:00,2023-08-21 19:12:09,Low,Network,Security
2973,2023-10-07 18:00:00,2023-10-08 03:08:28,Medium,Database,Support_Team_B
2974,2023-05-21 18:00:00,2023-05-22 09:26:11,Low,Database,DB_Admin
2975,2023-08-14 01:00:00,2023-08-14 14:07:01,Medium,Database,DB_Admin
2976,2023-01-14 14:00:00,2023-01-15 13:09:46,Low,Access,Support_Team_A
2977,2023-08-16 12:00:00,2023-08-16 19:05:11,High,Database,Support_Team_A
2978,2023-02-03 14:00:00,2023-02-04 01:47:13,Medium,Network,DB_Admin
2979,2023-05-16 11:00:00,2023-05-16 20:07:45,Medium,Database,Security
2980,2023-06-06 13:00:00,2023-06-06 20:08:55,High,Hardware,Infrastructure
2981,2023-08-15 07:00:00,2023-08-15 09:23:17,Critical,Hardware,DB_Admin
2982,2023-06-19 18:00:00,2023-06-20 11:30:56,Low,Software,Support_Team_A
2983,2023-12-26 11:00:00,2023-12-27 03:56:38,Low,Database,Security
2984,2023-11-28 00:00:00,2023-11-28 18:00:13,Low,Hardware,Infrastructure
2985,2023-07-25 19:00:00,2023-07-26 18:57:31,Low,Hardware,Support_Team_B
2986,2023-01-24 01:00:00,2023-01-24 08:34:28,High,Software,Security
2987,2023-10-01 13:00:00,2023-10-02 01:10:32,Medium,Network,Support_Team_A
2988,2023-02-22 05:00:00,2023-02-22 20:52:30,Low,Database,Security
2989,2023-01-14 18:00:00,2023-01-15 11:59:18,Low,Database,DB_Admin
2990,2023-04-14 15:00:00,2023-04-15 17:55:27,Low,Database,Security
2991,2023-05-13 15:00:00,2023-05-13 18:35:40,High,Network,Security
2992,2023-12-16 18:00:00,2023-12-17 09:52:28,Low,Network,Infrastructure
2993,2023-11-10 06:00:00,2023-11-10 07:10:11,Medium,Software,Infrastructure
2994,2023-11-18 19:00:00,2023-11-18 20:37:29,Critical,Network,Security
2995,2023-03-05 12:00:00,2023-03-05 18:21:24,Medium,Access,DB_Admin
2996,2023-07-10 03:00:00,2023-07-10 05:41:56,Critical,Network,DB_Admin
2997,2023-12-12 20:00:00,2023-12-13 10:52:57,Medium,Access,Support_Team_A
2998,2023-12-06 07:00:00,2023-12-06 08:32:56,Critical,Network,DB_Admin
2999,2023-03-15 22:00:00,2023-03-15 23:49:07,Critical,Hardware,DB_Admin
3000,2023-01-17 23:00:00,2023-01-18 01:03:13,Critical,Hardware,Security
